datum,meldungen
2019-01-01,3
2019-01-10,1
2019-01-11,1
2019-01-12,1
2019-01-18,1
2019-01-19,3
2019-01-27,1
2019-03-16,1
2019-03-18,1
2019-03-28,1
2019-04-07,1
2019-05-13,1
2019-05-26,3
2019-05-30,1
2019-07-19,1
2019-08-13,1
2019-08-20,1
2019-08-22,2
2019-08-23,3
2019-08-25,6
2019-08-26,1
2019-08-27,1
2019-08-28,1
2019-08-30,1
2019-08-31,1
2019-09-01,1
2019-09-05,1
2019-09-08,24
2019-09-10,1
2019-09-11,2
2019-09-15,1
2019-09-20,2
2019-09-21,2
2019-09-22,9
2019-09-24,2
2019-09-26,2
2019-09-28,1
2019-09-29,4
2019-10-03,12
2019-10-05,2
2019-10-06,1
2019-10-07,6
2019-10-08,3
2019-10-09,10
2019-10-10,5
2019-10-11,1
2019-10-12,6
2019-10-13,31
2019-10-14,9
2019-10-16,1
2019-10-17,3
2019-10-18,1
2019-10-19,26
2019-10-20,4
2019-10-21,1
2019-10-22,2
2019-10-23,3
2019-10-25,5
2019-10-26,9
2019-10-27,5
2019-10-28,1
2019-10-29,1
2019-10-31,1
2019-11-01,6
2019-11-03,5
2019-11-04,4
2019-11-07,1
2019-11-08,7
2019-11-10,1
2019-11-12,1
2019-11-13,1
2019-11-14,1
2019-11-15,2
2019-11-16,6
2019-11-17,2
2019-11-20,2
2019-11-21,1
2019-11-22,8
2019-11-23,8
2019-11-24,4
2019-11-25,7
2019-11-28,5
2019-11-30,5
2019-12-01,6
2019-12-03,1
2019-12-04,3
2019-12-06,5
2019-12-08,2
2019-12-12,4
2019-12-19,7
2019-12-20,5
2019-12-21,1
2019-12-23,4
2019-12-25,8
2019-12-26,7
2019-12-27,16
2019-12-28,15
2019-12-29,7
2019-12-30,4
2019-12-31,1
2020-01-01,4
2020-01-04,8
2020-01-05,8
2020-01-07,2
2020-01-10,1
2020-01-11,1
2020-01-12,5
2020-01-16,4
2020-01-18,4
2020-01-19,25
2020-01-20,1
2020-01-22,4
2020-01-25,2
2020-01-27,1
2020-01-28,1
2020-01-29,1
2020-01-30,1
2020-01-31,1
2020-02-04,1
2020-02-05,5
2020-02-06,1
2020-02-08,3
2020-02-09,6
2020-02-10,1
2020-02-12,1
2020-02-14,4
2020-02-24,1
2020-02-25,1
2020-02-27,2
2020-02-28,1
2020-02-29,5
2020-03-01,1
2020-03-02,1
2020-03-03,1
2020-03-07,1
2020-03-08,1
2020-03-09,3
2020-03-11,1
2020-03-14,2
2020-03-15,4
2020-03-18,2
2020-03-21,4
2020-03-22,2
2020-03-24,2
2020-03-26,2
2020-03-28,5
2020-04-01,2
2020-04-06,4
2020-04-07,2
2020-04-08,5
2020-04-10,2
2020-04-11,1
2020-04-12,1
2020-04-18,1
2020-04-22,1
2020-04-26,1
2020-04-27,1
2020-04-30,1
2020-05-02,1
2020-05-03,4
2020-05-16,2
2020-05-19,1
2020-05-22,2
2020-05-23,1
2020-06-02,1
2020-06-06,2
2020-06-07,1
2020-06-08,2
2020-06-09,1
2020-06-10,1
2020-06-16,2
2020-06-25,1
2020-06-28,5
2020-07-04,2
2020-07-05,2
2020-07-11,2
2020-07-16,1
2020-07-18,3
2020-07-19,2
2020-07-23,1
2020-07-26,2
2020-07-28,2
2020-07-29,1
2020-07-30,4
2020-08-02,1
2020-08-03,1
2020-08-04,1
2020-08-06,1
2020-08-07,1
2020-08-12,1
2020-08-17,1
2020-08-19,2
2020-08-20,1
2020-08-22,1
2020-08-23,2
2020-08-25,1
2020-08-30,2
2020-09-01,2
2020-09-04,2
2020-09-06,4
2020-09-07,1
2020-09-09,3
2020-09-10,1
2020-09-11,1
2020-09-12,5
2020-09-14,4
2020-09-15,1
2020-09-17,6
2020-09-19,4
2020-09-20,3
2020-09-21,2
2020-09-22,1
2020-09-23,1
2020-09-25,1
2020-09-26,1
2020-09-28,3
2020-09-29,4
2020-09-30,1
2020-10-01,7
2020-10-02,1
2020-10-03,5
2020-10-04,1
2020-10-05,3
2020-10-06,1
2020-10-07,2
2020-10-09,6
2020-10-10,1
2020-10-11,9
2020-10-12,1
2020-10-15,2
2020-10-16,7
2020-10-17,13
2020-10-18,6
2020-10-19,5
2020-10-20,5
2020-10-21,1
2020-10-22,11
2020-10-23,3
2020-10-24,21
2020-10-25,21
2020-10-26,8
2020-10-27,11
2020-10-28,4
2020-10-29,1
2020-10-30,1
2020-10-31,6
2020-11-01,29
2020-11-02,9
2020-11-03,1
2020-11-04,6
2020-11-05,1
2020-11-06,1
2020-11-07,10
2020-11-09,2
2020-11-10,1
2020-11-11,7
2020-11-13,11
2020-11-14,11
2020-11-15,5
2020-11-17,1
2020-11-19,6
2020-11-20,1
2020-11-21,14
2020-11-22,3
2020-11-23,4
2020-11-25,4
2020-11-26,2
2020-11-27,2
2020-11-28,4
2020-11-30,1
2020-12-03,1
2020-12-04,3
2020-12-05,1
2020-12-06,1
2020-12-08,3
2020-12-10,1
2020-12-11,6
2020-12-12,4
2020-12-13,6
2020-12-17,1
2020-12-18,6
2020-12-19,10
2020-12-20,2
2020-12-21,4
2020-12-22,5
2020-12-23,2
2020-12-24,2
2020-12-25,5
2020-12-26,2
2020-12-27,6
2020-12-28,7
2020-12-29,1
2020-12-30,10
2020-12-31,6
2021-01-01,5
2021-01-02,2
2021-01-04,2
2021-01-05,4
2021-01-06,3
2021-01-08,1
2021-01-09,1
2021-01-10,1
2021-01-13,1
2021-01-14,1
2021-01-16,1
2021-01-17,4
2021-01-18,1
2021-01-19,1
2021-01-20,2
2021-01-23,4
2021-01-24,3
2021-01-25,1
2021-01-26,2
2021-01-28,1
2021-03-04,2
2021-03-05,1
2021-03-08,1
2021-03-10,1
2021-03-13,1
2021-03-14,2
2021-03-18,1
2021-03-20,3
2021-03-21,2
2021-03-22,2
2021-03-28,4
2021-03-30,3
2021-04-01,2
2021-04-04,2
2021-04-11,1
2021-04-15,1
2021-04-17,1
2021-04-18,1
2021-04-19,1
2021-04-21,2
2021-04-23,1
2021-04-25,2
2021-05-06,1
2021-05-14,1
2021-05-17,1
2021-05-19,1
2021-05-24,1
2021-05-25,1
2021-05-26,1
2021-05-29,1
2021-05-30,1
2021-06-01,1
2021-06-03,2
2021-06-04,1
2021-06-05,1
2021-06-06,1
2021-06-08,1
2021-06-15,2
2021-06-20,1
2021-06-26,3
2021-06-27,2
2021-07-05,2
2021-07-12,1
2021-07-14,3
2021-07-15,2
2021-07-17,2
2021-07-18,2
2021-07-19,1
2021-07-22,3
2021-07-23,4
2021-07-25,2
2021-08-01,1
2021-08-03,3
2021-08-07,1
2021-08-09,1
2021-08-11,6
2021-08-13,1
2021-08-15,1
2021-08-20,3
2021-08-23,1
2021-08-24,1
2021-08-25,1
2021-08-26,4
2021-08-29,4
2021-08-30,1
2021-08-31,8
2021-09-01,5
2021-09-02,11
2021-09-03,1
2021-09-04,20
2021-09-05,5
2021-09-07,1
2021-09-08,6
2021-09-09,1
2021-09-10,2
2021-09-11,7
2021-09-12,77
2021-09-13,5
2021-09-14,8
2021-09-15,1
2021-09-16,6
2021-09-17,4
2021-09-18,3
2021-09-19,9
2021-09-20,3
2021-09-21,6
2021-09-23,9
2021-09-24,2
2021-09-25,7
2021-09-26,4
2021-09-27,1
2021-09-28,1
2021-09-30,3
2021-10-02,2
2021-10-03,1
2021-10-04,1
2021-10-05,3
2021-10-06,1
2021-10-07,3
2021-10-08,1
2021-10-09,10
2021-10-10,6
2021-10-11,5
2021-10-12,3
2021-10-13,1
2021-10-14,1
2021-10-15,3
2021-10-16,15
2021-10-17,4
2021-10-18,4
2021-10-19,1
2021-10-20,8
2021-10-23,12
2021-10-24,10
2021-10-25,2
2021-10-26,2
2021-10-27,2
2021-10-28,2
2021-10-29,2
2021-10-30,7
2021-11-01,6
2021-11-02,4
2021-11-03,1
2021-11-06,1
2021-11-07,3
2021-11-08,4
2021-11-09,3
2021-11-10,9
2021-11-11,1
2021-11-12,1
2021-11-13,6
2021-11-14,8
2021-11-16,6
2021-11-17,3
2021-11-18,4
2021-11-19,1
2021-11-20,1
2021-11-21,16
2021-11-22,3
2021-11-24,3
2021-11-28,1
2021-12-02,3
2021-12-04,1
2021-12-05,1
2021-12-06,1
2021-12-08,2
2021-12-09,5
2021-12-10,2
2021-12-11,1
2021-12-13,7
2021-12-15,1
2021-12-17,1
2021-12-19,7
2021-12-20,3
2021-12-23,2
2021-12-28,1
2021-12-31,6
2022-01-01,2
2022-01-02,3
2022-01-06,1
2022-01-08,5
2022-01-10,4
2022-01-13,4
2022-01-15,3
2022-01-16,2
2022-01-18,2
2022-01-19,6
2022-01-20,13
2022-01-22,2
2022-01-23,1
2022-01-25,13
2022-01-28,3
2022-01-29,2
2022-03-02,1
2022-03-03,1
2022-03-05,4
2022-03-07,1
2022-03-11,2
2022-03-16,4
2022-03-19,3
2022-03-20,1
2022-03-22,1
2022-03-23,6
2022-03-24,3
2022-03-26,1
2022-03-27,1
2022-04-03,1
2022-04-06,1
2022-04-07,2
2022-04-08,6
2022-04-09,1
2022-04-12,1
2022-04-13,3
2022-04-14,1
2022-04-15,2
2022-04-16,1
2022-04-17,2
2022-04-21,1
2022-04-22,1
2022-04-23,1
2022-04-24,1
2022-04-26,1
2022-04-27,1
2022-04-29,1
2022-04-30,2
2022-05-01,1
2022-05-04,1
2022-05-05,4
2022-05-06,1
2022-05-09,1
2022-05-13,1
2022-05-14,3
2022-05-15,3
2022-05-17,2
2022-05-21,3
2022-05-22,1
2022-05-23,1
2022-05-24,1
2022-05-25,3
2022-05-26,6
2022-05-27,1
2022-05-28,2
2022-05-29,2
2022-05-30,1
2022-06-03,1
2022-06-04,1
2022-06-05,2
2022-06-07,1
2022-06-08,1
2022-06-10,1
2022-06-14,1
2022-06-16,1
2022-06-17,4
2022-06-19,7
2022-06-20,1
2022-06-23,1
2022-07-03,1
2022-07-06,2
2022-07-10,1
2022-07-13,1
2022-07-16,1
2022-07-17,1
2022-07-21,2
2022-07-23,1
2022-07-24,1
2022-07-25,1
2022-07-30,1
2022-07-31,1
2022-08-01,2
2022-08-02,2
2022-08-04,3
2022-08-06,1
2022-08-07,3
2022-08-08,1
2022-08-09,2
2022-08-12,2
2022-08-13,3
2022-08-14,5
2022-08-15,1
2022-08-16,2
2022-08-17,1
2022-08-18,2
2022-08-19,4
2022-08-20,4
2022-08-21,11
2022-08-22,1
2022-08-24,3
2022-08-25,3
2022-08-26,1
2022-08-27,5
2022-08-28,10
2022-08-29,1
2022-08-30,10
2022-09-01,1
2022-09-03,2
2022-09-04,2
2022-09-05,9
2022-09-06,2
2022-09-07,1
2022-09-08,1
2022-09-09,4
2022-09-10,5
2022-09-11,4
2022-09-12,4
2022-09-13,11
2022-09-14,8
2022-09-15,2
2022-09-16,8
2022-09-17,7
2022-09-18,53
2022-09-19,2
2022-09-20,10
2022-09-21,6
2022-09-22,6
2022-09-23,9
2022-09-24,13
2022-09-25,25
2022-09-26,20
2022-09-27,18
2022-09-28,30
2022-09-29,26
2022-09-30,19
2022-10-01,10
2022-10-02,60
2022-10-03,72
2022-10-04,12
2022-10-05,25
2022-10-06,22
2022-10-07,18
2022-10-08,6
2022-10-09,45
2022-10-10,13
2022-10-11,16
2022-10-12,19
2022-10-13,15
2022-10-14,23
2022-10-15,26
2022-10-16,55
2022-10-17,18
2022-10-18,3
2022-10-19,12
2022-10-20,14
2022-10-21,12
2022-10-22,32
2022-10-23,13
2022-10-24,3
2022-10-25,2
2022-10-26,5
2022-10-27,7
2022-10-28,15
2022-10-29,12
2022-10-30,21
2022-10-31,12
2022-11-01,9
2022-11-03,7
2022-11-04,5
2022-11-05,7
2022-11-06,86
2022-11-07,6
2022-11-08,4
2022-11-09,1
2022-11-10,4
2022-11-11,6
2022-11-12,5
2022-11-13,9
2022-11-14,4
2022-11-15,4
2022-11-18,6
2022-11-20,2
2022-11-22,1
2022-11-23,3
2022-11-24,7
2022-11-26,4
2022-11-27,7
2022-11-28,1
2022-11-30,1
2022-12-01,1
2022-12-03,1
2022-12-04,1
2022-12-05,1
2022-12-06,4
2022-12-07,2
2022-12-08,6
2022-12-09,10
2022-12-12,3
2022-12-13,4
2022-12-15,1
2022-12-18,1
2022-12-20,1
2022-12-21,1
2022-12-23,1
2022-12-24,4
2022-12-25,5
2022-12-26,7
2022-12-27,2
2022-12-29,1
2022-12-30,4
2022-12-31,1
2023-01-01,3
2023-01-02,3
2023-01-03,11
2023-01-04,3
2023-01-05,25
2023-01-06,5
2023-01-07,4
2023-01-08,4
2023-01-09,6
2023-01-12,2
2023-01-13,2
2023-01-14,2
2023-01-15,5
2023-01-16,11
2023-01-17,7
2023-01-18,1
2023-01-21,4
2023-01-23,4
2023-01-24,1
2023-01-25,3
2023-01-29,1
2023-01-30,2
2023-01-31,1
2023-03-03,1
2023-03-05,2
2023-03-06,2
2023-03-08,3
2023-03-09,5
2023-03-12,3
2023-03-13,10
2023-03-14,2
2023-03-18,1
2023-03-19,1
2023-03-20,1
2023-03-24,6
2023-03-25,2
2023-03-26,3
2023-03-30,2
2023-03-31,1
2023-04-01,1
2023-04-02,5
2023-04-05,3
2023-04-06,1
2023-04-07,2
2023-04-09,2
2023-04-10,1
2023-04-13,10
2023-04-14,1
2023-04-16,1
2023-04-17,2
2023-04-18,1
2023-04-19,4
2023-04-20,2
2023-04-24,2
2023-04-26,1
2023-04-27,1
2023-04-29,1
2023-04-30,2
2023-05-01,3
2023-05-03,1
2023-05-04,1
2023-05-05,2
2023-05-06,2
2023-05-07,5
2023-05-08,1
2023-05-09,1
2023-05-11,2
2023-05-12,1
2023-05-15,1
2023-05-16,2
2023-05-18,2
2023-05-20,1
2023-05-21,3
2023-05-24,1
2023-05-25,1
2023-05-28,1
2023-05-29,1
2023-06-03,1
2023-06-06,2
2023-06-07,2
2023-06-08,2
2023-06-10,1
2023-06-11,1
2023-06-13,1
2023-06-15,1
2023-06-16,1
2023-06-17,1
2023-06-18,3
2023-06-22,1
2023-06-23,1
2023-06-24,1
2023-06-25,2
2023-06-28,1
2023-06-29,4
2023-07-02,4
2023-07-03,2
2023-07-04,1
2023-07-06,3
2023-07-07,2
2023-07-08,1
2023-07-09,2
2023-07-10,1
2023-07-11,2
2023-07-13,1
2023-07-14,2
2023-07-17,2
2023-07-19,2
2023-07-20,5
2023-07-22,26
2023-07-23,1
2023-07-24,2
2023-07-25,1
2023-07-26,3
2023-07-27,1
2023-07-28,4
2023-07-29,11
2023-07-30,4
2023-07-31,2
2023-08-01,2
2023-08-02,5
2023-08-03,2
2023-08-04,6
2023-08-05,4
2023-08-06,2
2023-08-07,10
2023-08-08,4
2023-08-09,9
2023-08-10,4
2023-08-12,6
2023-08-13,5
2023-08-14,6
2023-08-15,7
2023-08-16,12
2023-08-17,4
2023-08-18,12
2023-08-19,10
2023-08-20,10
2023-08-21,11
2023-08-22,3
2023-08-23,6
2023-08-24,4
2023-08-25,53
2023-08-26,4
2023-08-27,4
2023-08-28,3
2023-08-29,5
2023-08-30,5
2023-08-31,4
2023-09-01,5
2023-09-02,4
2023-09-03,10
2023-09-04,9
2023-09-06,1
2023-09-09,6
2023-09-10,7
2023-09-13,1
2023-09-14,7
2023-09-15,3
2023-09-16,8
2023-09-17,9
2023-09-18,1
2023-09-20,6
2023-09-21,9
2023-09-22,4
2023-09-23,1
2023-09-24,23
2023-09-25,3
2023-09-26,5
2023-09-27,4
2023-09-28,6
2023-09-29,12
2023-09-30,5
2023-10-01,12
2023-10-02,6
2023-10-03,9
2023-10-04,6
2023-10-05,5
2023-10-06,3
2023-10-07,9
2023-10-08,20
2023-10-09,3
2023-10-10,16
2023-10-11,12
2023-10-12,13
2023-10-13,18
2023-10-14,11
2023-10-15,20
2023-10-16,2
2023-10-17,16
2023-10-18,8
2023-10-19,4
2023-10-20,7
2023-10-21,22
2023-10-22,30
2023-10-23,118
2023-10-24,19
2023-10-25,16
2023-10-26,7
2023-10-27,11
2023-10-28,23
2023-10-29,35
2023-10-30,36
2023-10-31,21
2023-11-01,2
2023-11-02,9
2023-11-03,12
2023-11-04,11
2023-11-05,26
2023-11-06,7
2023-11-07,21
2023-11-08,14
2023-11-09,7
2023-11-10,5
2023-11-11,6
2023-11-12,29
2023-11-13,7
2023-11-14,19
2023-11-15,21
2023-11-16,29
2023-11-17,32
2023-11-18,2
2023-11-19,7
2023-11-20,2
2023-11-21,19
2023-11-22,9
2023-11-23,3
2023-11-24,1
2023-11-25,3
2023-11-26,10
2023-11-27,15
2023-11-28,9
2023-11-29,1
2023-12-01,3
2023-12-02,1
2023-12-06,2
2023-12-07,1
2023-12-09,1
2023-12-12,6
2023-12-17,11
2023-12-19,1
2023-12-20,2
2023-12-23,3
2023-12-25,1
2023-12-26,1
2023-12-27,7
2023-12-28,7
2023-12-29,5
2023-12-30,2
2023-12-31,1
2024-01-01,3
2024-01-04,3
2024-01-05,8
2024-01-06,4
2024-01-07,1
2024-01-10,1
2024-01-11,1
2024-01-13,2
2024-01-14,1
2024-01-17,1
2024-01-20,1
2024-01-21,3
2024-01-22,1
2024-01-23,1
2024-01-24,1
2024-01-25,2
2024-01-26,1
2024-01-27,6
2024-01-29,3
2024-01-30,13
2024-01-31,1
2024-02-01,1
2024-02-02,2
2024-02-03,2
2024-02-04,3
2024-02-06,2
2024-02-07,2
2024-02-10,7
2024-02-11,3
2024-02-12,3
2024-02-13,1
2024-02-14,7
2024-02-15,2
2024-02-16,2
2024-02-17,4
2024-02-18,1
2024-02-19,1
2024-02-20,3
2024-02-21,1
2024-02-22,2
2024-02-23,1
2024-02-24,3
2024-02-25,7
2024-02-26,3
2024-02-27,1
2024-02-28,1
2024-02-29,1
2024-03-01,3
2024-03-02,2
2024-03-03,7
2024-03-04,1
2024-03-05,3
2024-03-06,2
2024-03-07,4
2024-03-08,2
2024-03-09,4
2024-03-10,5
2024-03-11,6
2024-03-12,1
2024-03-14,2
2024-03-15,1
2024-03-16,1
2024-03-17,6
2024-03-18,1
2024-03-19,6
2024-03-24,1
2024-03-25,1
2024-03-26,1
2024-03-27,2
2024-03-29,8
2024-03-30,4
2024-03-31,6
2024-04-01,1
2024-04-03,6
2024-04-04,2
2024-04-06,2
2024-04-07,7
2024-04-09,1
2024-04-11,1
2024-04-12,2
2024-04-13,4
2024-04-14,1
2024-04-15,1
2024-04-18,1
2024-04-19,1
2024-04-20,1
2024-04-21,2
2024-04-22,1
2024-04-23,1
2024-04-26,1
2024-04-27,5
2024-04-28,2
2024-04-30,8
2024-05-03,1
2024-05-05,1
2024-05-07,2
2024-05-08,1
2024-05-09,2
2024-05-10,1
2024-05-11,2
2024-05-12,2
2024-05-14,4
2024-05-18,1
2024-05-19,2
2024-05-20,1
2024-05-21,1
2024-05-22,1
2024-05-24,2
2024-05-25,1
2024-05-26,1
2024-05-27,1
2024-05-31,4
2024-06-05,2
2024-06-08,3
2024-06-09,1
2024-06-10,3
2024-06-12,1
2024-06-16,2
2024-06-19,2
2024-06-20,1
2024-06-22,1
2024-06-23,11
2024-06-25,1
2024-06-27,2
2024-07-03,1
2024-07-06,1
2024-07-07,1
2024-07-11,1
2024-07-12,1
2024-07-13,5
2024-07-14,2
2024-07-16,1
2024-07-18,2
2024-07-19,3
2024-07-22,2
2024-07-23,1
2024-07-24,1
2024-07-25,1
2024-07-26,1
2024-07-27,7
2024-07-28,5
2024-08-01,1
2024-08-02,7
2024-08-03,4
2024-08-04,3
2024-08-05,2
2024-08-06,5
2024-08-07,4
2024-08-08,5
2024-08-09,5
2024-08-10,3
2024-08-11,2
2024-08-12,2
2024-08-15,1
2024-08-16,2
2024-08-17,3
2024-08-18,3
2024-08-21,1
2024-08-22,1
2024-08-23,3
2024-08-27,1
2024-08-28,1
2024-08-30,1
2024-08-31,1
2024-09-01,3
2024-09-02,3
2024-09-05,3
2024-09-07,1
2024-09-08,5
2024-09-09,1
2024-09-10,2
2024-09-12,1
2024-09-13,2
2024-09-15,3
2024-09-17,1
2024-09-18,2
2024-09-19,2
2024-09-20,2
2024-09-21,1
2024-09-22,2
2024-09-23,4
2024-09-24,6
2024-09-25,2
2024-09-26,1
2024-09-27,4
2024-09-29,10
2024-09-30,1
2024-10-01,5
2024-10-02,5
2024-10-03,14
2024-10-04,11
2024-10-05,7
2024-10-06,17
2024-10-07,6
2024-10-08,8
2024-10-09,4
2024-10-10,2
2024-10-11,18
2024-10-12,48
2024-10-13,6
2024-10-14,5
2024-10-15,12
2024-10-16,11
2024-10-17,7
2024-10-18,13
2024-10-19,26
2024-10-20,49
2024-10-21,2
2024-10-22,1
2024-10-23,9
2024-10-24,7
2024-10-25,8
2024-10-26,41
2024-10-27,9
2024-10-28,5
2024-10-29,8
2024-10-30,11
2024-10-31,14
2024-11-01,9
2024-11-02,10
2024-11-03,30
2024-11-04,1
2024-11-05,1
2024-11-06,3
2024-11-08,3
2024-11-09,7
2024-11-10,1
2024-11-11,2
2024-11-12,1
2024-11-13,1
2024-11-14,5
2024-11-15,1
2024-11-16,11
2024-11-17,4
2024-11-18,5
2024-11-22,1
2024-11-24,3
2024-11-25,3
2024-11-26,2
2024-11-28,1
2024-11-29,1
2024-12-01,8
2024-12-03,3
2024-12-05,2
2024-12-06,1
2024-12-07,2
2024-12-08,3
2024-12-09,1
2024-12-12,1
2024-12-13,3
2024-12-14,1
2024-12-16,1
2024-12-20,2
2024-12-21,5
2024-12-22,7
2024-12-23,6
2024-12-24,4
2024-12-25,6
2024-12-26,2
2024-12-28,3
2024-12-29,1
2024-12-30,7
2024-12-31,4
2025-01-01,2
2025-01-02,4
2025-01-04,1
2025-01-05,1
2025-01-06,6
2025-01-08,3
2025-01-10,1
2025-01-11,5
2025-01-12,4
2025-01-13,7
2025-01-15,1
2025-01-16,8
2025-01-17,4
2025-01-18,2
2025-01-19,11
2025-01-20,2
2025-01-21,3
2025-01-22,6
2025-01-23,1
2025-01-24,2
2025-01-25,3
2025-01-26,11
2025-01-27,2
2025-01-28,13
2025-01-29,3
2025-01-30,7
2025-01-31,17
2025-03-01,19
2025-03-02,4
2025-03-03,1
2025-03-04,5
2025-03-06,7
2025-03-07,5
2025-03-08,2
2025-03-09,8
2025-03-10,4
2025-03-11,1
2025-03-12,6
2025-03-13,2
2025-03-14,6
2025-03-15,17
2025-03-16,5
2025-03-18,1
2025-03-19,1
2025-03-20,1
2025-03-21,1
2025-03-22,1
2025-03-23,9
2025-03-24,1
2025-03-25,4
2025-03-26,6
2025-03-28,1
2025-03-29,8
2025-03-30,1
2025-03-31,1
2025-04-01,3
2025-04-02,1
2025-04-03,3
2025-04-05,2
2025-04-06,3
2025-04-09,7
2025-04-10,1
2025-04-11,1
2025-04-12,5
2025-04-13,1
2025-04-15,2
2025-04-16,1
2025-04-18,1
2025-04-20,3
2025-04-21,2
2025-04-24,4
2025-04-25,1
2025-04-26,1
2025-04-28,2
2025-04-29,1
2025-05-02,2
2025-05-03,5
2025-05-05,2
2025-05-06,2
2025-05-08,1
2025-05-09,2
2025-05-12,2
2025-05-13,1
2025-05-14,1
2025-05-16,2
2025-05-17,2
2025-05-18,3
2025-05-20,1
2025-05-23,1
2025-05-24,2
2025-05-25,1
2025-05-29,1
2025-05-31,1
2025-06-04,1
2025-06-05,2
2025-06-07,1
2025-06-09,6
2025-06-10,7
2025-06-11,2
2025-06-15,3
2025-06-22,1
2025-06-23,1
2025-06-29,1
2025-06-30,1
2025-07-05,1
2025-07-06,2
2025-07-07,1
2025-07-08,1
2025-07-13,1
2025-07-14,1
2025-07-16,1
2025-07-17,1
2025-07-18,4
2025-07-19,2
2025-07-20,7
2025-07-21,2
2025-07-22,4
2025-07-23,2
2025-07-24,4
2025-07-25,2
2025-07-26,1
2025-07-27,7
2025-07-28,6
2025-07-29,13
2025-07-30,6
2025-07-31,5
2025-08-01,14
2025-08-02,17
2025-08-03,21
2025-08-04,13
2025-08-05,15
2025-08-06,16
2025-08-07,13
2025-08-08,2
2025-08-09,2
2025-08-10,2
2025-08-11,1
2025-08-12,2
2025-08-14,3
2025-08-16,1
2025-08-17,3
2025-08-18,2
2025-08-19,3
2025-08-20,2
2025-08-22,2
2025-08-23,1
2025-08-24,1
2025-08-25,4
2025-08-26,1
2025-08-27,1
2025-08-29,2
2025-08-30,1
2025-08-31,1
2025-09-01,1
2025-09-02,4
2025-09-04,2
2025-09-06,6
2025-09-07,1
2025-09-08,2
2025-09-11,1
2025-09-13,2
2025-09-14,9
2025-09-15,5
2025-09-16,3
2025-09-17,6
2025-09-18,5
2025-09-19,9
2025-09-20,1
2025-09-21,2
2025-09-22,3
2025-09-23,4
2025-09-24,1
2025-09-25,1
2025-09-26,4
2025-09-27,1
2025-09-28,12
2025-09-29,3
2025-09-30,1
2025-10-01,6
2025-10-02,4
2025-10-03,14
2025-10-05,8
2025-10-06,4
2025-10-07,8
2025-10-08,5
2025-10-09,7
2025-10-10,6
2025-10-11,7
2025-10-12,20
2025-10-13,4
2025-10-14,2
2025-10-15,12
2025-10-16,3
2025-10-17,13
2025-10-18,7
2025-10-19,16
2025-10-20,11
2025-10-21,4
2025-10-22,20
2025-10-23,2
2025-10-24,7
2025-10-25,26
2025-10-26,61
2025-10-27,3
2025-10-28,2
2025-10-29,15
2025-10-30,12
2025-10-31,4
2025-11-01,4
2025-11-02,23
2025-11-03,16
2025-11-04,8
2025-11-05,11
2025-11-06,4
2025-11-07,9
2025-11-08,8
2025-11-09,10
2025-11-10,1
2025-11-11,8
2025-11-12,9
2025-11-13,10
2025-11-16,14
2025-11-17,3
2025-11-18,12
2025-11-19,5
2025-11-20,1
2025-11-21,8
2025-11-22,1
2025-11-23,2
2025-11-26,2
2025-11-28,2
2025-12-01,1
2025-12-02,2
2025-12-03,4
2025-12-04,1
2025-12-05,4
2025-12-06,5
2025-12-07,1
2025-12-08,6
2025-12-09,1
2025-12-10,1
2025-12-11,1
2025-12-12,2
2025-12-14,5
2025-12-15,3
2025-12-16,1
2025-12-17,1
2025-12-18,7
2025-12-19,2
2025-12-20,4
2025-12-22,3
2025-12-24,1
2025-12-29,3
2025-12-30,1
2026-01-01,1
2026-01-03,2
2026-01-11,1
2026-01-13,1
2026-01-14,1
2026-01-15,3
2026-01-16,6
2026-01-17,3
2026-01-18,4
2026-01-19,1
2026-01-20,1
2026-01-21,2
2026-01-24,2
2026-01-25,1
2026-01-27,1
2026-01-28,1
2026-03-01,3
2026-03-04,4
2026-03-05,3
2026-03-07,8
2026-03-08,2
2026-03-11,9
2026-03-13,2
2026-03-14,3
2026-03-15,1
2026-03-16,10
2026-03-17,2
2026-03-18,6
2026-03-19,11
2026-03-20,3
2026-03-22,8
2026-03-23,7
2026-03-24,5
2026-03-26,3
2026-03-27,10
2026-03-28,8
2026-03-29,12
2026-03-31,2
2026-04-01,3
2026-04-02,1
2026-04-05,1
2026-04-06,12
2026-04-07,1
2026-04-10,1
2026-04-11,1
2026-04-12,11
2026-04-15,4
2026-04-17,1
2026-04-18,2
2026-04-19,1
2026-04-21,1
2026-04-24,1
2026-04-25,1
2026-04-26,6
2026-04-27,1
2026-04-29,2
2026-04-30,2
2026-05-02,1
2026-05-03,4
2026-05-05,2
2026-05-06,1
2026-05-07,2
2026-05-08,2
2026-05-09,3
2026-05-10,1
2026-05-12,1
2026-05-13,4
2026-05-14,3
2026-05-15,5
2026-05-16,6
2026-05-17,5
2026-05-18,1
2026-05-19,1
2026-05-20,1
2026-05-21,4
2026-05-22,7
2026-05-23,4
2026-05-24,2
2026-05-25,1
2026-05-27,2
2026-05-28,1
2026-05-29,1
2026-05-30,6
2026-05-31,3
2026-06-01,4
2026-06-02,1
2026-06-03,2
2026-06-05,9
2026-06-06,7
2026-06-07,5
2026-06-08,4
2026-06-09,1
2026-06-10,4
2026-06-11,4
2026-06-12,4
2026-06-13,4
2026-06-14,9
2026-06-15,7
2026-06-16,2
2026-06-17,7
2026-06-18,1
2026-06-19,2
2026-06-20,4
2026-06-21,11
2026-06-22,3
2026-06-23,3
2026-06-24,1
2026-06-25,1
2026-06-27,5
2026-06-29,3
2026-06-30,1
2026-07-01,1
2026-07-02,3
2026-07-03,2
2026-07-04,1
2026-07-10,3
2026-07-13,1
2026-07-14,2
2026-07-15,4
2026-07-16,2
2026-07-17,6
2026-07-18,8
2026-07-19,5
2026-07-21,3
2026-07-22,3
2026-07-23,3
2026-07-24,1
2026-07-25,3
2026-07-28,1
2026-07-31,1
2026-08-01,5
2026-08-04,1
2026-08-05,1
2026-08-07,1
2026-08-08,1
