id,lat,lon,haupt,haupt_anteil,waldanteil,pixel,verteilung
W0001,52.05,10.1,3,0.609,0.701,9900,3:0.609;5:0.208;10:0.065;8:0.051;4:0.047
W0002,52.05,10.1591,3,0.41,0.846,20000,3:0.41;5:0.406;8:0.118;4:0.021
W0003,52.05,10.1886,5,0.53,0.929,20000,5:0.53;3:0.203;8:0.145;4:0.043;10:0.027
W0004,52.05,10.2182,3,0.749,0.905,20000,3:0.749;5:0.125;8:0.045;10:0.039;4:0.023
W0005,52.05,10.2477,3,0.702,0.003,20000,3:0.702;2:0.123;5:0.123
W0006,52.05,10.2772,5,0.304,0.092,20000,5:0.304;17:0.236;10:0.121;9:0.109;4:0.078;6:0.043
W0007,52.05,10.3363,5,0.419,0.209,20000,5:0.419;3:0.16;8:0.105;4:0.095;9:0.085;10:0.044
W0008,52.05,10.3658,5,0.576,0.076,12200,5:0.576;3:0.292;4:0.047;6:0.04
W0009,52.05,10.5135,5,0.459,0.072,20000,5:0.459;3:0.343;17:0.063;10:0.033;9:0.032;8:0.026
W0010,52.05,10.6317,5,0.852,0.006,14500,5:0.852;17:0.136
W0011,52.05,10.8089,17,0.808,0.001,20000,17:0.808;2:0.192
W0012,52.068,10.1,3,0.649,0.251,19800,3:0.649;5:0.178;10:0.08;8:0.06;4:0.021
W0013,52.068,10.1295,3,0.61,0.284,40000,3:0.61;5:0.289;4:0.042;10:0.029;8:0.021
W0014,52.068,10.1591,5,0.573,0.227,40000,5:0.573;3:0.333;10:0.037
W0015,52.068,10.1886,3,0.604,0.186,40000,3:0.604;5:0.275;4:0.045;17:0.039
W0016,52.068,10.2182,3,0.816,0.61,40000,3:0.816;5:0.14
W0017,52.068,10.3363,3,0.43,0.388,40000,3:0.43;5:0.275;4:0.069;8:0.066;2:0.046;10:0.042
W0018,52.068,10.3658,3,0.308,0.474,24400,3:0.308;5:0.245;8:0.169;4:0.15;10:0.066;6:0.022
W0019,52.068,10.3954,3,0.41,0.224,40000,3:0.41;5:0.409;6:0.05;17:0.039;4:0.028;8:0.021
W0020,52.068,10.4249,5,0.765,0.14,40000,5:0.765;3:0.179;17:0.034
W0021,52.068,10.5135,3,0.467,0.698,40000,3:0.467;5:0.368;4:0.053;8:0.042;10:0.036
W0022,52.068,10.5431,3,0.538,0.224,40000,3:0.538;5:0.178;17:0.085;4:0.058;10:0.041;6:0.037
W0023,52.086,10.1,3,0.605,0.368,19800,3:0.605;5:0.296;8:0.034;10:0.022
W0024,52.086,10.1295,3,0.495,0.46,40000,3:0.495;5:0.339;8:0.084;4:0.029;10:0.028
W0025,52.086,10.1886,3,0.779,0.026,40000,3:0.779;5:0.18;17:0.027
W0026,52.086,10.2182,3,0.902,0.068,40000,3:0.902;5:0.042
W0027,52.086,10.3363,3,0.737,0.697,40000,3:0.737;5:0.176;8:0.033
W0028,52.086,10.3658,3,0.498,0.739,24400,3:0.498;5:0.291;8:0.101;4:0.046;10:0.023
W0029,52.086,10.3954,5,0.484,0.161,40000,5:0.484;3:0.246;6:0.083;4:0.061;8:0.047;17:0.033
W0030,52.086,10.5135,3,0.513,0.793,40000,3:0.513;5:0.273;10:0.085;4:0.038;8:0.036;9:0.028
W0031,52.086,10.5431,3,0.445,0.326,40000,3:0.445;5:0.201;9:0.111;10:0.084;17:0.058;4:0.034
W0032,52.086,10.5726,4,0.234,0.051,40000,4:0.234;9:0.222;8:0.187;17:0.152;5:0.132;2:0.041
W0033,52.086,11.1338,17,0.86,0.001,40000,17:0.86;10:0.14
W0034,52.1041,10.1295,5,0.433,0.135,40000,5:0.433;3:0.294;4:0.072;17:0.042;8:0.041;2:0.037
W0035,52.1041,10.1591,3,0.479,0.207,40000,3:0.479;5:0.349;9:0.035;4:0.033;10:0.03;17:0.024
W0036,52.1041,10.2182,3,0.512,0.233,40000,3:0.512;5:0.307;8:0.089;10:0.028;4:0.02
W0037,52.1041,10.2477,3,0.595,0.513,40000,3:0.595;5:0.297;10:0.03;4:0.029
W0038,52.1041,10.2772,3,0.72,0.365,40000,3:0.72;5:0.147;4:0.047;6:0.023;8:0.022
W0039,52.1041,10.3068,3,0.588,0.402,40000,3:0.588;5:0.197;4:0.054;10:0.036;8:0.035;6:0.034
W0040,52.1041,10.3363,3,0.513,0.662,40000,3:0.513;5:0.3;4:0.059;6:0.054;8:0.025
W0041,52.1041,10.3658,5,0.442,0.261,24400,5:0.442;3:0.342;10:0.097;8:0.039;4:0.037
W0042,52.1041,10.484,3,0.511,0.327,40000,3:0.511;5:0.308;10:0.059;8:0.048;4:0.026;17:0.024
W0043,52.1041,10.5135,3,0.635,0.988,40000,3:0.635;5:0.229;10:0.046;8:0.042;4:0.023
W0044,52.1041,10.5431,3,0.523,0.28,40000,3:0.523;5:0.363;10:0.066;17:0.02
W0045,52.1221,10.1,3,0.854,0.457,19800,3:0.854;5:0.139
W0046,52.1221,10.1295,3,0.685,0.868,40000,3:0.685;5:0.271
W0047,52.1221,10.1591,3,0.679,0.791,40000,3:0.679;5:0.267
W0048,52.1221,10.1886,3,0.568,0.055,40000,3:0.568;5:0.279;17:0.106;6:0.027
W0049,52.1221,10.2182,3,0.607,0.221,40000,3:0.607;5:0.193;8:0.128;4:0.026
W0050,52.1221,10.2477,3,0.777,0.611,40000,3:0.777;5:0.165;4:0.021
W0051,52.1221,10.2772,3,0.783,0.67,40000,3:0.783;5:0.16
W0052,52.1221,10.3068,3,0.597,0.528,40000,3:0.597;5:0.319;4:0.028
W0053,52.1221,10.3363,3,0.658,0.321,40000,3:0.658;5:0.287;4:0.022;10:0.021
W0054,52.1221,10.3954,17,0.49,0.071,40000,17:0.49;5:0.301;3:0.151;16:0.028;6:0.024
W0055,52.1221,10.484,3,0.47,0.666,40000,3:0.47;5:0.328;8:0.086;10:0.059;4:0.024
W0056,52.1221,10.5135,3,0.639,0.997,40000,3:0.639;5:0.259;8:0.042;10:0.041
W0057,52.1221,10.5431,5,0.444,0.115,40000,5:0.444;3:0.431;10:0.072;17:0.021
W0058,52.1221,10.5726,17,0.524,0.017,40000,17:0.524;5:0.27;10:0.093;16:0.045;6:0.033
W0059,52.1221,10.6612,5,0.527,0.084,40000,5:0.527;3:0.451
W0060,52.1221,10.6908,5,0.497,0.159,40000,5:0.497;3:0.433;10:0.037
W0061,52.1221,10.9861,17,0.438,0.017,40000,17:0.438;5:0.348;16:0.095;9:0.086;6:0.02
W0062,52.1221,11.0157,17,0.648,0.126,40000,17:0.648;5:0.259;2:0.067
W0063,52.1221,11.0452,17,0.779,0.167,40000,17:0.779;5:0.109;2:0.086
W0064,52.1401,10.1,3,0.599,0.67,19800,3:0.599;5:0.337
W0065,52.1401,10.1295,3,0.617,0.566,40000,3:0.617;5:0.327
W0066,52.1401,10.1591,3,0.714,0.655,40000,3:0.714;5:0.23
W0067,52.1401,10.1886,3,0.535,0.533,40000,3:0.535;5:0.372;10:0.03;8:0.025;4:0.024
W0068,52.1401,10.2182,5,0.495,0.222,40000,5:0.495;3:0.401;10:0.048
W0069,52.1401,10.3658,17,0.597,0.008,24400,17:0.597;5:0.254;16:0.055;2:0.045
W0070,52.1401,10.484,5,0.501,0.368,40000,5:0.501;3:0.302;4:0.069;10:0.039;17:0.039;8:0.029
W0071,52.1401,10.5135,5,0.653,0.462,40000,5:0.653;3:0.236;4:0.034;10:0.028;8:0.024
W0072,52.1401,10.5431,5,0.519,0.012,40000,5:0.519;17:0.148;3:0.14;9:0.062;10:0.042;8:0.035
W0073,52.1401,10.5726,17,0.644,0.002,40000,17:0.644;5:0.288;10:0.068
W0074,52.1401,10.6317,3,0.635,0.414,29000,3:0.635;5:0.331
W0075,52.1401,10.6612,3,0.633,0.71,40000,3:0.633;5:0.293;10:0.044
W0076,52.1401,10.6908,5,0.39,0.121,40000,5:0.39;3:0.361;9:0.088;10:0.073;17:0.041;4:0.021
W0077,52.1401,10.7203,5,0.401,0.011,40000,5:0.401;3:0.265;17:0.184;16:0.113
W0078,52.1401,10.868,3,0.707,0.09,40000,3:0.707;5:0.251
W0079,52.1401,10.8975,3,0.492,0.302,33400,3:0.492;5:0.418;8:0.028;10:0.024
W0080,52.1401,10.9271,5,0.549,0.616,40000,5:0.549;3:0.34;8:0.042;10:0.032
W0081,52.1401,10.9566,5,0.669,0.035,40000,5:0.669;3:0.274;17:0.041
W0082,52.1401,11.0452,17,0.574,0.083,40000,17:0.574;5:0.171;2:0.127;3:0.073;10:0.037
W0083,52.1581,10.3658,5,0.731,0.122,24400,5:0.731;17:0.191;3:0.031;10:0.029
W0084,52.1581,10.3954,5,0.43,0.145,40000,5:0.43;17:0.351;10:0.1;3:0.058;2:0.044
W0085,52.1581,10.4249,17,0.534,0.002,40000,17:0.534;6:0.233;2:0.137;3:0.055
W0086,52.1581,10.484,5,0.607,0.051,40000,5:0.607;3:0.298;10:0.039;2:0.026
W0087,52.1581,10.5135,3,0.476,0.073,40000,3:0.476;5:0.408;8:0.037;4:0.036;10:0.026
W0088,52.1581,10.5431,17,0.567,0.015,40000,17:0.567;10:0.19;5:0.175;2:0.035
W0089,52.1581,10.6317,5,0.44,0.162,29000,5:0.44;3:0.233;9:0.172;17:0.058;10:0.028;4:0.023
W0090,52.1581,10.8384,3,0.391,0.699,39800,3:0.391;5:0.358;8:0.129;10:0.064;4:0.026
W0091,52.1581,10.868,3,0.55,0.956,40000,3:0.55;5:0.241;8:0.107;10:0.063
W0092,52.1581,10.8975,5,0.395,0.984,33400,5:0.395;3:0.369;8:0.111;10:0.071
W0093,52.1581,10.9271,5,0.489,0.977,40000,5:0.489;3:0.255;10:0.104;8:0.089;4:0.039
W0094,52.1581,10.9566,5,0.653,0.239,40000,5:0.653;3:0.173;8:0.062;4:0.038;10:0.035
W0095,52.1581,10.9861,5,0.428,0.197,40000,5:0.428;17:0.233;9:0.099;3:0.069;10:0.058;2:0.041
W0096,52.1581,11.0157,5,0.43,0.178,40000,5:0.43;17:0.286;9:0.073;4:0.06;10:0.059;3:0.031
W0097,52.1581,11.0452,5,0.436,0.17,40000,5:0.436;17:0.29;2:0.075;9:0.073;4:0.052;10:0.041
W0098,52.1581,11.1043,5,0.482,0.22,39800,5:0.482;17:0.261;10:0.104;3:0.071;2:0.058
W0099,52.1761,10.2182,5,0.667,0.292,40000,5:0.667;3:0.298
W0100,52.1761,10.3658,kein_wald,0.0,0.0,24400,
W0101,52.1761,10.4249,17,0.5,0.005,40000,17:0.5;5:0.275;3:0.093;10:0.077;16:0.033;2:0.022
W0102,52.1761,10.4545,5,0.593,0.42,40000,5:0.593;3:0.318;17:0.046
W0103,52.1761,10.484,kein_wald,0.0,0.0,40000,
W0104,52.1761,10.5431,3,0.669,0.264,40000,3:0.669;5:0.317
W0105,52.1761,10.7794,3,0.575,0.532,39800,3:0.575;8:0.185;10:0.131;5:0.082
W0106,52.1761,10.8089,3,0.379,0.947,40000,3:0.379;5:0.231;8:0.206;10:0.115;4:0.031;9:0.025
W0107,52.1761,10.8384,3,0.4,0.974,39800,3:0.4;5:0.333;8:0.118;10:0.08;4:0.037
W0108,52.1761,10.868,5,0.411,0.738,40000,5:0.411;3:0.41;10:0.085;8:0.048;4:0.029
W0109,52.1761,10.8975,3,0.415,0.661,33400,3:0.415;5:0.395;10:0.079;8:0.056;9:0.035
W0110,52.1761,10.9271,3,0.564,0.289,40000,3:0.564;5:0.303;4:0.054;10:0.028
W0111,52.1761,10.9566,5,0.459,0.081,40000,5:0.459;3:0.421;10:0.045;9:0.035
W0112,52.1761,10.9861,5,0.384,0.264,40000,5:0.384;3:0.198;17:0.194;10:0.078;9:0.053;4:0.038
W0113,52.1761,11.0157,17,0.395,0.243,40000,17:0.395;5:0.238;9:0.147;2:0.073;10:0.058;16:0.038
W0114,52.1761,11.0452,5,0.412,0.121,40000,5:0.412;17:0.276;9:0.127;2:0.075;10:0.046;4:0.033
W0115,52.1761,11.1043,5,0.502,0.31,39800,5:0.502;3:0.281;10:0.127;9:0.025;2:0.024;17:0.023
W0116,52.1941,10.1,5,0.667,0.005,19800,5:0.667;6:0.156;17:0.156;2:0.022
W0117,52.1941,10.3068,17,0.551,0.133,40000,17:0.551;5:0.327;6:0.039;3:0.032;2:0.026
W0118,52.1941,10.3363,17,0.692,0.107,40000,17:0.692;5:0.251;10:0.03
W0119,52.1941,10.5431,3,0.561,0.478,40000,3:0.561;5:0.394;10:0.023
W0120,52.1941,10.6317,17,0.678,0.005,29000,17:0.678;10:0.11;8:0.096;5:0.089
W0121,52.1941,10.6908,5,0.426,0.026,40000,5:0.426;17:0.206;3:0.096;16:0.062;6:0.052;9:0.046
W0122,52.1941,10.7203,3,0.931,0.247,40000,3:0.931;5:0.046
W0123,52.1941,10.7498,3,0.741,0.907,40000,3:0.741;5:0.118;8:0.067;10:0.064
W0124,52.1941,10.7794,3,0.562,0.977,39800,3:0.562;5:0.217;10:0.115;8:0.093
W0125,52.1941,10.8089,3,0.471,0.996,40000,3:0.471;5:0.238;8:0.152;10:0.084;4:0.027
W0126,52.1941,10.8384,3,0.417,0.767,39800,3:0.417;5:0.353;10:0.111;8:0.081;4:0.023
W0127,52.1941,10.868,3,0.42,0.004,40000,3:0.42;6:0.278;5:0.243;16:0.03
W0128,52.1941,10.9271,9,0.474,0.004,40000,9:0.474;5:0.286;17:0.136;16:0.052;2:0.032
W0129,52.1941,10.9566,3,0.622,0.31,40000,3:0.622;5:0.339
W0130,52.1941,11.0452,3,0.484,0.37,40000,3:0.484;5:0.432;10:0.031;17:0.025
W0131,52.1941,11.0747,5,0.535,0.501,40000,5:0.535;3:0.279;10:0.148
W0132,52.1941,11.1043,5,0.433,0.432,39800,5:0.433;3:0.39;10:0.11;17:0.026
W0133,52.2122,10.3363,17,0.496,0.071,40000,17:0.496;5:0.325;6:0.068;3:0.05;10:0.028;2:0.021
W0134,52.2122,10.5431,5,0.835,0.113,40000,5:0.835;17:0.066;3:0.042;6:0.029
W0135,52.2122,10.5726,5,0.885,0.274,40000,5:0.885;3:0.072;17:0.021;16:0.021
W0136,52.2122,10.6021,5,0.634,0.012,40000,5:0.634;3:0.252;17:0.07;6:0.029
W0137,52.2122,10.7203,3,0.809,0.654,40000,3:0.809;5:0.077;8:0.035;10:0.027;4:0.026
W0138,52.2122,10.7498,3,0.837,0.81,40000,3:0.837;5:0.06;8:0.047;10:0.038
W0139,52.2122,10.7794,3,0.717,0.992,39800,3:0.717;5:0.147;10:0.07;8:0.057
W0140,52.2122,10.8089,3,0.59,0.947,40000,3:0.59;5:0.275;10:0.061;8:0.048
W0141,52.2122,10.8384,3,0.473,0.346,39800,3:0.473;5:0.302;10:0.118;8:0.07
W0142,52.2122,10.8975,5,0.698,0.351,33400,5:0.698;3:0.131;10:0.077;8:0.036;4:0.031
W0143,52.2122,10.9271,5,0.674,0.131,40000,5:0.674;3:0.264;17:0.028
W0144,52.2122,10.9566,5,0.58,0.577,40000,5:0.58;3:0.28;10:0.071;4:0.023
W0145,52.2122,10.9861,5,0.38,0.092,40000,5:0.38;3:0.374;10:0.198;17:0.037
W0146,52.2122,11.0157,5,0.731,0.009,40000,5:0.731;2:0.12;17:0.074;10:0.045
W0147,52.2122,11.0452,5,0.483,0.603,40000,5:0.483;10:0.148;9:0.124;3:0.121;2:0.072;17:0.022
W0148,52.2122,11.0747,5,0.423,0.826,40000,5:0.423;10:0.204;3:0.136;2:0.092;9:0.078;17:0.03
W0149,52.2122,11.1043,5,0.376,0.226,39800,5:0.376;3:0.328;10:0.116;17:0.091;2:0.038;6:0.025
W0150,52.2122,11.1338,3,0.345,0.007,40000,3:0.345;17:0.258;16:0.227;5:0.125
W0151,52.2302,10.5431,5,0.748,0.097,40000,5:0.748;17:0.072;3:0.069;4:0.034;10:0.028
W0152,52.2302,10.5726,5,0.871,0.175,40000,5:0.871;16:0.051;3:0.044;17:0.029
W0153,52.2302,10.6021,5,0.817,0.23,40000,5:0.817;3:0.164
W0154,52.2302,10.6317,5,0.76,0.478,29000,5:0.76;3:0.181
W0155,52.2302,10.6612,5,0.679,0.372,40000,5:0.679;3:0.185;10:0.049;17:0.048
W0156,52.2302,10.7203,3,0.516,0.315,40000,3:0.516;5:0.208;4:0.094;8:0.058;10:0.043;16:0.027
W0157,52.2302,10.7498,3,0.774,0.99,40000,3:0.774;5:0.076;8:0.074;10:0.053
W0158,52.2302,10.7794,3,0.658,0.959,39800,3:0.658;5:0.183;10:0.083;8:0.045
W0159,52.2302,10.8089,3,0.584,0.499,40000,3:0.584;5:0.296;10:0.067
W0160,52.2302,10.8384,5,0.667,0.001,39800,5:0.667;10:0.296
W0161,52.2302,11.0157,5,0.727,0.16,40000,5:0.727;9:0.117;10:0.073
W0162,52.2302,11.0452,5,0.644,0.939,40000,5:0.644;3:0.137;10:0.087;9:0.079;2:0.024
W0163,52.2302,11.0747,5,0.484,0.716,40000,5:0.484;3:0.207;10:0.087;9:0.074;2:0.066;8:0.034
W0164,52.2302,11.1043,5,0.386,0.024,39800,5:0.386;17:0.341;3:0.117;6:0.048;2:0.025;16:0.025
W0165,52.2482,10.1591,5,0.782,0.017,23800,5:0.782;3:0.185;16:0.02
W0166,52.2482,10.4545,5,0.885,0.431,23800,5:0.885;10:0.047;3:0.027
W0167,52.2482,10.5135,17,1.0,0.0,23800,17:1.0
W0168,52.2482,10.6317,5,0.683,0.136,17255,5:0.683;6:0.134;3:0.069;17:0.057;2:0.036
W0169,52.2482,10.6612,5,0.846,0.132,23800,5:0.846;9:0.053;3:0.03;17:0.026;2:0.022
W0170,52.2482,10.6908,5,0.674,0.108,23800,5:0.674;17:0.136;3:0.081;10:0.061
W0171,52.2482,10.7498,3,0.633,0.351,23800,3:0.633;5:0.169;4:0.072;10:0.06;8:0.035
W0172,52.2482,10.7794,3,0.567,0.662,23681,3:0.567;5:0.384;10:0.02
W0173,52.2482,10.8089,3,0.492,0.029,23800,3:0.492;5:0.469
W0174,52.2482,10.9566,9,0.632,0.012,23800,9:0.632;8:0.078;17:0.078;2:0.068;5:0.068;4:0.041
W0175,52.2482,10.9861,5,0.399,0.309,23800,5:0.399;9:0.374;10:0.13;2:0.052
W0176,52.2482,11.0157,5,0.791,0.859,23800,5:0.791;9:0.077;10:0.07;3:0.026
W0177,52.2482,11.0452,5,0.513,1.0,23800,5:0.513;10:0.168;3:0.146;9:0.093;2:0.038;8:0.027
W0178,52.2482,11.0747,5,0.285,0.482,23800,5:0.285;3:0.275;10:0.177;9:0.139;8:0.043;4:0.035
W0179,52.2482,11.1043,17,0.429,0.054,23681,17:0.429;5:0.378;9:0.094;2:0.049
W0180,52.2482,11.1338,9,0.298,0.437,23800,9:0.298;5:0.232;10:0.211;8:0.094;2:0.048;4:0.042
W0181,52.2662,10.1886,5,0.435,0.073,40000,5:0.435;17:0.363;3:0.146;6:0.021
W0182,52.2662,10.2477,5,0.677,0.072,40000,5:0.677;3:0.264;17:0.038
W0183,52.2662,10.2772,5,0.757,0.24,40000,5:0.757;3:0.196;17:0.021
W0184,52.2662,10.3068,5,0.647,0.191,40000,5:0.647;3:0.286;17:0.025
W0185,52.2662,10.6021,5,0.774,0.452,40000,5:0.774;17:0.05;10:0.049;3:0.041;2:0.034;6:0.024
W0186,52.2662,10.6317,17,0.461,0.106,29000,17:0.461;5:0.238;10:0.089;2:0.081;9:0.077;3:0.024
W0187,52.2662,10.6612,5,0.64,0.43,40000,5:0.64;17:0.072;10:0.072;2:0.056;16:0.055;3:0.048
W0188,52.2662,10.7203,5,0.723,0.16,40000,5:0.723;3:0.16;17:0.037;16:0.029;6:0.025
W0189,52.2662,10.868,3,0.778,0.13,40000,3:0.778;5:0.173;17:0.025
W0190,52.2662,10.8975,5,0.524,0.486,33400,5:0.524;3:0.414
W0191,52.2662,10.9566,9,0.392,0.192,40000,9:0.392;5:0.235;10:0.099;2:0.088;17:0.081;6:0.044
W0192,52.2662,10.9861,5,0.532,0.65,40000,5:0.532;9:0.25;10:0.066;2:0.052;3:0.047
W0193,52.2662,11.0157,5,0.471,1.0,40000,5:0.471;9:0.251;3:0.1;10:0.083;8:0.047;2:0.028
W0194,52.2662,11.0452,5,0.523,0.945,40000,5:0.523;3:0.129;9:0.127;10:0.115;2:0.037;4:0.029
W0195,52.2662,11.0747,3,0.418,0.334,40000,3:0.418;5:0.365;17:0.069;10:0.045;9:0.044;2:0.021
W0196,52.2662,11.1043,5,0.499,0.515,39800,5:0.499;3:0.353;10:0.045;9:0.044;17:0.029
W0197,52.2662,11.1338,5,0.229,0.909,40000,5:0.229;10:0.221;3:0.216;9:0.15;2:0.095;8:0.042
W0198,52.2842,10.1,5,0.697,0.006,19800,5:0.697;17:0.168;6:0.076;3:0.034;16:0.025
W0199,52.2842,10.1886,5,0.491,0.334,40000,5:0.491;3:0.397;17:0.061;6:0.021
W0200,52.2842,10.2477,5,0.524,0.186,40000,5:0.524;3:0.27;6:0.08;17:0.038;16:0.032;10:0.03
W0201,52.2842,10.3363,5,0.6,0.355,40000,5:0.6;3:0.122;9:0.092;10:0.092;2:0.031;17:0.024
W0202,52.2842,10.3658,5,0.605,0.084,24400,5:0.605;10:0.082;3:0.071;17:0.07;8:0.058;4:0.043
W0203,52.2842,10.3954,5,0.787,0.074,40000,5:0.787;17:0.081;3:0.049;4:0.024;10:0.02
W0204,52.2842,10.4545,5,0.629,0.247,40000,5:0.629;3:0.194;6:0.066;17:0.044;2:0.022;10:0.021
W0205,52.2842,10.5135,3,0.325,0.001,40000,3:0.325;5:0.325;6:0.325;17:0.025
W0206,52.2842,10.5431,5,0.801,0.046,40000,5:0.801;17:0.147;3:0.023
W0207,52.2842,10.5726,6,0.304,0.073,40000,6:0.304;5:0.264;17:0.245;2:0.14;10:0.039
W0208,52.2842,10.6021,5,0.478,0.178,40000,5:0.478;6:0.214;3:0.183;10:0.04;17:0.037;2:0.03
W0209,52.2842,10.6317,5,0.522,0.238,29000,5:0.522;3:0.392;17:0.046;6:0.03
W0210,52.2842,10.7203,5,0.622,0.14,40000,5:0.622;3:0.208;6:0.04;10:0.04;17:0.029;2:0.028
W0211,52.2842,10.8089,9,0.411,0.432,40000,9:0.411;2:0.326;6:0.091;5:0.06;4:0.048;10:0.045
W0212,52.2842,10.8384,5,0.303,0.109,39800,5:0.303;17:0.179;2:0.169;6:0.098;9:0.088;3:0.088
W0213,52.2842,10.868,5,0.401,0.717,40000,5:0.401;3:0.353;9:0.08;8:0.053;4:0.052;10:0.033
W0214,52.2842,10.8975,5,0.39,0.806,33400,5:0.39;3:0.385;9:0.094;4:0.037;8:0.036;10:0.03
W0215,52.2842,11.0157,9,0.476,0.856,40000,9:0.476;5:0.196;10:0.144;2:0.056;8:0.046;3:0.039
W0216,52.2842,11.0452,9,0.339,0.521,40000,9:0.339;5:0.191;3:0.143;10:0.127;2:0.062;8:0.059
W0217,52.2842,11.0747,17,0.394,0.068,40000,17:0.394;5:0.327;3:0.156;16:0.066;6:0.047
W0218,52.2842,11.1043,5,0.441,0.069,39800,5:0.441;3:0.239;17:0.14;10:0.077;9:0.07;6:0.022
W0219,52.2842,11.1338,5,0.684,0.142,40000,5:0.684;3:0.116;17:0.078;10:0.048;2:0.025
W0220,52.3023,10.1886,5,0.45,0.07,40000,5:0.45;3:0.215;17:0.16;2:0.072;10:0.032;9:0.023
W0221,52.3023,10.2772,5,0.827,0.197,40000,5:0.827;3:0.086;10:0.046
W0222,52.3023,10.3068,5,0.796,0.042,40000,5:0.796;3:0.084;10:0.073;17:0.026
W0223,52.3023,10.3363,5,0.631,0.574,40000,5:0.631;3:0.105;10:0.076;9:0.056;2:0.041;8:0.038
W0224,52.3023,10.3658,5,0.549,0.571,24400,5:0.549;3:0.206;9:0.057;10:0.056;17:0.044;8:0.026
W0225,52.3023,10.4249,5,0.626,0.124,40000,5:0.626;3:0.24;10:0.037;2:0.029;17:0.028;4:0.021
W0226,52.3023,10.5431,5,0.589,0.251,40000,5:0.589;9:0.149;10:0.089;17:0.055;2:0.047;6:0.038
W0227,52.3023,10.5726,5,0.636,0.174,40000,5:0.636;10:0.112;9:0.095;17:0.047;3:0.031;2:0.031
W0228,52.3023,10.6317,5,0.746,0.391,29000,5:0.746;3:0.15;17:0.033;9:0.024
W0229,52.3023,10.6612,5,0.666,0.365,40000,5:0.666;3:0.219;9:0.052;6:0.02
W0230,52.3023,10.6908,5,0.584,0.427,40000,5:0.584;9:0.161;3:0.088;10:0.07;17:0.031;2:0.03
W0231,52.3023,10.7203,5,0.656,0.207,40000,5:0.656;9:0.127;17:0.101;3:0.037;10:0.028;6:0.025
W0232,52.3023,10.8089,5,0.376,0.04,40000,5:0.376;17:0.215;9:0.16;6:0.095;2:0.078;10:0.055
W0233,52.3023,10.8384,5,0.415,0.196,39800,5:0.415;3:0.163;9:0.095;17:0.086;10:0.076;4:0.064
W0234,52.3023,10.868,9,0.434,0.141,40000,9:0.434;5:0.255;10:0.089;2:0.052;4:0.05;3:0.041
W0235,52.3023,10.8975,9,0.558,0.084,33400,9:0.558;5:0.17;10:0.075;17:0.072;4:0.054;2:0.033
W0236,52.3023,10.9271,5,0.904,0.175,40000,5:0.904;10:0.038;17:0.022
W0237,52.3023,10.9861,5,0.534,0.715,40000,5:0.534;3:0.204;9:0.123;10:0.07;17:0.028
W0238,52.3023,11.0157,5,0.548,0.403,40000,5:0.548;3:0.132;9:0.114;10:0.109;17:0.04;8:0.03
W0239,52.3023,11.0452,5,0.391,0.166,40000,5:0.391;17:0.172;2:0.108;3:0.101;10:0.098;9:0.079
W0240,52.3023,11.0747,5,0.421,0.458,40000,5:0.421;3:0.393;17:0.138
W0241,52.3023,11.1043,5,0.616,0.243,39800,5:0.616;9:0.186;10:0.124;17:0.028;3:0.022
W0242,52.3023,11.1338,5,0.64,0.44,40000,5:0.64;3:0.261;17:0.04;10:0.032
W0243,52.3203,10.2182,17,0.388,0.114,40000,17:0.388;6:0.255;5:0.218;2:0.061;3:0.035;10:0.021
W0244,52.3203,10.3068,5,0.596,0.538,40000,5:0.596;3:0.315;17:0.04
W0245,52.3203,10.3363,5,0.492,0.339,40000,5:0.492;3:0.252;9:0.157;10:0.031;17:0.026
W0246,52.3203,10.5726,5,0.774,0.472,40000,5:0.774;3:0.116;17:0.038;10:0.033
W0247,52.3203,10.6021,5,0.732,0.057,40000,5:0.732;17:0.074;10:0.061;4:0.05;9:0.03;6:0.022
W0248,52.3203,10.6317,5,0.752,0.066,29000,5:0.752;17:0.094;3:0.068;9:0.036;10:0.033
W0249,52.3203,10.6612,5,0.593,0.322,40000,5:0.593;9:0.247;10:0.073;3:0.039;2:0.02
W0250,52.3203,10.6908,5,0.784,0.182,40000,5:0.784;3:0.056;2:0.05;10:0.045;17:0.032
W0251,52.3203,10.7203,5,0.74,0.68,40000,5:0.74;9:0.088;3:0.061;10:0.044;17:0.023;4:0.022
W0252,52.3203,10.7498,5,0.719,0.088,40000,5:0.719;17:0.093;10:0.047;2:0.042;3:0.035;9:0.03
W0253,52.3203,10.8384,5,0.595,0.28,39800,5:0.595;8:0.083;3:0.076;9:0.075;10:0.064;4:0.061
W0254,52.3203,10.868,5,0.737,0.065,40000,5:0.737;3:0.072;17:0.06;16:0.031;10:0.03;4:0.021
W0255,52.3203,10.9271,5,0.591,0.589,40000,5:0.591;9:0.103;3:0.075;10:0.068;8:0.057;17:0.044
W0256,52.3203,10.9566,5,0.665,0.82,40000,5:0.665;3:0.153;9:0.077;10:0.048
W0257,52.3203,10.9861,5,0.665,0.25,40000,5:0.665;9:0.104;17:0.066;3:0.065;10:0.05;2:0.027
W0258,52.3203,11.0452,5,0.489,0.372,40000,5:0.489;3:0.401;17:0.061;10:0.033
W0259,52.3383,10.1,5,0.723,0.228,19800,5:0.723;3:0.19;17:0.026
W0260,52.3383,10.1295,5,0.804,0.514,40000,5:0.804;3:0.072;9:0.034;4:0.025
W0261,52.3383,10.3363,5,0.583,0.361,40000,5:0.583;10:0.143;9:0.134;17:0.041;4:0.028;2:0.025
W0262,52.3383,10.3658,5,0.898,0.025,24400,5:0.898;17:0.039;9:0.036
W0263,52.3383,10.484,5,0.639,0.063,40000,5:0.639;9:0.171;10:0.059;2:0.05;17:0.04;4:0.036
W0264,52.3383,10.5135,5,0.738,0.136,40000,5:0.738;17:0.203
W0265,52.3383,10.5726,5,0.626,0.23,40000,5:0.626;3:0.188;17:0.053;9:0.042;8:0.031;4:0.021
W0266,52.3383,10.6021,5,0.853,0.461,40000,5:0.853;3:0.049;17:0.044
W0267,52.3383,10.6317,5,0.858,0.617,29000,5:0.858;3:0.068;17:0.046
W0268,52.3383,10.6612,5,0.686,0.519,40000,5:0.686;3:0.21;2:0.031;17:0.025
W0269,52.3383,10.6908,5,0.869,0.223,40000,5:0.869;17:0.045;6:0.043;3:0.035
W0270,52.3383,10.7203,5,0.731,0.868,40000,5:0.731;3:0.09;9:0.087;10:0.033
W0271,52.3383,10.7498,5,0.765,0.199,40000,5:0.765;9:0.101;10:0.046;17:0.045;2:0.022
W0272,52.3383,10.868,5,0.441,0.401,40000,5:0.441;9:0.17;10:0.122;4:0.108;8:0.076;2:0.033
W0273,52.3383,10.8975,5,0.366,0.469,33400,5:0.366;9:0.209;10:0.122;4:0.102;8:0.099;2:0.056
W0274,52.3383,10.9271,5,0.775,0.175,40000,5:0.775;9:0.058;3:0.038;10:0.036;17:0.03;4:0.026
W0275,52.3383,10.9566,5,0.638,0.08,40000,5:0.638;3:0.118;9:0.056;17:0.056;2:0.033;8:0.03
W0276,52.3383,10.9861,5,0.355,0.09,40000,5:0.355;9:0.261;10:0.191;17:0.111;2:0.042;4:0.032
W0277,52.3383,11.1043,5,0.673,0.095,39800,5:0.673;3:0.177;17:0.096;10:0.028;6:0.023
W0278,52.3383,11.1338,9,0.404,0.096,40000,9:0.404;5:0.382;10:0.147;2:0.033
W0279,52.3563,10.1,5,0.579,0.851,19800,5:0.579;3:0.296;9:0.078;2:0.021
W0280,52.3563,10.1295,5,0.578,0.141,40000,5:0.578;9:0.151;2:0.095;3:0.056;10:0.051;4:0.033
W0281,52.3563,10.2772,5,0.479,0.101,40000,5:0.479;9:0.264;8:0.068;4:0.045;17:0.042;10:0.04
W0282,52.3563,10.3068,5,0.519,0.176,40000,5:0.519;3:0.191;6:0.11;17:0.099;2:0.041;8:0.024
W0283,52.3563,10.3363,5,0.422,0.212,40000,5:0.422;3:0.413;9:0.051;10:0.042;2:0.034
W0284,52.3563,10.3658,5,0.576,0.123,24400,5:0.576;6:0.103;10:0.089;9:0.067;2:0.064;17:0.059
W0285,52.3563,10.4249,5,0.397,0.108,40000,5:0.397;4:0.227;9:0.159;17:0.083;10:0.063;2:0.05
W0286,52.3563,10.484,5,0.923,0.105,40000,5:0.923;17:0.045;3:0.029
W0287,52.3563,10.5135,5,0.922,0.491,40000,5:0.922;3:0.024
W0288,52.3563,10.5726,5,0.799,0.159,40000,5:0.799;9:0.066;10:0.043;17:0.037
W0289,52.3563,10.6021,5,0.797,0.232,40000,5:0.797;3:0.071;17:0.043;10:0.04;2:0.027
W0290,52.3563,10.6317,5,0.82,0.489,29000,5:0.82;3:0.106;17:0.028
W0291,52.3563,10.6612,5,0.787,0.411,40000,5:0.787;3:0.151;17:0.022
W0292,52.3563,10.6908,5,0.639,0.098,40000,5:0.639;3:0.216;17:0.06;4:0.03
W0293,52.3563,10.8089,5,0.42,0.393,40000,5:0.42;9:0.297;10:0.071;6:0.057;8:0.051;4:0.037
W0294,52.3563,10.8384,5,0.506,0.397,39800,5:0.506;9:0.179;10:0.103;4:0.063;8:0.056;2:0.03
W0295,52.3563,10.868,5,0.61,0.125,40000,5:0.61;3:0.098;9:0.095;10:0.08;4:0.044;2:0.026
W0296,52.3563,10.9861,5,0.715,0.459,40000,5:0.715;9:0.101;3:0.06;10:0.048;17:0.032;8:0.021
W0297,52.3563,11.0157,5,0.421,0.102,40000,5:0.421;9:0.321;4:0.102;10:0.063;17:0.055
W0298,52.3563,11.0452,9,0.633,0.088,40000,9:0.633;5:0.202;4:0.041;17:0.041;2:0.04
W0299,52.3563,11.0747,5,0.624,0.308,40000,5:0.624;17:0.101;3:0.078;9:0.072;10:0.063;6:0.039
W0300,52.3563,11.1043,5,0.417,0.208,39800,5:0.417;9:0.276;10:0.12;2:0.082;17:0.049;3:0.02
W0301,52.3563,11.1338,9,0.712,0.625,40000,9:0.712;5:0.106;10:0.097;2:0.034
W0302,52.3743,10.1,5,0.47,0.207,19800,5:0.47;9:0.271;3:0.104;2:0.054;17:0.048;10:0.03
W0303,52.3743,10.1886,5,0.56,0.083,40000,5:0.56;3:0.146;2:0.125;17:0.052;9:0.045;6:0.036
W0304,52.3743,10.3068,5,0.55,0.21,40000,5:0.55;3:0.125;10:0.081;9:0.071;17:0.057;6:0.044
W0305,52.3743,10.3363,5,0.59,0.306,40000,5:0.59;3:0.2;9:0.057;6:0.043;10:0.034;17:0.03
W0306,52.3743,10.3658,9,0.459,0.023,24400,9:0.459;5:0.391;2:0.099;10:0.023
W0307,52.3743,10.3954,5,0.745,0.004,40000,5:0.745;3:0.103;17:0.103;2:0.041
W0308,52.3743,10.4249,9,0.311,0.303,40000,9:0.311;5:0.31;10:0.146;2:0.07;17:0.068;4:0.065
W0309,52.3743,10.5135,5,0.835,0.033,40000,5:0.835;17:0.08;3:0.023
W0310,52.3743,10.5726,5,0.68,0.213,40000,5:0.68;17:0.198;10:0.038;2:0.03
W0311,52.3743,10.6612,5,0.602,0.056,40000,5:0.602;3:0.158;17:0.058;4:0.053;10:0.037;9:0.032
W0312,52.3743,10.6908,5,0.569,0.41,40000,5:0.569;3:0.284;6:0.042;17:0.031;4:0.025;10:0.02
W0313,52.3743,10.7203,5,0.523,0.598,40000,5:0.523;3:0.367;10:0.06
W0314,52.3743,10.7498,5,0.607,0.435,40000,5:0.607;3:0.121;10:0.093;8:0.045;9:0.043;4:0.035
W0315,52.3743,10.7794,5,0.462,0.564,39800,5:0.462;10:0.185;8:0.137;9:0.06;3:0.056;4:0.044
W0316,52.3743,10.8089,5,0.423,0.652,40000,5:0.423;9:0.224;10:0.092;3:0.068;8:0.06;4:0.051
W0317,52.3743,10.8384,5,0.548,0.396,39800,5:0.548;9:0.148;3:0.066;17:0.046;6:0.046;8:0.044
W0318,52.3743,10.868,5,0.598,0.29,40000,5:0.598;4:0.105;9:0.089;10:0.07;8:0.06;3:0.036
W0319,52.3743,10.8975,5,0.693,0.084,33400,5:0.693;17:0.065;9:0.065;3:0.049;6:0.038;10:0.025
W0320,52.3743,10.9861,9,0.389,0.203,40000,9:0.389;5:0.37;3:0.123;10:0.04;4:0.032
W0321,52.3743,11.0157,5,0.438,0.654,40000,5:0.438;9:0.359;4:0.077;10:0.042;3:0.041;17:0.024
W0322,52.3743,11.0452,5,0.606,0.125,40000,5:0.606;9:0.148;6:0.079;17:0.079;2:0.042;10:0.038
W0323,52.3743,11.0747,5,0.335,0.184,40000,5:0.335;9:0.331;10:0.129;3:0.087;17:0.054;2:0.029
W0324,52.3923,10.2182,5,0.601,0.262,40000,5:0.601;3:0.151;10:0.068;8:0.055;4:0.029;9:0.029
W0325,52.3923,10.2477,5,0.842,0.191,40000,5:0.842;3:0.095;9:0.027
W0326,52.3923,10.3363,5,0.515,0.055,40000,5:0.515;9:0.164;6:0.123;10:0.089;2:0.034;8:0.028
W0327,52.3923,10.3658,9,0.534,0.142,24400,9:0.534;5:0.18;10:0.143;2:0.114
W0328,52.3923,10.3954,5,0.4,0.02,40000,5:0.4;9:0.268;2:0.179;10:0.084;17:0.065
W0329,52.3923,10.4545,5,0.526,0.295,40000,5:0.526;9:0.183;4:0.088;10:0.054;3:0.053;2:0.043
W0330,52.3923,10.484,5,0.794,0.356,40000,5:0.794;3:0.065;4:0.032;9:0.027;6:0.026;10:0.02
W0331,52.3923,10.5135,5,0.688,0.293,40000,5:0.688;9:0.075;10:0.053;4:0.049;17:0.041;6:0.033
W0332,52.3923,10.6021,5,0.646,0.17,40000,5:0.646;10:0.087;3:0.084;4:0.057;17:0.044;8:0.034
W0333,52.3923,10.6612,5,0.779,0.005,40000,5:0.779;3:0.069;10:0.049;9:0.034;6:0.029
W0334,52.3923,10.6908,5,0.569,0.057,40000,5:0.569;3:0.097;6:0.086;4:0.077;10:0.049;17:0.045
W0335,52.3923,10.7203,5,0.425,0.129,40000,5:0.425;3:0.306;6:0.104;4:0.046;10:0.046;17:0.034
W0336,52.3923,10.7498,5,0.685,0.249,40000,5:0.685;10:0.18;9:0.064;4:0.03
W0337,52.3923,10.7794,5,0.681,0.851,39800,5:0.681;3:0.139;10:0.092;8:0.023
W0338,52.3923,10.8089,5,0.683,0.18,40000,5:0.683;3:0.082;17:0.052;8:0.05;10:0.043;4:0.039
W0339,52.3923,10.868,5,0.381,0.295,40000,5:0.381;9:0.178;4:0.145;3:0.087;10:0.063;8:0.06
W0340,52.3923,10.8975,5,0.333,0.562,33400,5:0.333;9:0.284;4:0.113;3:0.076;10:0.065;8:0.048
W0341,52.3923,11.0157,5,0.551,0.126,40000,5:0.551;9:0.292;10:0.058;4:0.025;17:0.022;6:0.02
W0342,52.3923,11.0452,9,0.496,0.031,40000,9:0.496;5:0.297;17:0.097;10:0.064;2:0.029
W0343,52.3923,11.0747,9,0.612,0.074,40000,9:0.612;5:0.18;2:0.085;10:0.085;17:0.03
W0344,52.4104,10.1,9,0.525,0.494,19800,9:0.525;5:0.305;10:0.064;4:0.046;8:0.024
W0345,52.4104,10.1295,9,0.537,0.15,40000,9:0.537;5:0.241;10:0.059;4:0.043;8:0.041;2:0.033
W0346,52.4104,10.1886,5,0.519,0.035,40000,5:0.519;6:0.265;2:0.085;17:0.071;9:0.025;3:0.021
W0347,52.4104,10.2182,5,0.575,0.153,40000,5:0.575;6:0.229;9:0.069;2:0.039;17:0.033;10:0.027
W0348,52.4104,10.2477,5,0.719,0.178,40000,5:0.719;9:0.104;8:0.051;3:0.027;10:0.026;2:0.025
W0349,52.4104,10.2772,5,0.64,0.174,40000,5:0.64;9:0.171;10:0.09;2:0.057
W0350,52.4104,10.3363,9,0.43,0.173,40000,9:0.43;5:0.316;10:0.085;4:0.051;2:0.05;8:0.024
W0351,52.4104,10.3658,9,0.852,0.268,24400,9:0.852;5:0.065;2:0.05
W0352,52.4104,10.4249,5,0.441,0.128,40000,5:0.441;4:0.148;17:0.137;3:0.096;8:0.059;2:0.049
W0353,52.4104,10.4545,5,0.584,0.736,40000,5:0.584;9:0.176;4:0.107;10:0.039;17:0.03
W0354,52.4104,10.484,5,0.632,0.467,40000,5:0.632;9:0.122;4:0.065;17:0.057;10:0.045;2:0.027
W0355,52.4104,10.5135,5,0.462,0.353,40000,5:0.462;9:0.243;10:0.084;2:0.074;4:0.048;6:0.037
W0356,52.4104,10.5431,9,0.437,0.106,40000,9:0.437;5:0.255;2:0.089;10:0.083;6:0.051;4:0.044
W0357,52.4104,10.7498,5,0.939,0.234,40000,5:0.939;3:0.032
W0358,52.4104,10.7794,5,0.781,0.273,39800,5:0.781;3:0.109;17:0.043;10:0.036
W0359,52.4104,10.8089,5,0.678,0.202,40000,5:0.678;3:0.173;4:0.042;6:0.037;10:0.032
W0360,52.4104,10.868,9,0.387,0.555,40000,9:0.387;5:0.368;10:0.056;3:0.055;4:0.039;2:0.034
W0361,52.4104,10.8975,9,0.49,0.73,33400,9:0.49;5:0.309;4:0.056;10:0.046;2:0.044
W0362,52.4104,10.9271,5,0.48,0.408,40000,5:0.48;9:0.287;3:0.086;2:0.055;10:0.053
W0363,52.4104,10.9566,5,0.36,0.212,40000,5:0.36;9:0.218;17:0.147;10:0.121;2:0.118
W0364,52.4104,11.0452,9,0.649,0.237,40000,9:0.649;5:0.158;17:0.08;10:0.066;2:0.042
W0365,52.4284,10.1,9,0.446,0.945,19800,9:0.446;5:0.151;4:0.107;8:0.107;10:0.08;2:0.057
W0366,52.4284,10.1295,9,0.523,0.815,40000,9:0.523;5:0.28;4:0.084;10:0.053;2:0.03
W0367,52.4284,10.1591,9,0.731,0.349,40000,9:0.731;5:0.096;2:0.057;4:0.056;10:0.028
W0368,52.4284,10.1886,9,0.394,0.182,40000,9:0.394;5:0.312;10:0.091;2:0.069;4:0.048;8:0.036
W0369,52.4284,10.2182,6,0.33,0.101,40000,6:0.33;5:0.318;9:0.136;2:0.061;4:0.048;10:0.04
W0370,52.4284,10.2477,5,0.348,0.179,40000,5:0.348;9:0.164;6:0.15;4:0.087;2:0.084;8:0.077
W0371,52.4284,10.2772,5,0.399,0.177,40000,5:0.399;9:0.208;2:0.152;6:0.129;10:0.058;17:0.039
W0372,52.4284,10.3068,5,0.691,0.092,40000,5:0.691;9:0.12;10:0.079;2:0.064;17:0.035
W0373,52.4284,10.3363,9,0.553,0.192,40000,9:0.553;5:0.256;2:0.1;10:0.025;17:0.025
W0374,52.4284,10.3658,5,0.423,0.051,24400,5:0.423;9:0.308;2:0.149;10:0.077;17:0.036
W0375,52.4284,10.4545,5,0.577,0.255,40000,5:0.577;9:0.115;4:0.112;3:0.086;2:0.038;17:0.026
W0376,52.4284,10.484,5,0.586,0.123,40000,5:0.586;9:0.165;3:0.062;4:0.061;2:0.059;6:0.027
W0377,52.4284,10.5135,5,0.411,0.129,40000,5:0.411;9:0.176;4:0.14;10:0.068;6:0.062;2:0.056
W0378,52.4284,10.5431,5,0.403,0.068,40000,5:0.403;2:0.247;10:0.12;9:0.102;6:0.048;17:0.034
W0379,52.4284,10.5726,5,0.467,0.039,40000,5:0.467;9:0.201;10:0.103;2:0.1;17:0.066;6:0.022
W0380,52.4284,10.6317,5,0.797,0.266,29000,5:0.797;6:0.069;2:0.058;3:0.024;17:0.022
W0381,52.4284,10.6612,5,0.481,0.253,40000,5:0.481;9:0.156;10:0.109;2:0.104;6:0.082;17:0.051
W0382,52.4284,10.7498,5,0.34,0.001,40000,5:0.34;2:0.298;6:0.255;10:0.064;9:0.043
W0383,52.4284,10.868,5,0.469,0.299,40000,5:0.469;9:0.238;17:0.093;6:0.065;2:0.055;10:0.055
W0384,52.4284,10.8975,5,0.558,0.468,33400,5:0.558;9:0.173;17:0.079;6:0.078;10:0.04;2:0.039
W0385,52.4284,10.9271,5,0.55,0.248,40000,5:0.55;9:0.16;2:0.124;10:0.087;17:0.047;6:0.024
W0386,52.4284,10.9566,2,0.335,0.08,40000,2:0.335;5:0.234;9:0.158;17:0.098;6:0.088;10:0.057
W0387,52.4284,11.0157,5,0.627,0.028,40000,5:0.627;17:0.122;9:0.099;2:0.073;10:0.04;3:0.037
W0388,52.4284,11.0452,5,0.461,0.131,40000,5:0.461;17:0.237;9:0.13;2:0.071;10:0.05;6:0.037
W0389,52.4284,11.1338,5,0.5,0.178,40000,5:0.5;17:0.229;6:0.096;10:0.061;2:0.056;9:0.035
W0390,52.4464,10.1,9,0.52,0.774,13761,9:0.52;4:0.157;8:0.112;5:0.077;10:0.054;2:0.046
W0391,52.4464,10.1295,9,0.679,0.369,27800,9:0.679;2:0.116;4:0.105;5:0.063
W0392,52.4464,10.1591,9,0.814,0.173,27800,9:0.814;2:0.085;5:0.054;17:0.031
W0393,52.4464,10.2477,5,0.379,0.246,27800,5:0.379;9:0.309;6:0.077;8:0.065;2:0.06;4:0.04
W0394,52.4464,10.2772,5,0.715,0.096,27800,5:0.715;9:0.088;2:0.075;10:0.054;3:0.024
W0395,52.4464,10.3068,5,0.409,0.102,27800,5:0.409;9:0.406;2:0.072;3:0.03;10:0.03;4:0.027
W0396,52.4464,10.3363,9,0.637,0.305,27800,9:0.637;5:0.173;10:0.068;2:0.055;4:0.045
W0397,52.4464,10.3658,9,0.346,0.081,16958,9:0.346;5:0.338;17:0.167;2:0.103;10:0.04
W0398,52.4464,10.3954,5,0.447,0.324,27800,5:0.447;9:0.308;10:0.115;4:0.063;2:0.028;8:0.022
W0399,52.4464,10.4545,9,0.744,0.429,27800,9:0.744;4:0.086;2:0.081;5:0.037;10:0.029
W0400,52.4464,10.484,9,0.665,0.585,27800,9:0.665;2:0.131;5:0.087;4:0.053;10:0.037
W0401,52.4464,10.5135,9,0.352,0.24,27800,9:0.352;2:0.263;5:0.214;10:0.092;17:0.05
W0402,52.4464,10.5431,5,0.527,0.224,27800,5:0.527;9:0.201;2:0.118;10:0.091;17:0.041
W0403,52.4464,10.5726,9,0.484,0.267,27800,9:0.484;5:0.326;10:0.102;2:0.04;4:0.034
W0404,52.4464,10.6021,9,0.327,0.202,27800,9:0.327;5:0.322;2:0.138;10:0.109;4:0.042;17:0.034
W0405,52.4464,10.6317,9,0.556,0.515,20155,9:0.556;2:0.177;5:0.125;10:0.064;6:0.025
W0406,52.4464,10.6612,9,0.551,0.74,27800,9:0.551;5:0.15;10:0.119;2:0.107;6:0.046
W0407,52.4464,10.6908,9,0.401,0.914,27800,9:0.401;5:0.23;2:0.166;10:0.118;6:0.064
W0408,52.4464,10.7203,9,0.501,0.585,27800,9:0.501;5:0.231;2:0.134;10:0.084;6:0.03
W0409,52.4464,10.7794,5,0.844,0.061,27661,5:0.844;9:0.088;10:0.027;17:0.02
W0410,52.4464,10.8089,5,0.346,0.138,27800,5:0.346;10:0.288;17:0.128;9:0.067;8:0.063;4:0.048
W0411,52.4464,10.8975,5,0.439,0.546,23213,5:0.439;9:0.274;6:0.119;17:0.08;2:0.041;10:0.034
W0412,52.4464,10.9271,5,0.636,0.389,27800,5:0.636;9:0.151;2:0.109;6:0.037;10:0.03
W0413,52.4464,11.1043,5,0.405,0.283,27661,5:0.405;17:0.22;2:0.17;6:0.152;10:0.048
W0414,52.4464,11.1338,5,0.574,0.236,27800,5:0.574;6:0.152;17:0.142;2:0.072;10:0.033;9:0.021
W0415,52.4644,10.1,5,0.349,0.121,19800,5:0.349;9:0.318;2:0.159;6:0.072;4:0.043;10:0.039
W0416,52.4644,10.1295,5,0.408,0.082,40000,5:0.408;2:0.229;9:0.185;6:0.058;4:0.057;10:0.029
W0417,52.4644,10.1591,5,0.39,0.231,40000,5:0.39;9:0.169;4:0.125;6:0.116;2:0.068;10:0.051
W0418,52.4644,10.1886,5,0.4,0.082,40000,5:0.4;6:0.223;8:0.107;2:0.094;4:0.092;10:0.055
W0419,52.4644,10.2182,5,0.506,0.004,40000,5:0.506;4:0.295;17:0.071;9:0.064;2:0.038
W0420,52.4644,10.2477,5,0.689,0.093,40000,5:0.689;9:0.113;3:0.07;4:0.049;17:0.026;2:0.025
W0421,52.4644,10.2772,9,0.582,0.216,40000,9:0.582;5:0.274;2:0.086;10:0.049
W0422,52.4644,10.3068,9,0.691,0.244,40000,9:0.691;5:0.165;2:0.05;10:0.048;4:0.032
W0423,52.4644,10.3363,9,0.645,0.158,40000,9:0.645;5:0.161;2:0.055;10:0.045;4:0.043;17:0.03
W0424,52.4644,10.3658,9,0.85,0.44,24400,9:0.85;4:0.062;2:0.04;5:0.02
W0425,52.4644,10.3954,9,0.886,0.893,40000,9:0.886;2:0.041;5:0.035;4:0.027
W0426,52.4644,10.4249,9,0.801,0.631,40000,9:0.801;2:0.095;5:0.068
W0427,52.4644,10.4545,9,0.806,0.866,40000,9:0.806;4:0.06;2:0.043;5:0.036;10:0.027
W0428,52.4644,10.484,9,0.731,0.693,40000,9:0.731;2:0.116;10:0.065;5:0.027;4:0.027
W0429,52.4644,10.5135,9,0.629,0.411,40000,9:0.629;5:0.116;10:0.11;2:0.103
W0430,52.4644,10.5431,9,0.453,0.195,40000,9:0.453;5:0.228;10:0.131;2:0.105;8:0.025;4:0.023
W0431,52.4644,10.5726,9,0.479,0.415,40000,9:0.479;5:0.203;10:0.191;2:0.07;4:0.025
W0432,52.4644,10.6021,9,0.362,0.337,40000,9:0.362;5:0.281;2:0.138;10:0.129;4:0.055
W0433,52.4644,10.6317,9,0.456,0.687,29000,9:0.456;5:0.152;10:0.148;4:0.129;2:0.059;8:0.035
W0434,52.4644,10.6612,9,0.4,0.72,40000,9:0.4;5:0.264;2:0.151;6:0.081;10:0.074
W0435,52.4644,10.6908,9,0.42,0.366,40000,9:0.42;5:0.216;2:0.16;10:0.15;6:0.031
W0436,52.4644,10.7794,5,0.546,0.202,39800,5:0.546;9:0.129;10:0.105;17:0.097;2:0.061;6:0.029
W0437,52.4644,10.8089,9,0.332,0.308,40000,9:0.332;5:0.293;10:0.195;2:0.082;17:0.044;4:0.038
W0438,52.4644,10.8384,5,0.477,0.032,39800,5:0.477;2:0.207;9:0.145;10:0.082;17:0.054;6:0.032
W0439,52.4644,10.868,5,0.47,0.144,40000,5:0.47;6:0.233;17:0.124;9:0.066;2:0.055;10:0.042
W0440,52.4644,10.8975,5,0.61,0.189,33400,5:0.61;9:0.191;17:0.087;10:0.045;6:0.032;2:0.023
W0441,52.4644,10.9271,5,0.608,0.296,40000,5:0.608;17:0.122;6:0.119;2:0.077;9:0.032;10:0.021
W0442,52.4644,10.9566,17,0.67,0.022,40000,17:0.67;5:0.286;2:0.035
W0443,52.4644,11.0452,5,0.699,0.119,40000,5:0.699;17:0.099;2:0.07;9:0.039;3:0.032;4:0.028
W0444,52.4644,11.1043,5,0.469,0.197,39800,5:0.469;17:0.173;9:0.158;6:0.097;2:0.076
W0445,52.4644,11.1338,5,0.697,0.035,40000,5:0.697;6:0.213;17:0.064
W0446,52.4824,10.1295,5,0.522,0.304,40000,5:0.522;6:0.39;2:0.037;17:0.031
W0447,52.4824,10.1591,5,0.502,0.502,40000,5:0.502;6:0.353;2:0.039;3:0.035;17:0.026
W0448,52.4824,10.1886,5,0.678,0.311,40000,5:0.678;3:0.184;6:0.079;10:0.022
W0449,52.4824,10.2477,9,0.644,0.21,40000,9:0.644;5:0.171;2:0.08;10:0.074;4:0.022
W0450,52.4824,10.2772,5,0.518,0.123,40000,5:0.518;9:0.221;2:0.109;10:0.093
W0451,52.4824,10.3068,5,0.461,0.139,40000,5:0.461;9:0.321;2:0.102;10:0.058;4:0.026
W0452,52.4824,10.3954,9,0.867,0.584,40000,9:0.867;2:0.064;4:0.033;5:0.027
W0453,52.4824,10.4249,9,0.859,0.857,40000,9:0.859;2:0.053;5:0.035;4:0.03
W0454,52.4824,10.4545,9,0.54,0.645,40000,9:0.54;4:0.168;5:0.136;2:0.069;10:0.04
W0455,52.4824,10.484,9,0.616,0.539,40000,9:0.616;5:0.128;2:0.109;10:0.054;4:0.032;6:0.03
W0456,52.4824,10.5135,9,0.61,0.314,40000,9:0.61;5:0.17;10:0.1;2:0.083
W0457,52.4824,10.5726,9,0.447,0.072,40000,9:0.447;5:0.307;10:0.095;2:0.083;17:0.035
W0458,52.4824,10.6021,9,0.467,0.382,40000,9:0.467;10:0.142;5:0.129;4:0.096;2:0.09;8:0.048
W0459,52.4824,10.6317,9,0.397,0.342,29000,9:0.397;5:0.195;10:0.124;4:0.105;2:0.082;8:0.058
W0460,52.4824,10.6612,5,0.394,0.173,40000,5:0.394;9:0.175;2:0.163;6:0.134;10:0.06;4:0.026
W0461,52.4824,10.6908,9,0.386,0.253,40000,9:0.386;5:0.253;2:0.115;10:0.11;6:0.056;3:0.038
W0462,52.4824,10.7203,5,0.348,0.165,40000,5:0.348;9:0.301;10:0.168;2:0.12;17:0.027
W0463,52.4824,10.7794,9,0.53,0.227,39800,9:0.53;2:0.183;10:0.111;5:0.103;6:0.038
W0464,52.4824,10.8089,9,0.381,0.079,40000,9:0.381;5:0.242;2:0.17;10:0.143;17:0.04
W0465,52.4824,10.9566,2,0.282,0.066,40000,2:0.282;5:0.28;17:0.208;6:0.135;3:0.044;10:0.033
W0466,52.4824,10.9861,5,0.548,0.208,40000,5:0.548;2:0.236;17:0.084;6:0.076;10:0.023
W0467,52.4824,11.0157,5,0.585,0.263,40000,5:0.585;17:0.157;6:0.114;2:0.085;3:0.022
W0468,52.4824,11.0452,5,0.579,0.19,40000,5:0.579;17:0.165;2:0.133;6:0.089
W0469,52.5005,10.1,5,0.549,0.087,19800,5:0.549;9:0.203;4:0.092;6:0.088;3:0.03
W0470,52.5005,10.1295,5,0.499,0.287,40000,5:0.499;9:0.135;4:0.123;10:0.067;3:0.053;6:0.047
W0471,52.5005,10.1591,5,0.654,0.241,40000,5:0.654;4:0.077;8:0.064;10:0.044;3:0.042;9:0.039
W0472,52.5005,10.1886,5,0.554,0.06,40000,5:0.554;6:0.225;17:0.071;2:0.069;9:0.028;3:0.024
W0473,52.5005,10.2477,9,0.57,0.285,40000,9:0.57;5:0.195;2:0.097;4:0.052;10:0.04
W0474,52.5005,10.2772,5,0.715,0.14,40000,5:0.715;9:0.066;3:0.044;6:0.043;10:0.041;2:0.033
W0475,52.5005,10.3068,5,0.662,0.161,40000,5:0.662;6:0.107;9:0.107;2:0.049;17:0.021
W0476,52.5005,10.3954,9,0.695,0.453,40000,9:0.695;5:0.105;4:0.079;2:0.077
W0477,52.5005,10.4249,9,0.605,0.225,40000,9:0.605;5:0.133;4:0.085;2:0.082;10:0.033;8:0.025
W0478,52.5005,10.4545,9,0.654,0.532,40000,9:0.654;2:0.108;4:0.084;5:0.065;10:0.049;6:0.025
W0479,52.5005,10.484,9,0.796,0.291,40000,9:0.796;2:0.077;5:0.066;10:0.024;4:0.021
W0480,52.5005,10.5135,9,0.594,0.105,40000,9:0.594;5:0.181;2:0.096;10:0.082;17:0.026
W0481,52.5005,10.5431,9,0.39,0.062,40000,9:0.39;5:0.197;10:0.158;2:0.13;6:0.097
W0482,52.5005,10.5726,9,0.442,0.484,40000,9:0.442;5:0.164;2:0.131;10:0.121;4:0.06;6:0.053
W0483,52.5005,10.6021,5,0.325,0.268,40000,5:0.325;9:0.309;2:0.16;6:0.073;10:0.066;4:0.04
W0484,52.5005,10.6612,9,0.592,0.274,40000,9:0.592;5:0.218;2:0.073;4:0.038;10:0.029
W0485,52.5005,10.6908,9,0.724,0.499,40000,9:0.724;2:0.093;5:0.062;10:0.056;6:0.029;4:0.022
W0486,52.5005,10.7203,9,0.434,0.315,40000,9:0.434;10:0.135;4:0.119;2:0.113;5:0.088;8:0.079
W0487,52.5005,10.7498,9,0.402,0.205,40000,9:0.402;5:0.298;10:0.108;2:0.093;4:0.032;6:0.03
W0488,52.5005,10.8089,5,0.364,0.076,40000,5:0.364;9:0.362;10:0.107;2:0.065;17:0.052
W0489,52.5005,10.8384,9,0.844,0.398,39800,9:0.844;10:0.047;2:0.042;5:0.04
W0490,52.5005,10.868,9,0.672,0.327,40000,9:0.672;5:0.134;10:0.093;2:0.058;17:0.032
W0491,52.5005,10.8975,9,0.378,0.228,33400,9:0.378;5:0.376;10:0.085;2:0.076;17:0.05
W0492,52.5005,10.9271,2,0.34,0.488,40000,2:0.34;6:0.264;5:0.137;9:0.131;17:0.073;10:0.035
W0493,52.5005,10.9566,2,0.438,0.763,40000,2:0.438;6:0.405;5:0.099;10:0.028
W0494,52.5005,10.9861,6,0.606,0.441,40000,6:0.606;2:0.225;5:0.111;17:0.044
W0495,52.5005,11.1043,9,0.479,0.181,39800,9:0.479;5:0.302;2:0.067;6:0.06;10:0.048;17:0.042
W0496,52.5185,10.1,5,0.685,0.848,19701,5:0.685;6:0.08;3:0.075;4:0.048;9:0.046;10:0.036
W0497,52.5185,10.1295,5,0.436,0.506,39800,5:0.436;9:0.191;4:0.142;10:0.057;3:0.052;2:0.041
W0498,52.5185,10.1591,5,0.526,0.539,39800,5:0.526;9:0.191;4:0.093;3:0.046;10:0.041;8:0.032
W0499,52.5185,10.2477,5,0.622,0.127,39800,5:0.622;6:0.149;3:0.118;2:0.046;17:0.025;9:0.025
W0500,52.5185,10.2772,5,0.731,0.12,39800,5:0.731;3:0.087;4:0.061;6:0.053;17:0.02
W0501,52.5185,10.3068,5,0.642,0.216,39800,5:0.642;9:0.096;4:0.087;3:0.053;8:0.039;2:0.037
W0502,52.5185,10.3954,9,0.688,0.499,39800,9:0.688;4:0.148;5:0.086;2:0.039
W0503,52.5185,10.4249,9,0.838,0.573,39800,9:0.838;4:0.084;2:0.035;5:0.021
W0504,52.5185,10.4545,9,0.787,0.428,39800,9:0.787;5:0.084;2:0.045;4:0.04
W0505,52.5185,10.5135,9,0.381,0.127,39800,9:0.381;2:0.265;5:0.18;10:0.112;8:0.021;17:0.02
W0506,52.5185,10.5431,9,0.38,0.162,39800,9:0.38;5:0.203;10:0.148;2:0.125;6:0.046;4:0.044
W0507,52.5185,10.5726,9,0.691,0.559,39800,9:0.691;10:0.129;2:0.051;5:0.043;8:0.035;4:0.034
W0508,52.5185,10.6021,2,0.532,0.269,39800,2:0.532;9:0.32;5:0.057;10:0.044;6:0.029
W0509,52.5185,10.6317,9,0.552,0.429,28855,9:0.552;2:0.279;5:0.068;10:0.067
W0510,52.5185,10.6612,9,0.88,0.544,39800,9:0.88;4:0.053;2:0.029
W0511,52.5185,10.6908,9,0.764,0.799,39800,9:0.764;2:0.094;5:0.054;10:0.028;4:0.021
W0512,52.5185,10.7203,9,0.752,0.61,39800,9:0.752;5:0.114;2:0.06;10:0.028
W0513,52.5185,10.7498,9,0.645,0.181,39800,9:0.645;5:0.146;2:0.097;10:0.051;17:0.021
W0514,52.5185,10.7794,9,0.408,0.214,39601,9:0.408;5:0.305;10:0.157;2:0.076
W0515,52.5185,10.8384,9,0.766,0.634,39601,9:0.766;5:0.072;2:0.062;10:0.059;4:0.025
W0516,52.5185,10.868,9,0.591,0.673,39800,9:0.591;5:0.206;2:0.109;10:0.057
W0517,52.5185,10.8975,5,0.458,0.7,33233,5:0.458;9:0.331;10:0.057;2:0.05;6:0.04;17:0.027
W0518,52.5185,10.9271,5,0.371,0.587,39800,5:0.371;6:0.241;2:0.233;10:0.042;17:0.041;9:0.036
W0519,52.5185,10.9566,6,0.333,0.648,39800,6:0.333;2:0.266;5:0.204;9:0.084;17:0.047;10:0.03
W0520,52.5185,10.9861,5,0.391,0.103,39800,5:0.391;6:0.31;17:0.154;2:0.116;3:0.023
W0521,52.5185,11.0157,2,0.495,0.015,39800,2:0.495;17:0.204;6:0.181;10:0.1
W0522,52.5365,10.1,5,0.547,0.627,19800,5:0.547;9:0.199;4:0.106;10:0.055;3:0.039;2:0.026
W0523,52.5365,10.1295,9,0.513,0.206,40000,9:0.513;5:0.25;10:0.095;4:0.078;2:0.042
W0524,52.5365,10.2182,5,0.79,0.297,40000,5:0.79;2:0.068;3:0.047;9:0.039
W0525,52.5365,10.2477,5,0.415,0.465,40000,5:0.415;9:0.272;2:0.105;10:0.047;4:0.046;6:0.038
W0526,52.5365,10.2772,9,0.542,0.101,40000,9:0.542;5:0.304;2:0.063;3:0.025
W0527,52.5365,10.3068,5,0.489,0.033,40000,5:0.489;9:0.224;2:0.1;17:0.1;10:0.041
W0528,52.5365,10.4545,9,0.789,0.503,40000,9:0.789;5:0.082;2:0.072;4:0.027
W0529,52.5365,10.484,9,0.861,0.5,40000,9:0.861;5:0.037;4:0.034;2:0.028
W0530,52.5365,10.5135,9,0.555,0.424,40000,9:0.555;5:0.211;2:0.08;10:0.062;4:0.037;3:0.023
W0531,52.5365,10.5431,5,0.438,0.041,40000,5:0.438;2:0.331;6:0.129;17:0.074
W0532,52.5365,10.5726,2,0.628,0.258,40000,2:0.628;9:0.175;10:0.115;5:0.044
W0533,52.5365,10.6021,2,0.438,0.047,40000,2:0.438;9:0.335;5:0.091;10:0.076;6:0.036
W0534,52.5365,10.6317,2,0.521,0.504,29000,2:0.521;9:0.402;10:0.056
W0535,52.5365,10.6612,9,0.849,0.756,40000,9:0.849;2:0.11;10:0.021
W0536,52.5365,10.6908,9,0.86,0.714,40000,9:0.86;2:0.067;4:0.024;5:0.022
W0537,52.5365,10.7203,9,0.785,0.404,40000,9:0.785;4:0.075;2:0.054;5:0.044
W0538,52.5365,10.7498,9,0.655,0.587,40000,9:0.655;5:0.15;2:0.1;10:0.045;4:0.02
W0539,52.5365,10.7794,2,0.483,0.303,39800,2:0.483;9:0.292;10:0.085;5:0.056;6:0.037;4:0.023
W0540,52.5365,10.8089,5,0.463,0.145,40000,5:0.463;9:0.249;2:0.121;10:0.111;17:0.033
W0541,52.5365,10.9271,5,0.337,0.128,40000,5:0.337;9:0.259;2:0.187;17:0.12;10:0.053;6:0.041
W0542,52.5365,10.9566,5,0.375,0.457,40000,5:0.375;2:0.145;9:0.134;6:0.109;8:0.057;17:0.052
W0543,52.5365,11.0747,9,0.464,0.107,40000,9:0.464;5:0.282;2:0.111;10:0.057;17:0.046;6:0.025
W0544,52.5365,11.1043,9,0.375,0.093,39800,9:0.375;5:0.291;10:0.133;2:0.117;6:0.045;17:0.038
W0545,52.5545,10.2182,9,0.608,0.443,40000,9:0.608;5:0.167;2:0.068;4:0.062;10:0.045;8:0.023
W0546,52.5545,10.2477,9,0.503,0.403,40000,9:0.503;5:0.184;4:0.086;2:0.079;10:0.066;6:0.044
W0547,52.5545,10.3363,9,0.831,0.485,40000,9:0.831;5:0.05;10:0.047;4:0.03;2:0.03
W0548,52.5545,10.3954,6,0.245,0.047,40000,6:0.245;2:0.234;5:0.221;9:0.139;4:0.074;10:0.047
W0549,52.5545,10.4249,2,0.328,0.16,40000,2:0.328;6:0.247;5:0.143;9:0.124;10:0.068;17:0.041
W0550,52.5545,10.4545,9,0.616,0.852,40000,9:0.616;5:0.138;4:0.119;10:0.053;8:0.034;2:0.025
W0551,52.5545,10.484,9,0.736,0.922,40000,9:0.736;5:0.138;4:0.045;2:0.04;10:0.025
W0552,52.5545,10.5135,9,0.734,0.326,40000,9:0.734;5:0.1;2:0.078;10:0.044
W0553,52.5545,10.5431,2,0.631,0.285,40000,2:0.631;5:0.179;9:0.061;17:0.044;6:0.032;10:0.032
W0554,52.5545,10.5726,2,0.583,0.159,40000,2:0.583;9:0.141;5:0.134;6:0.09;10:0.035
W0555,52.5545,10.6317,2,0.823,0.174,29000,2:0.823;9:0.071;5:0.058
W0556,52.5545,10.6612,9,0.483,0.342,40000,9:0.483;2:0.398;5:0.055;10:0.03
W0557,52.5545,10.6908,9,0.659,0.215,40000,9:0.659;2:0.109;5:0.093;8:0.044;10:0.04;4:0.033
W0558,52.5545,10.7203,9,0.773,0.469,40000,9:0.773;4:0.074;2:0.059;5:0.035;10:0.03
W0559,52.5545,10.7498,9,0.783,0.527,40000,9:0.783;2:0.134;5:0.03
W0560,52.5545,10.7794,2,0.257,0.276,39800,2:0.257;5:0.25;9:0.238;6:0.111;3:0.055;10:0.039
W0561,52.5545,10.8089,9,0.285,0.497,40000,9:0.285;5:0.268;6:0.137;2:0.11;4:0.069;10:0.057
W0562,52.5545,10.8384,9,0.279,0.486,39800,9:0.279;5:0.221;4:0.17;6:0.117;8:0.087;10:0.046
W0563,52.5545,10.868,9,0.286,0.295,40000,9:0.286;5:0.241;10:0.158;4:0.112;2:0.094;6:0.065
W0564,52.5545,10.8975,9,0.353,0.151,33400,9:0.353;5:0.21;2:0.122;10:0.121;6:0.078;4:0.077
W0565,52.5545,10.9271,9,0.816,0.451,40000,9:0.816;2:0.081;5:0.063;10:0.023
W0566,52.5545,11.0747,9,0.621,0.124,40000,9:0.621;5:0.186;2:0.136;10:0.026
W0567,52.5545,11.1338,5,0.578,0.046,40000,5:0.578;9:0.166;2:0.16;10:0.035;17:0.035
W0568,52.5725,10.1591,5,0.521,0.146,40000,5:0.521;9:0.257;6:0.068;2:0.057;10:0.051
W0569,52.5725,10.1886,9,0.775,0.387,40000,9:0.775;5:0.109;2:0.043;10:0.03;4:0.028
W0570,52.5725,10.2182,9,0.577,0.147,40000,9:0.577;2:0.227;5:0.125;10:0.028;6:0.025
W0571,52.5725,10.2772,9,0.405,0.129,40000,9:0.405;5:0.371;2:0.074;10:0.049;3:0.042;6:0.025
W0572,52.5725,10.3068,6,0.357,0.273,40000,6:0.357;5:0.183;2:0.173;9:0.134;4:0.052;8:0.039
W0573,52.5725,10.3363,9,0.488,0.768,40000,9:0.488;4:0.129;2:0.107;6:0.081;5:0.066;8:0.061
W0574,52.5725,10.3658,4,0.225,0.202,24400,4:0.225;2:0.224;9:0.185;10:0.149;5:0.13;6:0.048
W0575,52.5725,10.3954,2,0.365,0.364,40000,2:0.365;6:0.252;5:0.231;3:0.041;17:0.029;10:0.024
W0576,52.5725,10.4249,9,0.384,0.811,40000,9:0.384;2:0.198;8:0.142;10:0.093;4:0.078;5:0.049
W0577,52.5725,10.4545,9,0.797,0.471,40000,9:0.797;2:0.112;10:0.028;5:0.025
W0578,52.5725,10.484,9,0.934,0.807,40000,9:0.934;2:0.037;4:0.021
W0579,52.5725,10.5135,9,0.788,0.373,40000,9:0.788;2:0.136;5:0.048
W0580,52.5725,10.5431,9,0.397,0.353,40000,9:0.397;2:0.383;5:0.095;6:0.085
W0581,52.5725,10.5726,9,0.703,0.536,40000,9:0.703;4:0.061;8:0.058;5:0.051;2:0.049;10:0.042
W0582,52.5725,10.6021,2,0.412,0.323,40000,2:0.412;9:0.21;5:0.097;4:0.081;10:0.077;8:0.072
W0583,52.5725,10.6317,2,0.775,0.374,29000,2:0.775;9:0.085;5:0.045;10:0.033;8:0.027
W0584,52.5725,10.6612,2,0.837,0.261,40000,2:0.837;9:0.068;10:0.031;6:0.023
W0585,52.5725,10.6908,9,0.859,0.8,40000,9:0.859;4:0.054;2:0.037;10:0.027
W0586,52.5725,10.7203,9,0.504,0.992,40000,9:0.504;4:0.203;8:0.136;10:0.082;5:0.049
W0587,52.5725,10.7498,9,0.756,0.469,40000,9:0.756;4:0.077;2:0.046;5:0.035;8:0.033
W0588,52.5725,10.7794,9,0.634,0.212,39800,9:0.634;5:0.085;2:0.068;8:0.055;10:0.049;6:0.038
W0589,52.5725,10.8089,9,0.402,0.317,40000,9:0.402;5:0.173;2:0.158;6:0.082;4:0.064;10:0.059
W0590,52.5725,10.8384,9,0.344,0.587,39800,9:0.344;4:0.251;8:0.158;2:0.082;5:0.065;6:0.05
W0591,52.5725,10.868,9,0.366,0.048,40000,9:0.366;5:0.283;2:0.117;3:0.078;6:0.073;10:0.06
W0592,52.5725,10.8975,9,0.719,0.038,33400,9:0.719;10:0.144;2:0.072;17:0.029;5:0.024
W0593,52.5725,10.9271,9,0.819,0.148,40000,9:0.819;2:0.093;5:0.047;10:0.025
W0594,52.5725,11.0747,9,0.585,0.007,40000,9:0.585;5:0.171;2:0.167;17:0.049;10:0.024
W0595,52.5725,11.1338,9,0.843,0.277,40000,9:0.843;10:0.052;5:0.042;2:0.031
W0596,52.5905,10.1591,9,0.699,0.216,40000,9:0.699;2:0.163;5:0.086;10:0.038
W0597,52.5905,10.1886,9,0.898,0.07,40000,9:0.898;2:0.055;5:0.034
W0598,52.5905,10.2182,9,0.859,0.319,40000,9:0.859;2:0.073;5:0.037
W0599,52.5905,10.2477,9,0.46,0.131,40000,9:0.46;5:0.174;2:0.167;6:0.143
W0600,52.5905,10.2772,6,0.666,0.102,40000,6:0.666;3:0.147;5:0.128;2:0.046
W0601,52.5905,10.3068,6,0.347,0.197,40000,6:0.347;5:0.303;3:0.099;17:0.098;2:0.094;9:0.021
W0602,52.5905,10.3363,5,0.324,0.482,40000,5:0.324;9:0.227;2:0.132;3:0.131;10:0.053;4:0.046
W0603,52.5905,10.4545,9,0.427,0.041,40000,9:0.427;2:0.235;5:0.214;17:0.063;10:0.049
W0604,52.5905,10.484,9,0.87,0.618,40000,9:0.87;2:0.049;4:0.035;5:0.021
W0605,52.5905,10.5135,9,0.7,0.232,40000,9:0.7;5:0.139;2:0.102;10:0.023
W0606,52.5905,10.5431,9,0.558,0.058,40000,9:0.558;5:0.36;2:0.041
W0607,52.5905,10.5726,9,0.659,0.198,40000,9:0.659;5:0.175;2:0.071;6:0.041
W0608,52.5905,10.6317,9,0.408,0.92,29000,9:0.408;2:0.184;6:0.144;10:0.099;5:0.096;4:0.039
W0609,52.5905,10.6612,2,0.623,0.406,40000,2:0.623;9:0.254;10:0.035;5:0.034;6:0.03
W0610,52.5905,10.6908,9,0.762,0.548,40000,9:0.762;4:0.095;2:0.057;5:0.051
W0611,52.5905,10.7203,9,0.832,0.892,40000,9:0.832;4:0.074;5:0.043;10:0.022;2:0.02
W0612,52.5905,10.7498,9,0.867,0.734,40000,9:0.867;4:0.06;2:0.039
W0613,52.5905,10.7794,9,0.948,0.574,39800,9:0.948
W0614,52.5905,10.8089,9,0.946,0.955,40000,9:0.946;2:0.022
W0615,52.5905,10.8384,9,0.922,0.914,39800,9:0.922;2:0.032;4:0.028
W0616,52.5905,10.868,9,0.589,0.12,40000,9:0.589;5:0.173;2:0.122;6:0.039;10:0.028
W0617,52.5905,10.9566,5,0.46,0.287,40000,5:0.46;6:0.153;9:0.104;4:0.092;10:0.079;2:0.045
W0618,52.5905,11.0157,9,0.71,0.245,40000,9:0.71;4:0.082;2:0.073;5:0.071;10:0.039
W0619,52.5905,11.0452,9,0.927,0.199,40000,9:0.927;2:0.033
W0620,52.5905,11.1338,9,0.781,0.609,40000,9:0.781;5:0.093;10:0.059;4:0.033
W0621,52.6086,10.1295,9,0.881,0.42,40000,9:0.881;5:0.042;2:0.037
W0622,52.6086,10.1591,9,0.803,0.377,40000,9:0.803;2:0.111;5:0.036;10:0.02
W0623,52.6086,10.1886,9,0.928,0.69,40000,9:0.928;2:0.029
W0624,52.6086,10.2182,9,0.936,0.856,40000,9:0.936;2:0.033
W0625,52.6086,10.2477,9,0.828,0.353,40000,9:0.828;2:0.062;3:0.035;5:0.034
W0626,52.6086,10.2772,5,0.296,0.043,40000,5:0.296;6:0.274;9:0.252;2:0.111;3:0.049
W0627,52.6086,10.3068,5,0.353,0.115,40000,5:0.353;2:0.262;9:0.251;17:0.054;10:0.034
W0628,52.6086,10.3658,9,0.506,0.086,24400,9:0.506;2:0.308;5:0.145
W0629,52.6086,10.3954,9,0.774,0.169,40000,9:0.774;4:0.066;2:0.051;10:0.051;6:0.023;5:0.02
W0630,52.6086,10.4249,9,0.62,0.456,40000,9:0.62;4:0.119;6:0.078;5:0.063;2:0.051;10:0.044
W0631,52.6086,10.484,9,0.641,0.273,40000,9:0.641;2:0.097;4:0.082;5:0.062;8:0.049;10:0.042
W0632,52.6086,10.5135,9,0.813,0.381,40000,9:0.813;8:0.059;4:0.053;2:0.036
W0633,52.6086,10.5431,9,0.697,0.194,40000,9:0.697;2:0.131;5:0.097;6:0.041
W0634,52.6086,10.6021,9,0.451,0.064,40000,9:0.451;2:0.131;4:0.126;5:0.124;10:0.095;8:0.041
W0635,52.6086,10.6317,9,0.542,0.472,29000,9:0.542;10:0.117;5:0.112;2:0.102;4:0.077;8:0.035
W0636,52.6086,10.6612,2,0.465,0.732,40000,2:0.465;9:0.328;10:0.105;8:0.04;4:0.029
W0637,52.6086,10.6908,2,0.545,0.498,40000,2:0.545;9:0.292;5:0.052;10:0.042;6:0.024
W0638,52.6086,10.7203,9,0.934,0.544,40000,9:0.934;2:0.047
W0639,52.6086,10.7498,9,0.972,0.859,40000,9:0.972
W0640,52.6086,10.7794,9,0.979,0.629,39800,9:0.979
W0641,52.6086,10.8089,9,0.954,0.751,40000,9:0.954;2:0.024
W0642,52.6086,10.8384,9,0.959,0.854,39800,9:0.959;2:0.021
W0643,52.6086,10.868,9,0.639,0.235,40000,9:0.639;5:0.125;4:0.08;2:0.057;6:0.036;10:0.035
W0644,52.6086,10.9566,9,0.725,0.167,40000,9:0.725;5:0.078;4:0.07;2:0.055;10:0.052
W0645,52.6086,10.9861,9,0.89,0.562,40000,9:0.89;4:0.042;10:0.029
W0646,52.6086,11.0157,9,0.942,0.627,40000,9:0.942;4:0.032
W0647,52.6086,11.0452,9,0.812,0.317,40000,9:0.812;5:0.065;6:0.061;2:0.032
W0648,52.6086,11.0747,9,0.815,0.154,40000,9:0.815;2:0.09;10:0.043;5:0.025
W0649,52.6086,11.1043,9,0.702,0.577,39800,9:0.702;10:0.071;5:0.067;2:0.061;4:0.06;17:0.033
W0650,52.6086,11.1338,9,0.731,0.226,40000,9:0.731;5:0.082;10:0.062;6:0.047;2:0.042;17:0.029
W0651,52.6266,10.1,5,0.461,0.03,19800,5:0.461;6:0.209;9:0.088;17:0.081;2:0.052;10:0.049
W0652,52.6266,10.1295,5,0.371,0.122,40000,5:0.371;2:0.231;6:0.153;9:0.131;10:0.068
W0653,52.6266,10.1591,9,0.673,0.632,40000,9:0.673;10:0.071;5:0.064;2:0.063;6:0.052;4:0.039
W0654,52.6266,10.1886,9,0.414,0.793,40000,9:0.414;5:0.155;6:0.151;4:0.096;2:0.061;10:0.056
W0655,52.6266,10.2182,9,0.578,0.443,40000,9:0.578;5:0.104;2:0.091;4:0.083;8:0.072;10:0.049
W0656,52.6266,10.2477,5,0.449,0.054,40000,5:0.449;9:0.155;2:0.145;10:0.075;6:0.06;17:0.04
W0657,52.6266,10.2772,2,0.312,0.046,40000,2:0.312;5:0.235;9:0.216;6:0.116;10:0.067;8:0.024
W0658,52.6266,10.3658,9,0.802,0.092,24400,9:0.802;2:0.126;10:0.026
W0659,52.6266,10.3954,9,0.872,0.232,40000,9:0.872;2:0.065;4:0.027
W0660,52.6266,10.4249,9,0.616,0.308,40000,9:0.616;4:0.123;5:0.096;2:0.066;8:0.047;6:0.023
W0661,52.6266,10.4545,9,0.674,0.576,40000,9:0.674;8:0.089;2:0.085;4:0.077;10:0.025;6:0.023
W0662,52.6266,10.484,9,0.53,0.473,40000,9:0.53;2:0.205;4:0.085;8:0.053;5:0.046;6:0.033
W0663,52.6266,10.5135,9,0.681,0.207,40000,9:0.681;2:0.123;6:0.047;4:0.043;5:0.032;10:0.027
W0664,52.6266,10.5726,9,0.617,0.105,40000,9:0.617;2:0.177;5:0.139;10:0.024;6:0.023
W0665,52.6266,10.6021,9,0.386,0.185,40000,9:0.386;5:0.226;2:0.127;10:0.097;4:0.065;6:0.038
W0666,52.6266,10.6317,5,0.638,0.012,29000,5:0.638;9:0.135;2:0.108;10:0.042;17:0.039;6:0.03
W0667,52.6266,10.6612,2,0.314,0.08,40000,2:0.314;9:0.254;5:0.218;6:0.091;10:0.046;17:0.042
W0668,52.6266,10.6908,9,0.542,0.444,40000,9:0.542;2:0.236;10:0.052;5:0.05;4:0.049;6:0.035
W0669,52.6266,10.7203,9,0.758,0.996,40000,9:0.758;4:0.07;5:0.053;8:0.047;2:0.029;10:0.028
W0670,52.6266,10.7498,9,0.91,0.939,40000,9:0.91;4:0.046
W0671,52.6266,10.7794,9,0.963,0.808,39800,9:0.963
W0672,52.6266,10.8089,9,0.852,0.49,40000,9:0.852;2:0.058;5:0.039;4:0.022
W0673,52.6266,10.8384,9,0.884,0.651,39800,9:0.884;2:0.03;5:0.029;4:0.029
W0674,52.6266,10.868,9,0.65,0.39,40000,9:0.65;6:0.098;5:0.092;2:0.067;4:0.032;10:0.031
W0675,52.6266,10.9566,9,0.856,0.648,40000,9:0.856;5:0.041;2:0.037;10:0.028
W0676,52.6266,10.9861,9,0.896,0.753,40000,9:0.896;5:0.033;2:0.029
W0677,52.6266,11.0157,9,0.876,0.928,40000,9:0.876;10:0.064;4:0.036
W0678,52.6266,11.0452,9,0.837,0.556,40000,9:0.837;10:0.04;5:0.039;2:0.034;4:0.031
W0679,52.6266,11.1043,9,0.671,0.249,39800,9:0.671;5:0.137;2:0.081;10:0.048;3:0.023
W0680,52.6266,11.1338,9,0.433,0.069,40000,9:0.433;5:0.291;2:0.12;10:0.063;17:0.048
W0681,52.6446,10.1886,9,0.563,0.378,31800,9:0.563;6:0.154;2:0.088;8:0.084;4:0.067;5:0.02
W0682,52.6446,10.2182,9,0.448,0.141,31800,9:0.448;2:0.2;5:0.156;4:0.069;6:0.052;8:0.029
W0683,52.6446,10.2772,9,0.281,0.185,31800,9:0.281;5:0.206;2:0.164;6:0.125;4:0.099;10:0.084
W0684,52.6446,10.3068,5,0.311,0.167,31800,5:0.311;9:0.247;2:0.188;6:0.093;10:0.07;4:0.051
W0685,52.6446,10.3954,9,0.501,0.176,31800,9:0.501;2:0.338;5:0.049;8:0.041;4:0.026
W0686,52.6446,10.4249,9,0.59,0.131,31800,9:0.59;5:0.129;2:0.111;10:0.059;4:0.048;6:0.025
W0687,52.6446,10.5135,9,0.758,0.274,31800,9:0.758;2:0.091;5:0.081;6:0.022
W0688,52.6446,10.5431,9,0.659,0.197,31800,9:0.659;5:0.115;2:0.105;10:0.033;3:0.03;6:0.025
W0689,52.6446,10.5726,9,0.643,0.38,31800,9:0.643;5:0.104;2:0.103;6:0.056;10:0.041;4:0.029
W0690,52.6446,10.6021,9,0.467,0.588,31800,9:0.467;5:0.16;10:0.104;4:0.089;8:0.072;6:0.067
W0691,52.6446,10.6317,9,0.717,0.286,23055,9:0.717;10:0.06;5:0.051;2:0.051;4:0.044;8:0.028
W0692,52.6446,10.6908,9,0.476,0.437,31800,9:0.476;2:0.153;8:0.081;6:0.078;4:0.076;10:0.063
W0693,52.6446,10.7203,9,0.916,0.987,31800,9:0.916;4:0.022
W0694,52.6446,10.7498,9,0.973,0.92,31800,9:0.973
W0695,52.6446,10.7794,9,0.912,0.893,31641,9:0.912;4:0.039
W0696,52.6446,10.8089,9,0.711,0.383,31800,9:0.711;2:0.146;5:0.066;6:0.038
W0697,52.6446,10.8384,9,0.701,0.159,31641,9:0.701;5:0.168;10:0.046;4:0.032;6:0.022;2:0.021
W0698,52.6446,10.868,5,0.616,0.054,31800,5:0.616;6:0.27;3:0.076
W0699,52.6446,10.8975,9,0.39,0.09,26553,9:0.39;5:0.301;6:0.124;2:0.061;10:0.045;3:0.041
W0700,52.6446,10.9271,9,0.92,0.303,31800,9:0.92;2:0.03;5:0.03
W0701,52.6446,10.9566,9,0.587,0.759,31800,9:0.587;10:0.172;4:0.099;5:0.07;8:0.036
W0702,52.6446,10.9861,9,0.388,0.309,31800,9:0.388;5:0.276;10:0.186;2:0.034;6:0.034;4:0.025
W0703,52.6446,11.0157,9,0.689,0.989,31800,9:0.689;5:0.093;10:0.087;4:0.042;8:0.027;3:0.026
W0704,52.6446,11.0452,9,0.838,0.514,31800,9:0.838;4:0.044;5:0.04;10:0.035;2:0.02
W0705,52.6446,11.1043,5,0.62,0.087,31641,5:0.62;6:0.112;9:0.102;17:0.068;10:0.037;2:0.032
W0706,52.6446,11.1338,9,0.616,0.224,31800,9:0.616;10:0.142;5:0.107;2:0.07;4:0.033
W0707,52.6626,10.1,2,0.372,0.206,19800,2:0.372;9:0.371;5:0.112;10:0.111;6:0.021
W0708,52.6626,10.1295,9,0.454,0.172,40000,9:0.454;2:0.29;5:0.134;10:0.082
W0709,52.6626,10.1591,9,0.431,0.235,40000,9:0.431;6:0.166;5:0.147;2:0.124;4:0.069;10:0.034
W0710,52.6626,10.1886,9,0.411,0.402,40000,9:0.411;6:0.159;2:0.112;8:0.099;4:0.099;5:0.076
W0711,52.6626,10.2182,9,0.693,0.686,40000,9:0.693;2:0.1;4:0.087;8:0.045;6:0.035
W0712,52.6626,10.2772,9,0.415,0.23,40000,9:0.415;2:0.178;6:0.135;5:0.111;4:0.087;10:0.03
W0713,52.6626,10.3363,9,0.238,0.456,40000,9:0.238;4:0.224;5:0.141;2:0.116;10:0.094;6:0.077
W0714,52.6626,10.3658,9,0.319,0.294,24400,9:0.319;4:0.192;6:0.148;2:0.132;5:0.094;10:0.065
W0715,52.6626,10.3954,9,0.581,0.234,40000,9:0.581;2:0.181;4:0.093;5:0.064;6:0.029;8:0.027
W0716,52.6626,10.4249,9,0.829,0.409,40000,9:0.829;4:0.051;2:0.042;8:0.026;5:0.026
W0717,52.6626,10.4545,9,0.642,0.221,40000,9:0.642;2:0.137;5:0.087;4:0.06;10:0.051
W0718,52.6626,10.5135,9,0.426,0.318,40000,9:0.426;5:0.222;2:0.193;10:0.082;6:0.038
W0719,52.6626,10.5431,9,0.826,0.27,40000,9:0.826;2:0.065;5:0.06
W0720,52.6626,10.5726,9,0.398,0.469,40000,9:0.398;2:0.302;6:0.083;10:0.068;8:0.057;4:0.04
W0721,52.6626,10.6021,9,0.443,0.808,40000,9:0.443;4:0.127;5:0.106;8:0.086;2:0.077;10:0.073
W0722,52.6626,10.6317,9,0.704,0.793,29000,9:0.704;5:0.075;10:0.062;4:0.056;6:0.043;2:0.025
W0723,52.6626,10.6612,9,0.523,0.762,40000,9:0.523;5:0.239;10:0.088;2:0.055;6:0.04;4:0.028
W0724,52.6626,10.6908,9,0.588,0.185,40000,9:0.588;2:0.125;5:0.093;6:0.078;10:0.071
W0725,52.6626,10.7203,9,0.882,0.752,40000,9:0.882;2:0.046;10:0.026
W0726,52.6626,10.7498,9,0.894,0.867,40000,9:0.894;8:0.028;4:0.022;2:0.022
W0727,52.6626,10.7794,9,0.86,0.514,39800,9:0.86;4:0.045;8:0.028;2:0.025
W0728,52.6626,10.8089,5,0.663,0.068,40000,5:0.663;3:0.155;9:0.07;6:0.045;2:0.027
W0729,52.6626,10.8384,5,0.493,0.04,39800,5:0.493;9:0.207;10:0.107;4:0.098;2:0.028;3:0.024
W0730,52.6626,10.868,5,0.47,0.122,40000,5:0.47;9:0.176;6:0.127;3:0.071;10:0.066;2:0.04
W0731,52.6626,10.8975,9,0.281,0.13,33400,9:0.281;5:0.253;8:0.17;2:0.1;6:0.077;10:0.034
W0732,52.6626,10.9271,9,0.746,0.692,40000,9:0.746;10:0.126;4:0.068;5:0.027
W0733,52.6626,10.9566,9,0.256,0.94,40000,9:0.256;10:0.252;5:0.165;4:0.15;8:0.118;3:0.024
W0734,52.6626,10.9861,10,0.304,0.585,40000,10:0.304;5:0.245;9:0.197;4:0.068;8:0.067;3:0.061
W0735,52.6626,11.0157,9,0.551,0.716,40000,9:0.551;10:0.147;5:0.104;4:0.069;3:0.04;6:0.03
W0736,52.6626,11.0452,9,0.736,0.466,40000,9:0.736;10:0.086;5:0.073;4:0.055
W0737,52.6626,11.0747,5,0.715,0.014,40000,5:0.715;6:0.244;17:0.038
W0738,52.6626,11.1338,9,0.754,0.532,40000,9:0.754;5:0.076;10:0.073;2:0.039;4:0.027
W0739,52.6806,10.1,9,0.748,0.458,19800,9:0.748;2:0.109;8:0.047;5:0.036;10:0.025
W0740,52.6806,10.1295,9,0.759,0.51,40000,9:0.759;2:0.092;8:0.055;5:0.039;10:0.023
W0741,52.6806,10.1591,9,0.687,0.424,40000,9:0.687;2:0.108;5:0.083;8:0.056;10:0.042
W0742,52.6806,10.1886,9,0.63,0.225,40000,9:0.63;2:0.144;6:0.055;8:0.054;4:0.046;5:0.043
W0743,52.6806,10.2182,9,0.836,0.536,40000,9:0.836;2:0.093;4:0.034
W0744,52.6806,10.2477,9,0.556,0.25,40000,9:0.556;2:0.158;5:0.101;6:0.077;10:0.064;4:0.027
W0745,52.6806,10.2772,9,0.774,0.447,40000,9:0.774;2:0.117;4:0.032;8:0.025;10:0.021
W0746,52.6806,10.3068,9,0.235,0.407,40000,9:0.235;5:0.18;2:0.153;6:0.148;4:0.125;10:0.076
W0747,52.6806,10.3658,5,0.462,0.058,24400,5:0.462;2:0.206;9:0.151;6:0.058;8:0.052;4:0.033
W0748,52.6806,10.3954,9,0.332,0.24,40000,9:0.332;5:0.25;4:0.161;2:0.121;6:0.05;8:0.034
W0749,52.6806,10.4249,9,0.439,0.642,40000,9:0.439;5:0.189;2:0.096;6:0.078;4:0.075;10:0.068
W0750,52.6806,10.4545,9,0.71,0.776,40000,9:0.71;2:0.077;5:0.05;10:0.047;8:0.043;4:0.034
W0751,52.6806,10.484,9,0.747,0.497,40000,9:0.747;4:0.093;5:0.05;10:0.045;2:0.038
W0752,52.6806,10.5135,9,0.527,0.249,40000,9:0.527;5:0.14;2:0.119;4:0.117;10:0.059
W0753,52.6806,10.5726,9,0.494,0.281,40000,9:0.494;5:0.17;10:0.12;2:0.116;4:0.038;6:0.034
W0754,52.6806,10.6021,9,0.258,0.337,40000,9:0.258;8:0.178;2:0.171;6:0.106;4:0.105;5:0.087
W0755,52.6806,10.6317,9,0.475,0.65,29000,9:0.475;8:0.151;5:0.12;10:0.068;4:0.066;2:0.048
W0756,52.6806,10.6612,9,0.569,0.746,40000,9:0.569;5:0.094;2:0.091;4:0.084;10:0.073;8:0.049
W0757,52.6806,10.6908,9,0.464,0.164,40000,9:0.464;5:0.153;6:0.122;10:0.102;2:0.077;4:0.033
W0758,52.6806,10.7203,9,0.555,0.545,40000,9:0.555;2:0.12;8:0.09;4:0.076;10:0.058;6:0.055
W0759,52.6806,10.7498,9,0.66,0.706,40000,9:0.66;4:0.115;8:0.053;2:0.051;6:0.046;5:0.039
W0760,52.6806,10.7794,9,0.769,0.334,39800,9:0.769;4:0.062;5:0.05;2:0.047;8:0.025;10:0.021
W0761,52.6806,10.8089,5,0.386,0.191,40000,5:0.386;4:0.122;6:0.12;3:0.114;9:0.09;10:0.066
W0762,52.6806,10.8975,9,0.556,0.102,33400,9:0.556;5:0.209;2:0.115;10:0.041;6:0.03;17:0.026
W0763,52.6806,10.9271,9,0.529,0.35,40000,9:0.529;5:0.158;4:0.136;10:0.057;8:0.056;2:0.025
W0764,52.6806,10.9566,9,0.525,0.84,40000,9:0.525;10:0.139;4:0.128;8:0.098;5:0.072
W0765,52.6806,10.9861,9,0.718,0.787,40000,9:0.718;10:0.11;8:0.055;5:0.038;4:0.036
W0766,52.6806,11.0452,5,0.391,0.06,40000,5:0.391;9:0.201;6:0.129;3:0.116;17:0.067;4:0.033
W0767,52.6986,10.1,9,0.792,0.724,19800,9:0.792;2:0.084;5:0.052;10:0.026;8:0.023
W0768,52.6986,10.1295,9,0.912,0.427,40000,9:0.912;2:0.057
W0769,52.6986,10.1591,9,0.828,0.573,40000,9:0.828;2:0.083;10:0.055
W0770,52.6986,10.1886,9,0.699,0.614,40000,9:0.699;2:0.221;10:0.047
W0771,52.6986,10.2182,9,0.796,0.372,40000,9:0.796;2:0.099;5:0.052;10:0.025
W0772,52.6986,10.2477,9,0.473,0.367,40000,9:0.473;2:0.242;5:0.099;10:0.073;4:0.036;8:0.029
W0773,52.6986,10.2772,9,0.624,0.452,40000,9:0.624;2:0.139;4:0.066;8:0.059;5:0.053;6:0.027
W0774,52.6986,10.3068,9,0.676,0.343,40000,9:0.676;2:0.156;5:0.057;4:0.05;10:0.02
W0775,52.6986,10.3658,9,0.289,0.299,24400,9:0.289;5:0.283;2:0.238;6:0.058;10:0.044;4:0.042
W0776,52.6986,10.3954,9,0.429,0.477,40000,9:0.429;5:0.144;2:0.127;4:0.112;8:0.082;6:0.041
W0777,52.6986,10.4249,9,0.506,0.375,40000,9:0.506;2:0.136;5:0.089;10:0.072;8:0.068;4:0.064
W0778,52.6986,10.4545,9,0.752,0.679,40000,9:0.752;2:0.101;4:0.062;8:0.033;10:0.023
W0779,52.6986,10.484,9,0.513,0.663,40000,9:0.513;4:0.244;5:0.099;2:0.046;10:0.045;6:0.021
W0780,52.6986,10.5135,9,0.662,0.32,40000,9:0.662;2:0.163;4:0.047;5:0.042;10:0.032;6:0.029
W0781,52.6986,10.5431,9,0.745,0.504,40000,9:0.745;2:0.074;5:0.068;10:0.049;4:0.034
W0782,52.6986,10.5726,9,0.651,0.36,40000,9:0.651;2:0.107;5:0.084;4:0.064;10:0.054;3:0.023
W0783,52.6986,10.6021,9,0.679,0.492,40000,9:0.679;2:0.186;5:0.04;10:0.034;4:0.029
W0784,52.6986,10.6317,9,0.428,0.387,29000,9:0.428;2:0.141;8:0.127;4:0.126;6:0.076;5:0.062
W0785,52.6986,10.6612,9,0.471,0.581,40000,9:0.471;5:0.188;4:0.124;10:0.081;2:0.063;8:0.042
W0786,52.6986,10.7203,5,0.326,0.077,40000,5:0.326;9:0.322;6:0.15;10:0.07;2:0.056;8:0.032
W0787,52.6986,10.8384,9,0.325,0.156,39800,9:0.325;5:0.298;2:0.114;10:0.076;6:0.052;3:0.043
W0788,52.6986,10.868,9,0.607,0.198,40000,9:0.607;10:0.145;5:0.144;2:0.044;3:0.025
W0789,52.6986,10.8975,10,0.369,0.08,33400,10:0.369;9:0.271;5:0.205;2:0.044;3:0.039;17:0.034
W0790,52.6986,10.9271,9,0.782,0.163,40000,9:0.782;10:0.101;5:0.046;2:0.031
W0791,52.6986,10.9566,9,0.583,0.604,40000,9:0.583;10:0.104;5:0.102;4:0.088;8:0.04;6:0.035
W0792,52.6986,10.9861,9,0.319,0.176,40000,9:0.319;5:0.21;6:0.157;10:0.094;8:0.076;2:0.044
W0793,52.6986,11.0452,5,0.356,0.324,40000,5:0.356;6:0.293;9:0.109;3:0.072;2:0.063;17:0.061
W0794,52.6986,11.0747,5,0.464,0.08,40000,5:0.464;6:0.264;4:0.057;9:0.046;2:0.043;17:0.041
W0795,52.6986,11.1043,9,0.405,0.165,39800,9:0.405;5:0.374;6:0.095;2:0.042;3:0.038;17:0.034
W0796,52.6986,11.1338,9,0.884,0.517,40000,9:0.884;5:0.052;2:0.026
W0797,52.7167,10.1,9,0.984,0.562,19800,9:0.984
W0798,52.7167,10.1295,9,0.88,0.859,40000,9:0.88;2:0.073;10:0.031
W0799,52.7167,10.1591,9,0.808,0.97,40000,9:0.808;10:0.07;4:0.05;8:0.032;2:0.03
W0800,52.7167,10.1886,9,0.855,0.836,40000,9:0.855;8:0.052;2:0.036;6:0.026
W0801,52.7167,10.2182,9,0.558,0.359,40000,9:0.558;2:0.138;5:0.138;10:0.074;6:0.044
W0802,52.7167,10.2477,9,0.35,0.157,40000,9:0.35;2:0.246;5:0.149;8:0.111;6:0.048;4:0.036
W0803,52.7167,10.2772,5,0.325,0.155,40000,5:0.325;9:0.217;2:0.161;8:0.122;4:0.057;10:0.044
W0804,52.7167,10.3068,8,0.49,0.231,40000,8:0.49;4:0.14;9:0.113;2:0.101;5:0.086;10:0.031
W0805,52.7167,10.3363,9,0.514,0.27,40000,9:0.514;2:0.226;6:0.153;5:0.036;4:0.029;10:0.02
W0806,52.7167,10.3658,9,0.373,0.551,24400,9:0.373;2:0.266;6:0.214;8:0.044;4:0.04;5:0.029
W0807,52.7167,10.3954,9,0.667,0.512,40000,9:0.667;2:0.159;4:0.092;6:0.032;5:0.027
W0808,52.7167,10.4249,9,0.63,0.483,40000,9:0.63;5:0.114;4:0.077;2:0.072;10:0.043;6:0.025
W0809,52.7167,10.4545,9,0.72,0.856,40000,9:0.72;4:0.095;8:0.08;5:0.035;2:0.029;10:0.025
W0810,52.7167,10.484,9,0.754,0.835,40000,9:0.754;4:0.074;10:0.066;5:0.043;2:0.029;8:0.028
W0811,52.7167,10.5135,9,0.684,0.523,40000,9:0.684;10:0.115;2:0.088;4:0.044;5:0.042
W0812,52.7167,10.5431,9,0.717,0.57,40000,9:0.717;4:0.143;2:0.061;5:0.027;10:0.023
W0813,52.7167,10.5726,9,0.793,0.506,40000,9:0.793;4:0.091;2:0.059;5:0.021
W0814,52.7167,10.6021,9,0.594,0.128,40000,9:0.594;2:0.133;5:0.131;3:0.078;10:0.042
W0815,52.7167,10.6612,9,0.31,0.291,40000,9:0.31;5:0.203;6:0.158;4:0.135;2:0.107;10:0.053
W0816,52.7167,10.6908,9,0.541,0.295,40000,9:0.541;4:0.177;5:0.092;2:0.072;10:0.06;8:0.029
W0817,52.7167,10.8089,9,0.454,0.253,40000,9:0.454;10:0.17;5:0.139;8:0.08;4:0.072;2:0.042
W0818,52.7167,10.8384,9,0.518,0.284,39800,9:0.518;5:0.199;4:0.076;10:0.067;2:0.048;8:0.04
W0819,52.7167,10.868,9,0.688,0.299,40000,9:0.688;5:0.087;4:0.061;10:0.057;2:0.047
W0820,52.7167,10.8975,9,0.719,0.176,33400,9:0.719;5:0.081;10:0.057;3:0.05;2:0.048;4:0.023
W0821,52.7167,10.9271,9,0.566,0.144,40000,9:0.566;5:0.2;3:0.072;2:0.044;6:0.039;10:0.038
W0822,52.7167,11.0747,5,0.688,0.184,40000,5:0.688;6:0.126;3:0.082;17:0.041;4:0.036
W0823,52.7167,11.1338,9,0.62,0.174,40000,9:0.62;5:0.257;10:0.04;2:0.035;6:0.025
W0824,52.7347,10.1,9,0.895,0.886,19800,9:0.895;2:0.036;10:0.027
W0825,52.7347,10.1295,9,0.813,0.941,40000,9:0.813;2:0.105;10:0.052
W0826,52.7347,10.1591,9,0.805,0.733,40000,9:0.805;10:0.093;2:0.046;5:0.036
W0827,52.7347,10.1886,9,0.575,0.505,40000,9:0.575;8:0.208;5:0.089;2:0.053;4:0.03;10:0.023
W0828,52.7347,10.2182,9,0.694,0.123,40000,9:0.694;5:0.113;2:0.092;10:0.047
W0829,52.7347,10.2477,5,0.275,0.105,40000,5:0.275;8:0.164;9:0.131;2:0.128;4:0.114;10:0.079
W0830,52.7347,10.3068,9,0.872,0.639,40000,9:0.872;8:0.055;2:0.045
W0831,52.7347,10.3363,9,0.652,0.418,40000,9:0.652;2:0.128;6:0.054;8:0.048;5:0.048;4:0.039
W0832,52.7347,10.3658,9,0.711,0.604,24400,9:0.711;8:0.164;2:0.074;4:0.03
W0833,52.7347,10.3954,9,0.846,0.777,40000,9:0.846;8:0.072;4:0.055
W0834,52.7347,10.4249,9,0.747,0.558,40000,9:0.747;4:0.081;2:0.055;8:0.055;5:0.028;3:0.021
W0835,52.7347,10.4545,9,0.491,0.632,40000,9:0.491;5:0.126;4:0.123;8:0.076;10:0.057;2:0.051
W0836,52.7347,10.484,9,0.732,0.958,40000,9:0.732;8:0.117;4:0.09;10:0.03
W0837,52.7347,10.5135,9,0.715,0.215,40000,9:0.715;5:0.099;2:0.098;10:0.043;4:0.021
W0838,52.7347,10.5431,9,0.648,0.26,40000,9:0.648;4:0.104;5:0.095;2:0.066;10:0.039
W0839,52.7347,10.5726,9,0.415,0.057,40000,9:0.415;4:0.221;5:0.212;2:0.088;10:0.029
W0840,52.7347,10.6021,3,0.395,0.071,40000,3:0.395;5:0.34;6:0.117;4:0.062;2:0.041;10:0.024
W0841,52.7347,10.6612,5,0.408,0.16,40000,5:0.408;9:0.145;3:0.128;17:0.123;2:0.116;10:0.031
W0842,52.7347,10.8089,9,0.414,0.351,40000,9:0.414;5:0.179;10:0.164;8:0.092;4:0.076;2:0.032
W0843,52.7347,10.8384,9,0.646,0.801,39800,9:0.646;5:0.108;10:0.066;8:0.066;4:0.057;2:0.027
W0844,52.7347,10.868,9,0.68,0.174,40000,9:0.68;5:0.121;6:0.068;2:0.062;3:0.031
W0845,52.7347,10.8975,5,0.347,0.084,33400,5:0.347;3:0.335;6:0.135;9:0.127;2:0.022
W0846,52.7347,10.9271,9,0.515,0.138,40000,9:0.515;5:0.308;2:0.057;6:0.033;17:0.032;10:0.03
W0847,52.7347,10.9566,9,0.74,0.199,40000,9:0.74;5:0.165;10:0.032;2:0.021
W0848,52.7347,10.9861,9,0.913,0.31,40000,9:0.913;5:0.039;2:0.021
W0849,52.7347,11.0157,9,0.931,0.356,40000,9:0.931;5:0.032;2:0.022
W0850,52.7347,11.0452,9,0.424,0.125,40000,9:0.424;5:0.329;2:0.101;10:0.051;17:0.046
W0851,52.7347,11.0747,6,0.369,0.052,40000,6:0.369;5:0.322;17:0.2;3:0.065;2:0.028
W0852,52.7347,11.1043,9,0.712,0.081,39800,9:0.712;5:0.184;2:0.055
W0853,52.7347,11.1338,9,0.68,0.215,40000,9:0.68;5:0.173;6:0.047;2:0.039;17:0.021
W0854,52.7527,10.1,9,0.465,0.889,19800,9:0.465;8:0.231;5:0.106;4:0.066;10:0.048;2:0.044
W0855,52.7527,10.1295,9,0.689,0.924,40000,9:0.689;10:0.089;2:0.087;8:0.057;4:0.037;5:0.029
W0856,52.7527,10.1591,9,0.815,0.861,40000,9:0.815;10:0.067;4:0.044;2:0.04
W0857,52.7527,10.1886,9,0.601,0.554,40000,9:0.601;4:0.171;8:0.099;10:0.055;2:0.045
W0858,52.7527,10.2182,9,0.358,0.282,40000,9:0.358;8:0.231;2:0.17;4:0.11;5:0.051;10:0.043
W0859,52.7527,10.2477,9,0.308,0.277,40000,9:0.308;6:0.175;8:0.143;2:0.141;5:0.106;4:0.074
W0860,52.7527,10.2772,9,0.767,0.667,40000,9:0.767;8:0.059;10:0.039;2:0.037;6:0.033;4:0.033
W0861,52.7527,10.3068,9,0.842,0.86,40000,9:0.842;8:0.109;2:0.035
W0862,52.7527,10.3363,9,0.869,0.954,40000,9:0.869;8:0.081;2:0.04
W0863,52.7527,10.3658,9,0.913,0.974,24400,9:0.913;8:0.057
W0864,52.7527,10.3954,9,0.889,0.955,40000,9:0.889;8:0.088
W0865,52.7527,10.4249,9,0.71,0.634,40000,9:0.71;8:0.186;2:0.026;5:0.021
W0866,52.7527,10.4545,9,0.576,0.748,40000,9:0.576;8:0.161;4:0.139;5:0.053;2:0.032;10:0.028
W0867,52.7527,10.484,9,0.679,0.805,40000,9:0.679;4:0.119;10:0.079;8:0.046;5:0.046;2:0.022
W0868,52.7527,10.5135,9,0.586,0.133,40000,9:0.586;5:0.121;10:0.116;2:0.111;8:0.028;4:0.024
W0869,52.7527,10.5431,9,0.314,0.338,40000,9:0.314;4:0.274;8:0.165;5:0.074;3:0.071;10:0.049
W0870,52.7527,10.5726,5,0.316,0.032,40000,5:0.316;9:0.228;2:0.162;4:0.129;10:0.058;3:0.048
W0871,52.7527,10.6021,5,0.4,0.038,40000,5:0.4;9:0.131;2:0.118;10:0.114;4:0.093;3:0.051
W0872,52.7527,10.7203,5,0.444,0.03,40000,5:0.444;6:0.246;2:0.113;17:0.088;10:0.05;3:0.034
W0873,52.7527,10.7498,9,0.306,0.137,40000,9:0.306;4:0.196;6:0.162;2:0.132;5:0.112;8:0.045
W0874,52.7527,10.7794,9,0.664,0.358,39800,9:0.664;5:0.136;2:0.066;6:0.04;4:0.04;10:0.024
W0875,52.7527,10.8089,9,0.737,0.634,40000,9:0.737;4:0.1;8:0.037;2:0.037;5:0.033;6:0.025
W0876,52.7527,10.8384,9,0.829,0.303,39800,9:0.829;10:0.046;2:0.044;5:0.042
W0877,52.7527,10.868,5,0.306,0.159,40000,5:0.306;9:0.295;3:0.247;4:0.049;10:0.035;2:0.024
W0878,52.7527,10.8975,9,0.334,0.231,33400,9:0.334;3:0.288;5:0.228;10:0.056;4:0.041;6:0.021
W0879,52.7527,10.9271,9,0.361,0.075,40000,9:0.361;5:0.254;6:0.223;3:0.047;2:0.046;10:0.029
W0880,52.7527,10.9566,9,0.689,0.195,40000,9:0.689;5:0.183;2:0.035;6:0.028;10:0.023
W0881,52.7527,10.9861,9,0.809,0.924,40000,9:0.809;5:0.071;4:0.037;10:0.036
W0882,52.7527,11.0157,9,0.976,0.953,40000,9:0.976
W0883,52.7527,11.0452,9,0.736,0.266,40000,9:0.736;5:0.082;3:0.075;2:0.043;10:0.035
W0884,52.7527,11.0747,5,0.459,0.035,40000,5:0.459;6:0.319;3:0.123;17:0.077
W0885,52.7527,11.1338,5,0.411,0.137,40000,5:0.411;9:0.331;10:0.088;17:0.073;2:0.057
W0886,52.7707,10.1,2,0.416,0.947,19800,2:0.416;9:0.323;8:0.098;4:0.073;10:0.069
W0887,52.7707,10.1295,9,0.813,0.866,40000,9:0.813;8:0.057;10:0.051;4:0.035;2:0.034
W0888,52.7707,10.1591,9,0.739,0.922,40000,9:0.739;10:0.114;2:0.075;5:0.038;4:0.022
W0889,52.7707,10.1886,9,0.743,0.745,40000,9:0.743;10:0.131;2:0.08;5:0.032
W0890,52.7707,10.2182,9,0.84,0.819,40000,9:0.84;8:0.074;2:0.032;10:0.022
W0891,52.7707,10.2477,9,0.762,0.843,40000,9:0.762;8:0.13;2:0.047
W0892,52.7707,10.2772,9,0.675,0.688,40000,9:0.675;8:0.227;2:0.044;4:0.022
W0893,52.7707,10.3068,9,0.816,0.859,40000,9:0.816;8:0.086;10:0.042;2:0.025;5:0.023
W0894,52.7707,10.3363,9,0.742,0.892,40000,9:0.742;8:0.121;4:0.055;2:0.04
W0895,52.7707,10.3658,9,0.781,0.971,24400,9:0.781;8:0.105;4:0.056;2:0.044
W0896,52.7707,10.3954,9,0.865,0.975,40000,9:0.865;8:0.082;4:0.033
W0897,52.7707,10.4249,9,0.753,0.846,40000,9:0.753;8:0.092;2:0.044;4:0.035;5:0.032;10:0.028
W0898,52.7707,10.4545,9,0.563,0.556,40000,9:0.563;8:0.128;4:0.121;10:0.069;5:0.067;2:0.042
W0899,52.7707,10.484,9,0.304,0.526,40000,9:0.304;8:0.241;10:0.156;4:0.131;5:0.127;2:0.021
W0900,52.7707,10.5135,8,0.381,0.672,40000,8:0.381;9:0.309;4:0.09;5:0.077;10:0.056;2:0.044
W0901,52.7707,10.5431,8,0.276,0.737,40000,8:0.276;9:0.262;5:0.144;4:0.122;10:0.098;3:0.066
W0902,52.7707,10.5726,9,0.78,0.225,40000,9:0.78;2:0.076;5:0.075;4:0.028;10:0.024
W0903,52.7707,10.6021,9,0.655,0.383,40000,9:0.655;5:0.159;4:0.057;10:0.047;2:0.035
W0904,52.7707,10.6317,9,0.586,0.459,29000,9:0.586;4:0.155;8:0.102;6:0.044;2:0.042;5:0.038
W0905,52.7707,10.6612,9,0.529,0.546,40000,9:0.529;4:0.189;5:0.084;8:0.061;10:0.06;2:0.034
W0906,52.7707,10.6908,9,0.608,0.087,40000,9:0.608;5:0.178;2:0.086;4:0.051;10:0.043
W0907,52.7707,10.7203,9,0.893,0.38,40000,9:0.893;5:0.028;2:0.025;6:0.023
W0908,52.7707,10.7498,9,0.425,0.222,40000,9:0.425;5:0.233;2:0.193;6:0.064;10:0.037;17:0.03
W0909,52.7707,10.7794,9,0.722,0.338,39800,9:0.722;5:0.086;2:0.068;4:0.045;6:0.025
W0910,52.7707,10.8089,9,0.609,0.063,40000,9:0.609;5:0.198;2:0.117;10:0.022;6:0.02
W0911,52.7707,10.8384,5,0.344,0.085,39800,5:0.344;9:0.333;6:0.09;2:0.064;3:0.054;17:0.043
W0912,52.7707,10.868,5,0.3,0.647,40000,5:0.3;3:0.252;4:0.152;9:0.105;6:0.084;10:0.065
W0913,52.7707,10.8975,3,0.307,0.755,33400,3:0.307;5:0.228;9:0.156;4:0.105;6:0.101;10:0.046
W0914,52.7707,10.9271,5,0.37,0.166,40000,5:0.37;9:0.21;6:0.153;3:0.15;17:0.039;2:0.035
W0915,52.7707,10.9566,9,0.892,0.349,40000,9:0.892;5:0.032;6:0.022
W0916,52.7707,10.9861,9,0.847,0.373,40000,9:0.847;10:0.07;5:0.04
W0917,52.7707,11.0157,9,0.823,0.188,40000,9:0.823;5:0.07;2:0.035;3:0.032;10:0.024
W0918,52.7707,11.0452,9,0.624,0.401,40000,9:0.624;5:0.121;10:0.096;2:0.068;17:0.038
W0919,52.7887,10.1,9,0.43,0.585,19800,9:0.43;8:0.373;4:0.08;2:0.036;10:0.029;6:0.026
W0920,52.7887,10.1295,9,0.848,0.893,40000,9:0.848;8:0.103;2:0.023
W0921,52.7887,10.1591,9,0.892,0.948,40000,9:0.892;2:0.076
W0922,52.7887,10.1886,9,0.595,0.927,40000,9:0.595;4:0.161;8:0.106;5:0.055;2:0.041;10:0.032
W0923,52.7887,10.2182,9,0.483,0.984,40000,9:0.483;4:0.303;8:0.078;10:0.059;2:0.033;5:0.032
W0924,52.7887,10.2477,9,0.722,0.982,40000,9:0.722;4:0.078;8:0.071;5:0.045;2:0.038;10:0.033
W0925,52.7887,10.2772,9,0.735,0.715,40000,9:0.735;8:0.118;2:0.071;10:0.043
W0926,52.7887,10.3068,9,0.733,0.865,40000,9:0.733;2:0.072;8:0.069;5:0.048;10:0.036;4:0.034
W0927,52.7887,10.3363,9,0.586,0.946,40000,9:0.586;8:0.236;4:0.122;10:0.026
W0928,52.7887,10.3658,9,0.645,0.936,24400,9:0.645;8:0.162;4:0.14;10:0.024;2:0.022
W0929,52.7887,10.3954,9,0.636,0.8,40000,9:0.636;4:0.114;8:0.091;5:0.061;10:0.043;2:0.028
W0930,52.7887,10.4249,9,0.403,0.994,40000,9:0.403;5:0.152;4:0.143;8:0.128;6:0.079;10:0.043
W0931,52.7887,10.4545,9,0.469,0.987,40000,9:0.469;8:0.264;4:0.076;5:0.076;2:0.038;10:0.028
W0932,52.7887,10.484,9,0.519,0.954,40000,9:0.519;8:0.266;4:0.091;10:0.047;5:0.041;2:0.023
W0933,52.7887,10.5135,9,0.638,0.461,40000,9:0.638;8:0.162;4:0.08;2:0.052;10:0.034;5:0.027
W0934,52.7887,10.5431,9,0.754,0.771,40000,9:0.754;8:0.113;4:0.076;2:0.025
W0935,52.7887,10.5726,9,0.894,0.67,40000,9:0.894;2:0.034;6:0.028
W0936,52.7887,10.6021,9,0.65,0.417,40000,9:0.65;2:0.254;10:0.037;5:0.028
W0937,52.7887,10.6612,9,0.61,0.374,40000,9:0.61;5:0.097;4:0.086;2:0.082;8:0.06;3:0.021
W0938,52.7887,10.6908,9,0.597,0.218,40000,9:0.597;3:0.175;5:0.136;2:0.042
W0939,52.7887,10.7203,9,0.938,0.309,40000,9:0.938;2:0.022;4:0.02
W0940,52.7887,10.7498,9,0.82,0.559,40000,9:0.82;2:0.085;5:0.029;4:0.029
W0941,52.7887,10.7794,9,0.935,0.867,39800,9:0.935;2:0.027
W0942,52.7887,10.8089,9,0.898,0.633,40000,9:0.898;2:0.031;5:0.025
W0943,52.7887,10.8384,9,0.52,0.182,39800,9:0.52;5:0.144;3:0.142;6:0.108;2:0.042
W0944,52.7887,10.868,9,0.365,0.26,40000,9:0.365;5:0.256;3:0.187;6:0.066;4:0.041;2:0.03
W0945,52.7887,10.8975,9,0.349,0.223,33400,9:0.349;5:0.278;3:0.128;6:0.095;17:0.053;4:0.05
W0946,52.7887,10.9271,9,0.574,0.267,40000,9:0.574;5:0.165;17:0.068;2:0.062;10:0.037;6:0.035
W0947,52.7887,10.9566,9,0.708,0.165,40000,9:0.708;5:0.09;2:0.085;17:0.037;3:0.022;10:0.022
W0948,52.7887,11.0157,5,0.519,0.076,40000,5:0.519;3:0.354;17:0.062;6:0.052
W0949,52.7887,11.0452,5,0.5,0.191,40000,5:0.5;9:0.181;17:0.079;10:0.073;4:0.053;3:0.048
W0950,52.7887,11.0747,9,0.334,0.696,40000,9:0.334;5:0.301;4:0.134;10:0.117;17:0.033;2:0.032
W0951,52.7887,11.1043,9,0.444,0.482,39800,9:0.444;5:0.261;3:0.071;10:0.06;17:0.057;2:0.04
W0952,52.7887,11.1338,9,0.379,0.046,40000,9:0.379;5:0.3;6:0.197;17:0.097
W0953,52.8068,10.1,9,0.538,0.548,19800,9:0.538;8:0.221;4:0.079;2:0.077;5:0.038;10:0.029
W0954,52.8068,10.1295,9,0.574,0.921,40000,9:0.574;8:0.163;2:0.118;5:0.049;4:0.042;3:0.028
W0955,52.8068,10.1591,9,0.859,0.817,40000,9:0.859;2:0.105
W0956,52.8068,10.1886,9,0.768,0.973,40000,9:0.768;5:0.105;4:0.037;2:0.035;8:0.031
W0957,52.8068,10.2182,9,0.709,0.82,40000,9:0.709;4:0.077;2:0.072;10:0.059;8:0.045;5:0.027
W0958,52.8068,10.2477,9,0.802,0.955,40000,9:0.802;8:0.088;4:0.042;2:0.032
W0959,52.8068,10.2772,9,0.633,0.971,40000,9:0.633;8:0.167;4:0.079;2:0.054;10:0.034;5:0.028
W0960,52.8068,10.3068,9,0.622,0.937,40000,9:0.622;8:0.136;4:0.06;5:0.055;2:0.044;3:0.042
W0961,52.8068,10.3363,9,0.608,0.997,40000,9:0.608;8:0.163;4:0.112;10:0.04;5:0.036;2:0.031
W0962,52.8068,10.3658,9,0.318,0.969,24400,9:0.318;8:0.239;5:0.194;4:0.079;10:0.071;2:0.052
W0963,52.8068,10.3954,9,0.71,0.938,40000,9:0.71;8:0.158;2:0.041;4:0.038;5:0.033
W0964,52.8068,10.4249,9,0.734,0.977,40000,9:0.734;8:0.119;4:0.061;2:0.031;5:0.024
W0965,52.8068,10.4545,9,0.761,0.996,40000,9:0.761;8:0.128;10:0.049;4:0.027
W0966,52.8068,10.484,9,0.535,0.984,40000,9:0.535;8:0.186;4:0.147;5:0.059;10:0.04;2:0.026
W0967,52.8068,10.5135,9,0.622,0.717,40000,9:0.622;8:0.134;4:0.108;5:0.057;10:0.042;2:0.03
W0968,52.8068,10.5431,9,0.629,0.119,40000,9:0.629;5:0.142;2:0.129;10:0.053;8:0.026
W0969,52.8068,10.5726,9,0.886,0.681,40000,9:0.886;2:0.034;6:0.028;5:0.022
W0970,52.8068,10.6021,9,0.73,0.543,40000,9:0.73;2:0.088;6:0.054;4:0.044;8:0.03;10:0.028
W0971,52.8068,10.6317,9,0.549,0.241,29000,9:0.549;5:0.155;6:0.121;2:0.078;4:0.042;10:0.035
W0972,52.8068,10.6612,9,0.548,0.097,40000,9:0.548;5:0.188;6:0.085;2:0.061;4:0.032;17:0.03
W0973,52.8068,10.6908,9,0.696,0.026,40000,9:0.696;5:0.147;2:0.075;4:0.046
W0974,52.8068,10.7203,9,0.942,0.444,40000,9:0.942;2:0.037
W0975,52.8068,10.7498,9,0.894,0.51,40000,9:0.894;2:0.048;6:0.022
W0976,52.8068,10.7794,9,0.908,0.404,39800,9:0.908;2:0.037;5:0.027
W0977,52.8068,10.8089,9,0.941,0.676,40000,9:0.941;2:0.024
W0978,52.8068,10.868,5,0.359,0.319,40000,5:0.359;9:0.353;6:0.072;2:0.061;10:0.057;17:0.04
W0979,52.8068,10.8975,9,0.396,0.158,33400,9:0.396;5:0.324;10:0.072;2:0.072;6:0.068;17:0.037
W0980,52.8068,10.9566,5,0.335,0.18,40000,5:0.335;3:0.207;9:0.191;6:0.148;2:0.046;17:0.031
W0981,52.8068,11.0452,5,0.379,0.355,40000,5:0.379;9:0.332;10:0.087;2:0.071;4:0.049;17:0.028
W0982,52.8068,11.0747,9,0.369,0.076,40000,9:0.369;5:0.25;3:0.182;4:0.05;2:0.048;17:0.045
W0983,52.8068,11.1043,9,0.476,0.571,39800,9:0.476;5:0.249;3:0.074;10:0.068;4:0.044;17:0.039
W0984,52.8068,11.1338,9,0.802,0.315,40000,9:0.802;5:0.097;10:0.027;2:0.025;17:0.024
W0985,52.8248,10.1,9,0.527,0.202,19800,9:0.527;2:0.132;8:0.1;10:0.096;5:0.063;6:0.04
W0986,52.8248,10.1295,9,0.629,0.492,40000,9:0.629;8:0.131;4:0.08;10:0.061;2:0.06;5:0.031
W0987,52.8248,10.1591,9,0.94,0.717,40000,9:0.94;8:0.033
W0988,52.8248,10.1886,9,0.874,0.895,40000,9:0.874;8:0.091
W0989,52.8248,10.2182,9,0.853,0.567,40000,9:0.853;2:0.048;8:0.042
W0990,52.8248,10.2477,9,0.838,0.664,40000,9:0.838;8:0.049;2:0.04;4:0.032;5:0.028
W0991,52.8248,10.2772,9,0.399,0.922,40000,9:0.399;8:0.177;4:0.15;5:0.117;2:0.084;3:0.038
W0992,52.8248,10.3068,8,0.216,0.867,40000,8:0.216;9:0.207;3:0.192;4:0.126;5:0.117;2:0.072
W0993,52.8248,10.3363,9,0.24,0.995,40000,9:0.24;4:0.205;5:0.148;3:0.141;8:0.126;2:0.057
W0994,52.8248,10.3658,9,0.639,0.988,24400,9:0.639;8:0.142;4:0.101;2:0.054;5:0.039;10:0.02
W0995,52.8248,10.3954,9,0.821,0.994,40000,9:0.821;2:0.056;8:0.053;5:0.041
W0996,52.8248,10.4249,9,0.96,0.991,40000,9:0.96;8:0.023
W0997,52.8248,10.4545,9,0.806,0.983,40000,9:0.806;8:0.058;5:0.039;10:0.036;4:0.032;2:0.024
W0998,52.8248,10.484,9,0.333,0.947,40000,9:0.333;5:0.261;4:0.129;8:0.128;10:0.092;2:0.043
W0999,52.8248,10.5135,9,0.479,0.972,40000,9:0.479;8:0.241;4:0.12;10:0.083;5:0.038;2:0.032
W1000,52.8248,10.5431,9,0.766,0.684,40000,9:0.766;4:0.088;10:0.068;8:0.037;2:0.023
W1001,52.8248,10.5726,9,0.96,0.554,40000,9:0.96;2:0.03
W1002,52.8248,10.6021,9,0.89,0.635,40000,9:0.89;2:0.042;5:0.027
W1003,52.8248,10.6317,9,0.715,0.173,29000,9:0.715;5:0.097;2:0.087;10:0.046
W1004,52.8248,10.7203,9,0.83,0.187,40000,9:0.83;2:0.064;5:0.046;6:0.035
W1005,52.8248,10.7498,9,0.849,0.324,40000,9:0.849;5:0.044;2:0.043;6:0.03
W1006,52.8248,10.7794,9,0.939,0.524,39800,9:0.939;5:0.021
W1007,52.8248,10.8089,9,0.769,0.159,40000,9:0.769;3:0.066;5:0.059;2:0.048;17:0.032;10:0.025
W1008,52.8248,10.868,9,0.444,0.263,40000,9:0.444;5:0.247;10:0.082;2:0.077;3:0.071;17:0.042
W1009,52.8248,10.8975,9,0.561,0.303,33400,9:0.561;5:0.177;2:0.094;3:0.052;10:0.044;17:0.031
W1010,52.8248,10.9271,9,0.389,0.164,40000,9:0.389;5:0.267;10:0.108;2:0.095;17:0.072;6:0.035
W1011,52.8248,10.9566,9,0.609,0.188,40000,9:0.609;5:0.112;10:0.095;3:0.063;17:0.037;2:0.03
W1012,52.8248,10.9861,9,0.238,0.169,40000,9:0.238;5:0.228;3:0.211;17:0.115;10:0.079;4:0.053
W1013,52.8248,11.0452,9,0.584,0.283,40000,9:0.584;5:0.214;6:0.066;2:0.037;3:0.031;17:0.027
W1014,52.8248,11.1043,9,0.71,0.148,39800,9:0.71;5:0.134;2:0.048;10:0.044;17:0.029
W1015,52.8248,11.1338,9,0.77,0.118,40000,9:0.77;5:0.12;17:0.031;10:0.029;2:0.026
W1016,52.8428,10.1,9,0.411,0.382,17721,9:0.411;8:0.214;2:0.106;10:0.091;5:0.089;6:0.042
W1017,52.8428,10.1295,9,0.538,0.469,35800,9:0.538;8:0.34;4:0.056;2:0.035
W1018,52.8428,10.1591,9,0.936,0.725,35800,9:0.936;2:0.033
W1019,52.8428,10.1886,9,0.984,0.978,35800,9:0.984
W1020,52.8428,10.2182,9,0.811,0.985,35800,9:0.811;8:0.117;4:0.048
W1021,52.8428,10.2477,9,0.844,0.892,35800,9:0.844;8:0.061;4:0.039;5:0.023;2:0.021
W1022,52.8428,10.2772,9,0.648,0.666,35800,9:0.648;8:0.121;4:0.102;2:0.039;5:0.038;3:0.032
W1023,52.8428,10.3068,9,0.608,0.655,35800,9:0.608;2:0.133;8:0.071;5:0.055;4:0.047;3:0.044
W1024,52.8428,10.3363,9,0.606,0.944,35800,9:0.606;5:0.124;3:0.11;2:0.054;8:0.038;10:0.038
W1025,52.8428,10.3658,9,0.897,0.965,21838,9:0.897;8:0.069;2:0.026
W1026,52.8428,10.3954,9,0.736,0.891,35800,9:0.736;8:0.136;3:0.05;4:0.029;2:0.023
W1027,52.8428,10.4249,9,0.903,0.864,35800,9:0.903;2:0.029
W1028,52.8428,10.4545,9,0.918,0.939,35800,9:0.918;4:0.036;2:0.029
W1029,52.8428,10.484,9,0.721,0.999,35800,9:0.721;4:0.081;8:0.059;2:0.055;10:0.04;5:0.031
W1030,52.8428,10.5135,9,0.848,0.999,35800,9:0.848;8:0.069;4:0.039;5:0.021
W1031,52.8428,10.5431,9,0.845,0.613,35800,9:0.845;2:0.041;4:0.036;6:0.029;8:0.021
W1032,52.8428,10.5726,9,0.814,0.514,35800,9:0.814;4:0.046;5:0.04;2:0.031;8:0.028;10:0.02
W1033,52.8428,10.6021,9,0.977,0.984,35800,9:0.977
W1034,52.8428,10.6317,9,0.992,0.921,25955,9:0.992
W1035,52.8428,10.6612,9,0.878,0.545,35800,9:0.878;2:0.055;10:0.026;5:0.026
W1036,52.8428,10.7203,9,0.607,0.079,35800,9:0.607;5:0.17;2:0.121;6:0.033;3:0.029;17:0.023
W1037,52.8428,10.7498,9,0.949,0.698,35800,9:0.949;2:0.028
W1038,52.8428,10.7794,9,0.967,0.56,35621,9:0.967
W1039,52.8428,10.8089,9,0.792,0.58,35800,9:0.792;5:0.063;2:0.054;4:0.036;10:0.031
W1040,52.8428,10.8384,9,0.655,0.527,35621,9:0.655;5:0.113;10:0.091;2:0.067;4:0.028;6:0.024
W1041,52.8428,10.868,9,0.664,0.127,35800,9:0.664;5:0.16;2:0.058;6:0.057;17:0.045
W1042,52.8428,10.8975,5,0.399,0.043,29893,5:0.399;6:0.261;17:0.152;2:0.106;9:0.06
W1043,52.8428,10.9271,6,0.527,0.054,35800,6:0.527;5:0.391;3:0.028;17:0.026;2:0.023
W1044,52.8428,10.9566,9,0.345,0.245,35800,9:0.345;5:0.25;6:0.184;17:0.086;2:0.079;3:0.028
W1045,52.8428,10.9861,9,0.386,0.146,35800,9:0.386;5:0.341;3:0.079;17:0.057;2:0.052;10:0.042
W1046,52.8428,11.0747,9,0.846,0.232,35800,9:0.846;5:0.059;17:0.047;2:0.034
