id,lat,lon,ph,cec,sand,clay,silt,humus,stickstoff
W0001,52.05,10.1,5.83,20.2,19.23,30.43,50.33,39.1,2.94
W0002,52.05,10.1591,5.37,19.73,20.2,35.6,44.17,45.9,3.62
W0003,52.05,10.1886,5.37,20.33,23.17,35.2,41.7,45.73,3.42
W0004,52.05,10.2182,5.6,19.77,16.27,37.77,45.97,51.8,4.14
W0005,52.05,10.2477,6.97,23.2,18.0,34.37,47.63,31.9,3.31
W0006,52.05,10.2772,5.87,23.43,21.73,30.23,48.03,34.5,3.3
W0007,52.05,10.3363,5.53,21.17,25.33,35.4,39.27,38.0,3.45
W0009,52.05,10.5135,6.33,24.03,30.17,24.7,45.17,36.9,4.58
W0010,52.05,10.6317,6.87,23.07,31.4,32.1,36.47,37.87,4.36
W0011,52.05,10.8089,6.87,22.9,47.83,23.5,28.67,38.17,3.96
W0012,52.068,10.1,6.7,20.13,18.77,32.6,48.63,31.2,2.6
W0013,52.068,10.1295,7.1,21.03,14.03,26.8,59.17,30.07,3.05
W0014,52.068,10.1591,6.8,21.0,19.53,29.8,50.67,28.8,2.86
W0015,52.068,10.1886,7.03,20.1,14.57,27.4,58.03,30.6,2.89
W0016,52.068,10.2182,5.4,19.5,17.27,32.73,50.0,43.13,3.54
W0017,52.068,10.3363,6.67,21.23,22.4,34.0,43.63,33.5,3.67
W0018,52.068,10.3658,5.33,19.97,23.5,30.6,45.87,44.4,3.63
W0019,52.068,10.3954,6.83,20.13,21.43,32.17,46.37,33.4,3.06
W0020,52.068,10.4249,5.53,22.47,23.5,30.67,45.83,51.17,3.89
W0021,52.068,10.5135,5.33,23.07,26.93,32.2,40.87,44.57,3.61
W0022,52.068,10.5431,6.87,22.03,23.53,29.0,47.47,31.43,3.54
W0023,52.086,10.1,5.53,21.97,19.43,30.5,50.03,44.57,3.06
W0024,52.086,10.1295,5.5,21.73,17.97,30.73,51.3,38.53,3.2
W0025,52.086,10.1886,6.93,21.4,21.67,30.5,47.8,31.77,2.78
W0026,52.086,10.2182,6.9,21.73,22.47,25.93,51.63,33.97,3.17
W0027,52.086,10.3363,6.43,20.63,20.8,32.77,46.43,34.27,3.39
W0028,52.086,10.3658,5.27,20.57,28.1,31.53,40.33,40.27,3.42
W0029,52.086,10.3954,6.8,22.97,23.77,27.9,48.33,27.47,3.58
W0030,52.086,10.5135,5.33,22.87,26.13,29.17,44.7,48.87,3.62
W0031,52.086,10.5431,6.73,23.4,30.47,25.87,43.6,43.13,4.52
W0032,52.086,10.5726,7.0,24.2,28.13,35.6,36.27,33.03,4.6
W0033,52.086,11.1338,6.93,22.9,20.9,25.77,53.33,39.13,4.52
W0034,52.1041,10.1295,5.7,21.77,18.1,24.5,57.4,34.33,3.29
W0035,52.1041,10.1591,5.73,20.8,14.5,26.07,59.47,33.83,3.07
W0036,52.1041,10.2182,7.07,20.13,17.47,32.43,50.07,27.17,2.81
W0037,52.1041,10.2477,5.8,20.07,23.53,31.67,44.8,30.3,3.02
W0038,52.1041,10.2772,5.5,22.17,19.9,35.77,44.37,55.83,3.6
W0039,52.1041,10.3068,6.7,21.13,19.9,34.4,45.7,35.47,3.86
W0040,52.1041,10.3363,5.4,20.83,20.27,31.63,48.1,49.5,3.96
W0042,52.1041,10.484,6.93,21.9,28.0,28.57,43.4,34.5,3.81
W0043,52.1041,10.5135,5.37,21.73,23.73,32.6,43.63,45.0,3.36
W0044,52.1041,10.5431,6.7,22.83,27.77,27.8,44.43,41.63,3.99
W0045,52.1221,10.1,5.53,19.97,18.53,32.1,49.33,39.67,3.43
W0046,52.1221,10.1295,5.1,20.67,18.3,31.23,50.47,45.8,3.49
W0047,52.1221,10.1591,5.3,20.63,19.03,28.6,52.37,41.87,3.37
W0048,52.1221,10.1886,6.87,20.3,17.1,28.57,54.33,33.47,3.26
W0049,52.1221,10.2182,6.8,22.63,15.37,26.1,58.53,36.77,4.07
W0050,52.1221,10.2477,5.6,21.13,17.6,26.67,55.77,34.3,2.85
W0051,52.1221,10.2772,5.3,21.17,20.4,29.63,49.97,43.87,3.32
W0052,52.1221,10.3068,5.53,20.57,14.73,26.6,58.67,37.87,3.08
W0053,52.1221,10.3363,6.8,23.13,20.17,30.27,49.63,31.87,3.37
W0055,52.1221,10.484,5.57,21.37,23.57,28.0,48.43,45.97,3.68
W0056,52.1221,10.5135,5.4,22.4,22.23,30.53,47.2,58.27,3.4
W0057,52.1221,10.5431,6.47,22.67,24.3,29.87,45.83,46.27,3.97
W0058,52.1221,10.5726,6.7,21.87,32.23,29.2,38.53,37.43,4.12
W0059,52.1221,10.6612,6.87,21.3,26.5,24.93,48.57,30.03,2.97
W0060,52.1221,10.6908,5.33,21.47,24.93,30.63,44.43,50.67,3.23
W0061,52.1221,10.9861,6.87,24.57,32.7,28.6,38.67,35.7,4.15
W0062,52.1221,11.0157,6.47,24.73,33.83,30.47,35.73,43.27,4.77
W0063,52.1221,11.0452,6.27,23.07,31.0,22.43,46.6,36.47,4.38
W0064,52.1401,10.1,5.23,20.77,23.83,29.93,46.23,40.83,3.14
W0065,52.1401,10.1295,6.8,20.43,20.17,30.73,49.1,30.03,3.22
W0066,52.1401,10.1591,5.43,23.43,23.23,30.53,46.2,44.5,3.7
W0067,52.1401,10.1886,5.53,21.33,16.2,29.73,54.03,35.07,3.07
W0068,52.1401,10.2182,6.83,21.7,15.6,27.0,57.43,28.37,2.91
W0069,52.1401,10.3658,6.73,21.47,20.6,30.3,49.13,34.8,2.81
W0070,52.1401,10.484,6.87,21.17,21.3,31.1,47.6,31.03,3.06
W0071,52.1401,10.5135,6.63,22.07,22.37,33.17,44.47,32.27,3.47
W0073,52.1401,10.5726,6.73,22.67,31.23,31.07,37.67,33.3,3.48
W0074,52.1401,10.6317,5.4,23.37,28.7,23.07,48.23,51.87,3.69
W0075,52.1401,10.6612,5.47,20.8,25.83,28.93,45.3,54.2,3.28
W0076,52.1401,10.6908,6.87,23.7,33.47,24.8,41.7,33.43,4.14
W0077,52.1401,10.7203,7.0,22.43,31.87,29.87,38.3,34.3,4.09
W0078,52.1401,10.868,6.83,21.33,30.17,27.97,41.87,29.13,3.41
W0079,52.1401,10.8975,6.77,21.73,24.73,31.9,43.37,29.13,3.17
W0080,52.1401,10.9271,5.23,21.23,19.03,29.0,51.97,44.63,3.44
W0082,52.1401,11.0452,6.73,22.37,34.5,25.3,40.17,33.67,3.72
W0083,52.1581,10.3658,6.7,22.8,21.27,30.3,48.43,33.5,3.04
W0088,52.1581,10.5431,5.73,21.57,27.53,30.83,41.63,48.27,4.41
W0089,52.1581,10.6317,6.83,21.83,29.17,26.8,44.07,34.1,3.27
W0090,52.1581,10.8384,5.13,20.1,21.3,30.93,47.73,39.6,2.89
W0091,52.1581,10.868,5.1,20.33,20.07,29.67,50.27,37.43,2.93
W0092,52.1581,10.8975,5.2,20.17,21.23,25.73,53.03,37.97,3.01
W0093,52.1581,10.9271,5.2,19.37,16.2,25.67,58.13,44.8,2.74
W0095,52.1581,10.9861,6.57,22.97,32.97,26.0,41.07,39.23,3.59
W0096,52.1581,11.0157,6.07,23.6,37.43,27.53,35.03,43.57,3.75
W0097,52.1581,11.0452,6.8,22.67,38.73,23.1,38.2,34.6,3.83
W0098,52.1581,11.1043,5.2,23.97,38.47,19.77,41.8,47.43,3.73
W0099,52.1761,10.2182,5.5,20.53,21.6,29.0,49.37,48.37,3.18
W0100,52.1761,10.3658,6.73,23.4,22.43,29.97,47.6,30.07,3.18
W0101,52.1761,10.4249,6.57,23.43,31.83,22.43,45.73,49.9,3.14
W0102,52.1761,10.4545,5.47,21.63,27.0,27.9,45.13,43.97,3.34
W0105,52.1761,10.7794,6.7,21.93,32.37,26.9,40.7,32.3,3.16
W0106,52.1761,10.8089,5.2,21.8,29.3,30.43,40.27,50.07,4.16
W0107,52.1761,10.8384,5.07,20.37,20.63,29.47,49.9,40.03,3.17
W0108,52.1761,10.868,5.03,21.3,19.27,33.9,46.87,41.1,3.2
W0109,52.1761,10.8975,5.17,21.27,17.7,26.03,56.27,46.23,3.49
W0110,52.1761,10.9271,6.47,22.67,25.33,17.87,56.77,35.2,3.36
W0111,52.1761,10.9566,6.73,23.23,37.73,20.37,41.9,33.8,3.9
W0112,52.1761,10.9861,6.57,24.63,39.1,20.83,40.07,50.97,4.56
W0113,52.1761,11.0157,6.67,22.7,35.13,22.3,42.53,32.5,3.71
W0114,52.1761,11.0452,6.6,23.03,32.9,20.8,46.3,32.5,3.56
W0115,52.1761,11.1043,5.67,24.77,32.03,21.57,46.43,48.97,4.0
W0117,52.1941,10.3068,6.63,20.73,13.67,25.37,60.97,28.73,3.37
W0118,52.1941,10.3363,6.73,21.63,17.1,27.8,55.1,30.07,2.74
W0119,52.1941,10.5431,5.37,23.5,36.83,23.77,39.43,45.83,4.16
W0120,52.1941,10.6317,6.7,21.57,33.0,25.77,41.23,39.37,4.33
W0121,52.1941,10.6908,6.7,21.7,26.17,25.53,48.3,29.27,2.98
W0122,52.1941,10.7203,6.47,19.47,25.23,26.07,48.73,33.3,2.9
W0123,52.1941,10.7498,5.53,19.77,22.4,32.87,44.8,61.63,3.65
W0124,52.1941,10.7794,5.27,18.83,21.9,29.37,48.77,43.63,3.32
W0125,52.1941,10.8089,5.33,18.27,21.1,32.0,46.93,53.9,3.26
W0126,52.1941,10.8384,4.9,20.0,18.97,28.13,52.9,36.27,2.92
W0127,52.1941,10.868,6.47,22.17,35.2,21.63,43.17,32.23,3.58
W0128,52.1941,10.9271,5.93,22.87,38.47,20.77,40.77,43.8,4.49
W0129,52.1941,10.9566,5.07,21.97,34.1,23.8,42.1,44.43,4.47
W0131,52.1941,11.0747,5.2,21.77,29.03,20.63,50.37,43.0,3.38
W0132,52.1941,11.1043,6.6,21.77,34.07,15.7,50.23,33.4,3.47
W0133,52.2122,10.3363,5.9,21.53,13.27,25.6,61.1,37.07,2.88
W0134,52.2122,10.5431,5.8,23.37,34.33,27.13,38.57,37.8,5.69
W0135,52.2122,10.5726,6.1,24.13,31.77,23.2,45.0,42.03,3.32
W0136,52.2122,10.6021,6.67,24.4,30.07,26.17,43.77,32.87,4.23
W0137,52.2122,10.7203,5.3,22.63,25.57,33.03,41.4,41.97,3.47
W0138,52.2122,10.7498,5.4,20.63,26.43,31.33,42.17,55.13,3.7
W0139,52.2122,10.7794,5.37,21.1,23.17,28.4,48.43,56.77,3.63
W0140,52.2122,10.8089,5.3,18.6,21.9,27.67,50.43,51.03,3.43
W0141,52.2122,10.8384,5.33,21.1,22.67,26.6,50.73,35.43,2.95
W0142,52.2122,10.8975,5.0,23.07,33.3,19.53,47.23,45.87,3.89
W0143,52.2122,10.9271,5.43,21.97,38.17,19.5,42.33,39.13,4.01
W0144,52.2122,10.9566,5.77,22.67,31.2,20.7,48.13,46.93,4.6
W0145,52.2122,10.9861,5.8,25.1,39.37,21.53,39.1,42.17,4.53
W0147,52.2122,11.0452,5.2,23.83,30.83,21.93,47.23,46.4,3.85
W0148,52.2122,11.0747,5.07,22.97,30.63,21.77,47.57,39.53,3.49
W0149,52.2122,11.1043,6.17,23.5,35.57,17.93,46.5,35.1,3.69
W0150,52.2122,11.1338,6.4,23.9,40.03,22.7,37.3,37.97,4.17
W0152,52.2302,10.5726,5.47,24.43,30.4,25.2,44.5,49.37,4.08
W0153,52.2302,10.6021,6.7,24.03,34.8,25.53,39.63,36.07,4.27
W0154,52.2302,10.6317,5.9,24.4,40.4,25.47,34.1,40.27,3.76
W0155,52.2302,10.6612,5.3,22.97,40.03,21.03,38.9,40.67,3.67
W0156,52.2302,10.7203,5.83,21.33,33.13,27.6,39.27,31.53,3.38
W0157,52.2302,10.7498,5.27,19.33,24.93,31.33,43.73,50.6,3.28
W0158,52.2302,10.7794,5.13,19.4,24.33,30.63,45.07,58.27,3.04
W0159,52.2302,10.8089,5.07,20.63,27.13,30.47,42.4,49.33,3.31
W0160,52.2302,10.8384,6.73,20.83,21.47,23.87,54.67,30.03,2.78
W0162,52.2302,11.0452,5.03,22.63,28.17,25.03,46.8,44.13,3.53
W0163,52.2302,11.0747,5.07,22.13,29.7,21.47,48.83,41.7,3.41
W0164,52.2302,11.1043,6.5,23.83,39.53,22.9,37.53,33.13,3.95
W0166,52.2482,10.4545,5.37,22.8,38.27,22.67,39.07,41.93,3.49
W0168,52.2482,10.6317,6.37,22.17,38.83,26.67,34.5,35.47,3.54
W0169,52.2482,10.6612,6.5,22.9,37.8,24.17,38.03,37.5,3.48
W0170,52.2482,10.6908,6.8,23.33,35.9,24.23,39.87,27.8,3.79
W0171,52.2482,10.7498,6.2,21.97,32.17,27.83,40.0,36.23,3.55
W0172,52.2482,10.7794,5.27,23.17,31.17,28.97,39.87,44.83,3.76
W0174,52.2482,10.9566,6.73,22.97,48.7,20.63,30.63,37.63,4.1
W0176,52.2482,11.0157,5.0,21.37,27.0,19.53,53.47,45.27,2.84
W0177,52.2482,11.0452,5.03,22.97,27.93,21.33,50.7,52.73,3.22
W0178,52.2482,11.0747,4.93,23.53,35.3,19.83,44.87,49.3,3.97
W0179,52.2482,11.1043,5.7,24.73,43.03,18.83,38.13,43.17,4.54
W0180,52.2482,11.1338,6.33,22.23,44.73,18.1,37.2,35.57,3.84
W0182,52.2662,10.2477,6.9,18.67,25.07,25.8,49.17,26.67,2.63
W0183,52.2662,10.2772,5.33,20.43,25.97,24.07,49.97,35.03,2.93
W0184,52.2662,10.3068,6.83,21.23,28.5,24.13,47.37,27.63,2.86
W0185,52.2662,10.6021,5.13,23.27,39.53,23.7,36.77,43.3,3.52
W0186,52.2662,10.6317,5.8,21.8,36.2,23.43,40.37,39.73,4.23
W0187,52.2662,10.6612,5.47,23.23,35.9,23.77,40.33,43.77,3.82
W0188,52.2662,10.7203,5.8,24.83,35.57,25.1,39.33,45.63,4.58
W0189,52.2662,10.868,6.7,22.0,40.93,22.83,36.23,41.7,3.56
W0190,52.2662,10.8975,5.17,22.43,37.53,21.1,41.4,55.07,4.24
W0191,52.2662,10.9566,6.6,22.0,42.37,20.4,37.27,33.6,4.03
W0192,52.2662,10.9861,5.17,23.37,30.1,21.3,48.57,53.5,3.75
W0193,52.2662,11.0157,4.93,21.47,26.67,22.1,51.23,48.6,3.15
W0194,52.2662,11.0452,5.03,23.4,29.5,19.93,50.57,48.93,3.4
W0195,52.2662,11.0747,5.93,24.53,42.67,19.87,37.47,42.8,4.42
W0196,52.2662,11.1043,6.7,22.37,40.4,18.43,41.17,33.53,4.01
W0197,52.2662,11.1338,4.93,22.13,32.93,18.53,48.47,45.57,3.86
W0198,52.2842,10.1,6.87,20.83,29.5,21.6,48.9,36.67,3.31
W0199,52.2842,10.1886,5.2,19.47,25.43,25.6,48.97,44.17,3.52
W0200,52.2842,10.2477,6.77,20.57,37.9,25.17,36.93,33.6,2.96
W0201,52.2842,10.3363,5.13,23.67,32.83,22.87,44.3,49.07,3.48
W0202,52.2842,10.3658,6.53,22.3,40.93,23.13,35.93,33.03,3.0
W0203,52.2842,10.3954,5.37,22.0,33.97,23.27,42.77,45.2,3.53
W0209,52.2842,10.6317,5.27,23.8,41.03,23.5,35.43,50.4,4.52
W0210,52.2842,10.7203,6.8,23.4,38.67,25.6,35.77,31.93,4.23
W0211,52.2842,10.8089,4.97,22.9,49.77,17.4,32.8,43.53,3.88
W0212,52.2842,10.8384,5.1,22.6,51.0,21.47,27.53,42.8,4.34
W0213,52.2842,10.868,5.23,22.47,35.57,22.47,41.97,48.57,3.58
W0214,52.2842,10.8975,5.17,21.67,37.3,20.6,42.1,50.13,3.34
W0215,52.2842,11.0157,5.0,22.6,23.5,21.37,55.13,60.43,3.22
W0216,52.2842,11.0452,5.03,21.83,33.37,18.53,48.03,48.27,3.65
W0217,52.2842,11.0747,6.23,22.27,41.27,18.4,40.33,39.13,3.48
W0218,52.2842,11.1043,6.43,23.53,43.2,19.17,37.67,30.5,4.27
W0219,52.2842,11.1338,5.63,22.17,43.93,16.77,39.3,46.67,4.35
W0221,52.3023,10.2772,6.67,21.33,35.2,23.2,41.57,37.3,2.87
W0223,52.3023,10.3363,5.4,22.13,27.83,24.0,48.17,46.33,3.44
W0224,52.3023,10.3658,5.13,21.57,31.67,24.03,44.33,44.93,3.06
W0225,52.3023,10.4249,5.6,22.77,34.03,25.03,40.9,39.83,3.17
W0228,52.3023,10.6317,5.93,24.9,48.17,18.73,33.13,50.6,4.55
W0229,52.3023,10.6612,6.37,24.3,46.33,18.93,34.67,36.13,4.43
W0230,52.3023,10.6908,5.27,24.2,50.0,20.5,29.5,66.17,4.58
W0231,52.3023,10.7203,5.93,22.67,48.07,21.53,30.33,35.2,3.46
W0232,52.3023,10.8089,5.97,22.47,47.17,21.1,31.73,39.17,4.17
W0233,52.3023,10.8384,6.3,21.23,50.07,21.0,28.93,35.67,4.18
W0234,52.3023,10.868,6.17,21.7,45.77,20.63,33.6,44.63,4.29
W0235,52.3023,10.8975,6.7,23.3,45.27,23.63,31.03,41.83,4.59
W0236,52.3023,10.9271,5.33,24.1,43.43,23.17,33.43,61.6,5.27
W0237,52.3023,10.9861,5.03,21.77,32.03,20.87,47.1,39.9,3.76
W0239,52.3023,11.0452,5.8,24.57,52.13,17.47,30.4,45.77,4.74
W0240,52.3023,11.0747,4.9,23.77,50.73,16.63,32.63,42.47,4.32
W0241,52.3023,11.1043,6.47,24.4,46.13,21.4,32.47,32.53,4.26
W0242,52.3023,11.1338,4.83,23.27,36.77,22.4,40.83,50.63,3.88
W0244,52.3203,10.3068,5.43,19.93,43.23,22.27,34.5,46.6,4.12
W0245,52.3203,10.3363,5.73,21.83,35.3,24.17,40.53,45.8,3.56
W0246,52.3203,10.5726,6.23,24.07,42.87,26.23,30.87,40.4,3.12
W0247,52.3203,10.6021,6.57,23.5,43.37,18.97,37.7,34.2,3.58
W0248,52.3203,10.6317,5.43,25.23,47.83,21.33,30.83,43.63,3.56
W0249,52.3203,10.6612,5.27,23.1,45.97,20.57,33.47,48.63,4.92
W0250,52.3203,10.6908,6.57,21.63,47.23,19.8,32.97,33.27,4.15
W0251,52.3203,10.7203,5.1,22.7,47.6,18.67,33.8,44.97,3.8
W0252,52.3203,10.7498,6.4,22.33,48.37,17.9,33.73,33.37,3.49
W0253,52.3203,10.8384,5.7,21.4,46.17,21.17,32.6,37.1,3.64
W0254,52.3203,10.868,6.67,21.5,47.03,22.0,30.93,31.27,3.49
W0255,52.3203,10.9271,5.1,23.0,37.83,22.9,39.3,49.0,3.74
W0256,52.3203,10.9566,5.03,21.93,31.73,22.87,45.43,40.23,3.4
W0257,52.3203,10.9861,6.0,21.9,40.27,22.1,37.7,31.97,3.89
W0258,52.3203,11.0452,5.07,22.83,47.43,16.83,35.73,58.6,4.39
W0259,52.3383,10.1,6.37,20.23,46.0,19.83,34.13,32.17,2.98
W0260,52.3383,10.1295,5.23,19.97,43.07,19.37,37.53,47.53,3.46
W0261,52.3383,10.3363,5.77,20.17,41.0,24.13,34.9,42.77,3.49
W0262,52.3383,10.3658,6.43,23.77,36.1,22.17,41.7,37.7,2.91
W0265,52.3383,10.5726,6.67,22.0,44.13,19.8,36.07,34.13,3.32
W0266,52.3383,10.6021,5.13,22.47,45.83,20.2,34.0,47.07,3.47
W0267,52.3383,10.6317,5.03,22.13,48.27,17.53,34.23,44.07,3.51
W0268,52.3383,10.6612,5.3,21.9,47.17,19.53,33.3,39.47,3.72
W0269,52.3383,10.6908,5.6,22.87,52.3,18.53,29.13,44.1,4.07
W0270,52.3383,10.7203,4.97,21.77,53.37,18.73,27.9,52.73,3.79
W0271,52.3383,10.7498,6.4,21.5,54.17,18.07,27.73,33.87,3.35
W0272,52.3383,10.868,6.57,23.3,44.23,21.4,34.4,29.53,3.94
W0273,52.3383,10.8975,5.07,23.47,38.2,19.63,42.17,46.17,3.47
W0274,52.3383,10.9271,6.73,21.73,43.8,19.77,36.43,32.13,3.98
W0275,52.3383,10.9566,6.83,22.0,47.6,19.73,32.63,32.17,4.13
W0276,52.3383,10.9861,6.87,22.97,50.7,16.17,33.13,27.57,3.74
W0277,52.3383,11.1043,5.73,23.97,47.67,20.07,32.3,43.63,4.2
W0278,52.3383,11.1338,6.93,23.23,51.23,19.2,29.63,31.63,4.45
W0279,52.3563,10.1,5.23,20.23,44.57,22.17,33.3,36.83,3.0
W0280,52.3563,10.1295,5.97,20.4,50.3,21.1,28.6,34.93,2.71
W0281,52.3563,10.2772,6.5,20.77,60.7,10.2,29.1,53.3,3.9
W0282,52.3563,10.3068,6.63,20.07,54.83,15.47,29.77,32.6,2.92
W0283,52.3563,10.3363,6.43,21.07,49.77,18.7,31.53,35.43,3.39
W0284,52.3563,10.3658,5.77,23.03,49.67,20.1,30.2,36.87,3.1
W0285,52.3563,10.4249,5.43,22.53,55.17,18.6,26.23,46.2,4.09
W0286,52.3563,10.484,5.93,20.83,50.83,21.1,28.07,32.67,3.1
W0287,52.3563,10.5135,5.33,21.57,43.97,21.93,34.07,41.37,3.7
W0288,52.3563,10.5726,6.5,22.33,42.67,22.27,35.07,33.8,3.72
W0289,52.3563,10.6021,6.43,23.93,51.07,18.1,30.83,28.13,2.92
W0290,52.3563,10.6317,6.57,22.67,47.93,18.07,34.0,34.93,3.48
W0291,52.3563,10.6612,6.47,22.3,46.43,21.03,32.53,26.37,3.17
W0292,52.3563,10.6908,6.47,22.8,53.23,16.5,30.27,28.87,3.33
W0293,52.3563,10.8089,6.63,22.23,49.3,18.53,32.17,29.6,3.38
W0294,52.3563,10.8384,5.93,22.17,45.2,22.6,32.23,38.77,3.74
W0295,52.3563,10.868,6.47,22.9,39.17,21.97,38.83,33.17,3.39
W0296,52.3563,10.9861,5.07,23.1,51.0,18.8,30.2,48.5,4.49
W0297,52.3563,11.0157,6.3,24.3,55.63,16.9,27.43,35.8,4.97
W0298,52.3563,11.0452,6.3,25.37,61.43,15.43,23.13,39.23,4.7
W0299,52.3563,11.0747,5.07,24.5,55.83,14.67,29.47,55.1,5.19
W0300,52.3563,11.1043,5.07,23.03,54.43,14.4,31.17,49.13,4.61
W0301,52.3563,11.1338,5.3,23.97,51.5,19.2,29.3,41.07,4.18
W0302,52.3743,10.1,6.5,19.17,49.57,24.0,26.43,35.53,3.19
W0303,52.3743,10.1886,6.3,18.9,58.97,16.97,24.03,32.43,2.99
W0304,52.3743,10.3068,6.5,21.0,54.3,14.67,31.03,34.33,3.29
W0305,52.3743,10.3363,5.23,20.27,38.53,19.83,41.7,43.23,3.28
W0307,52.3743,10.3954,6.3,22.67,56.5,18.53,24.97,37.2,3.33
W0308,52.3743,10.4249,5.07,21.03,54.33,18.07,27.63,44.9,3.07
W0309,52.3743,10.5135,6.4,21.83,51.67,16.93,31.4,30.73,3.31
W0310,52.3743,10.5726,6.43,21.7,54.57,17.23,28.2,33.5,3.31
W0311,52.3743,10.6612,6.37,21.97,55.27,17.17,27.57,32.7,3.29
W0312,52.3743,10.6908,5.8,23.37,56.33,14.4,29.23,38.93,4.46
W0313,52.3743,10.7203,5.2,23.0,46.03,19.3,34.7,43.63,3.66
W0314,52.3743,10.7498,4.93,20.8,51.37,17.4,31.23,41.33,3.42
W0315,52.3743,10.7794,5.17,22.03,46.8,21.5,31.73,47.17,3.26
W0316,52.3743,10.8089,5.13,22.77,47.6,16.67,35.77,43.97,3.3
W0317,52.3743,10.8384,6.4,21.27,43.37,21.0,35.67,29.77,3.32
W0318,52.3743,10.868,5.2,21.63,42.0,19.7,38.23,40.9,3.69
W0319,52.3743,10.8975,6.7,23.3,51.6,20.8,27.67,31.33,3.77
W0320,52.3743,10.9861,5.33,24.97,51.2,18.87,29.97,66.9,6.78
W0321,52.3743,11.0157,4.93,25.87,51.13,21.13,27.77,55.77,5.48
W0322,52.3743,11.0452,6.27,25.07,62.67,12.6,24.73,37.3,4.26
W0323,52.3743,11.0747,6.23,23.8,62.4,13.07,24.57,35.57,4.18
W0324,52.3923,10.2182,6.2,20.83,56.27,11.97,31.77,35.6,4.27
W0325,52.3923,10.2477,6.37,19.33,60.47,14.17,25.37,34.43,3.18
W0326,52.3923,10.3363,6.33,21.57,58.53,12.57,28.87,33.03,3.4
W0327,52.3923,10.3658,5.53,21.63,57.83,14.57,27.57,47.97,4.08
W0328,52.3923,10.3954,6.3,22.03,56.9,17.13,25.93,35.2,3.69
W0329,52.3923,10.4545,5.5,21.63,48.17,20.13,31.73,39.37,3.02
W0330,52.3923,10.484,5.9,22.23,56.03,17.13,26.83,41.07,3.61
W0331,52.3923,10.5135,5.7,20.93,59.23,16.87,23.87,34.67,3.0
W0332,52.3923,10.6021,5.77,21.8,56.83,16.9,26.23,32.7,3.82
W0333,52.3923,10.6612,6.47,21.7,56.47,16.1,27.47,29.37,3.36
W0334,52.3923,10.6908,6.33,20.93,61.1,14.0,24.87,34.7,3.96
W0337,52.3923,10.7794,4.97,21.63,49.7,20.2,30.1,51.63,3.41
W0338,52.3923,10.8089,6.5,22.17,53.3,17.47,29.27,31.1,3.56
W0339,52.3923,10.868,5.73,21.37,45.87,19.7,34.43,47.3,3.99
W0340,52.3923,10.8975,6.6,22.5,51.43,15.87,32.7,30.53,3.78
W0341,52.3923,11.0157,5.87,24.4,51.77,18.13,30.07,38.67,4.08
W0342,52.3923,11.0452,5.2,23.33,57.67,14.47,27.87,53.3,4.68
W0343,52.3923,11.0747,5.07,23.43,58.1,17.93,23.97,52.2,4.64
W0344,52.4104,10.1,6.23,19.37,55.13,21.6,23.3,28.13,3.32
W0345,52.4104,10.1295,6.33,20.33,49.07,20.33,30.6,33.87,3.3
W0347,52.4104,10.2182,5.7,19.13,55.7,17.23,27.07,34.7,3.36
W0348,52.4104,10.2477,6.47,20.5,47.9,19.33,32.77,34.67,3.17
W0349,52.4104,10.2772,5.73,19.53,49.1,20.07,30.8,35.43,3.2
W0350,52.4104,10.3363,6.23,22.47,64.23,11.33,24.43,34.9,3.38
W0351,52.4104,10.3658,5.43,22.3,63.93,11.2,24.83,48.63,4.06
W0352,52.4104,10.4249,5.5,20.33,55.53,17.43,27.03,40.87,3.08
W0353,52.4104,10.4545,5.07,18.97,59.8,13.43,26.8,38.47,3.04
W0354,52.4104,10.484,5.13,21.67,56.83,16.97,26.17,38.63,3.64
W0355,52.4104,10.5135,5.57,22.1,60.17,15.9,23.93,37.63,3.57
W0356,52.4104,10.5431,5.4,20.9,55.27,18.3,26.43,42.57,3.15
W0359,52.4104,10.8089,5.63,22.97,50.43,18.93,30.7,39.77,3.65
W0360,52.4104,10.868,5.03,23.23,47.87,17.57,34.53,48.83,4.4
W0361,52.4104,10.8975,4.93,21.57,52.37,15.17,32.47,47.1,4.02
W0362,52.4104,10.9271,6.0,24.57,44.83,18.23,36.93,43.47,3.96
W0363,52.4104,10.9566,5.57,24.0,51.67,17.47,30.87,48.97,3.86
W0364,52.4104,11.0452,6.07,23.3,51.3,23.63,25.07,39.8,3.65
W0365,52.4284,10.1,5.1,18.93,44.83,19.7,35.47,41.07,3.17
W0366,52.4284,10.1295,5.23,19.33,44.67,26.27,29.1,43.8,3.38
W0367,52.4284,10.1591,5.97,19.0,56.67,16.53,26.8,34.5,2.75
W0368,52.4284,10.1886,5.6,21.0,53.37,19.1,27.5,39.2,2.97
W0369,52.4284,10.2182,6.3,20.9,57.0,17.73,25.27,30.57,3.16
W0370,52.4284,10.2477,6.3,19.77,49.3,21.73,29.0,36.63,3.3
W0371,52.4284,10.2772,5.57,19.5,50.2,21.17,28.67,44.83,3.65
W0373,52.4284,10.3363,5.5,20.73,57.13,14.63,28.2,44.03,2.87
W0374,52.4284,10.3658,6.1,22.03,64.6,10.2,25.2,38.73,3.23
W0375,52.4284,10.4545,5.73,21.2,56.23,15.13,28.6,33.23,2.78
W0377,52.4284,10.5135,6.23,20.03,62.7,14.17,23.17,37.1,3.51
W0378,52.4284,10.5431,6.3,19.83,58.93,13.5,27.6,43.07,3.59
W0379,52.4284,10.5726,6.27,21.13,62.2,14.3,23.5,36.17,3.64
W0380,52.4284,10.6317,6.2,23.23,59.13,16.77,24.1,43.17,4.55
W0383,52.4284,10.868,6.23,24.33,56.43,14.6,28.97,37.5,4.29
W0384,52.4284,10.8975,5.03,23.03,53.5,17.5,29.0,44.83,4.12
W0385,52.4284,10.9271,4.8,24.43,53.53,18.03,28.4,48.3,4.34
W0386,52.4284,10.9566,6.23,22.53,56.3,17.33,26.37,35.17,3.88
W0387,52.4284,11.0157,6.5,23.73,56.6,17.13,26.3,38.73,4.14
W0388,52.4284,11.0452,5.27,24.07,59.43,15.73,24.83,59.6,4.84
W0389,52.4284,11.1338,6.2,23.87,56.6,15.27,28.13,54.47,4.32
W0390,52.4464,10.1,5.23,19.2,47.7,19.27,33.1,40.73,3.16
W0391,52.4464,10.1295,5.5,19.3,48.17,21.13,30.7,38.67,3.07
W0392,52.4464,10.1591,6.3,18.73,55.97,18.3,25.73,30.87,3.08
W0393,52.4464,10.2477,5.47,20.2,57.6,17.5,24.93,43.57,3.34
W0394,52.4464,10.2772,5.8,19.47,65.23,15.17,19.57,35.93,3.01
W0395,52.4464,10.3068,6.33,20.27,61.17,16.83,22.0,34.47,3.19
W0396,52.4464,10.3363,5.37,20.23,63.8,15.6,20.63,41.33,2.95
W0397,52.4464,10.3658,5.4,20.0,68.73,10.2,21.07,36.7,3.31
W0398,52.4464,10.3954,5.53,19.47,66.47,12.27,21.27,34.83,2.74
W0400,52.4464,10.484,5.7,20.6,59.8,17.3,22.9,29.1,3.07
W0401,52.4464,10.5135,6.07,21.4,61.8,15.6,22.57,41.57,3.76
W0402,52.4464,10.5431,5.27,21.1,61.33,15.6,23.07,39.47,3.53
W0404,52.4464,10.6021,5.37,22.8,56.03,17.9,26.03,41.5,3.7
W0405,52.4464,10.6317,5.1,22.5,50.57,18.87,30.6,46.43,3.95
W0406,52.4464,10.6612,5.8,21.47,59.73,15.73,24.53,50.33,4.72
W0407,52.4464,10.6908,5.1,22.97,60.07,13.27,26.67,47.93,4.12
W0408,52.4464,10.7203,5.03,21.77,57.97,16.33,25.7,56.03,3.68
W0411,52.4464,10.8975,5.57,23.77,56.1,15.33,28.6,58.03,5.74
W0412,52.4464,10.9271,6.23,24.93,59.63,14.77,25.57,43.07,4.85
W0413,52.4464,11.1043,5.03,23.33,60.0,14.6,25.43,54.8,4.66
W0414,52.4464,11.1338,5.1,22.57,61.93,13.5,24.57,58.3,4.72
W0415,52.4644,10.1,6.3,20.43,55.67,19.17,25.17,33.7,3.04
W0416,52.4644,10.1295,5.77,19.6,54.7,21.63,23.7,40.7,3.27
W0419,52.4644,10.2182,6.13,19.47,64.97,16.97,18.03,37.9,3.12
W0420,52.4644,10.2477,6.0,20.6,67.67,12.2,20.17,41.27,3.73
W0421,52.4644,10.2772,6.1,19.77,59.17,16.77,24.07,47.07,2.92
W0422,52.4644,10.3068,5.77,19.83,69.6,10.43,19.93,37.73,3.0
W0425,52.4644,10.3954,5.17,19.23,66.13,13.4,20.47,45.57,2.94
W0426,52.4644,10.4249,5.07,20.37,57.47,13.53,29.0,37.6,2.9
W0427,52.4644,10.4545,4.9,19.57,59.8,15.43,24.73,36.37,3.1
W0428,52.4644,10.484,4.97,19.77,62.37,16.57,21.07,45.0,2.99
W0429,52.4644,10.5135,5.07,20.2,61.03,15.63,23.37,38.03,3.08
W0431,52.4644,10.5726,5.43,21.1,66.77,12.3,20.93,33.37,2.95
W0432,52.4644,10.6021,6.07,20.6,63.9,14.93,21.17,36.37,3.57
W0433,52.4644,10.6317,5.0,20.63,58.07,17.8,24.13,51.73,3.89
W0434,52.4644,10.6612,4.9,22.5,57.4,15.1,27.5,47.07,4.64
W0435,52.4644,10.6908,4.97,23.73,61.07,12.93,26.03,46.9,5.2
W0436,52.4644,10.7794,5.57,21.83,62.4,13.53,24.07,38.77,3.79
W0437,52.4644,10.8089,5.0,21.73,59.67,13.9,26.4,40.37,3.74
W0438,52.4644,10.8384,5.7,21.7,65.5,14.87,19.63,37.13,3.81
W0439,52.4644,10.868,5.63,21.6,58.83,16.43,24.8,49.53,5.55
W0440,52.4644,10.8975,6.17,24.0,58.5,15.37,26.1,60.23,5.67
W0441,52.4644,10.9271,6.13,25.13,57.67,13.7,28.67,77.23,5.95
W0442,52.4644,10.9566,6.23,24.07,60.3,13.43,26.27,48.77,6.06
W0443,52.4644,11.0452,5.17,23.27,61.07,13.17,25.77,65.63,5.92
W0444,52.4644,11.1043,5.63,22.8,65.77,12.43,21.77,46.93,4.42
W0445,52.4644,11.1338,6.17,23.37,63.53,11.17,25.3,33.73,3.65
W0446,52.4824,10.1295,5.27,19.47,57.5,19.9,22.63,44.83,3.78
W0447,52.4824,10.1591,6.3,20.67,55.9,16.43,27.63,36.47,3.27
W0448,52.4824,10.1886,5.4,18.23,52.6,20.9,26.5,49.1,3.57
W0449,52.4824,10.2477,6.23,19.27,67.93,11.9,20.17,39.53,3.75
W0450,52.4824,10.2772,6.3,19.83,68.37,13.1,18.57,35.97,3.14
W0451,52.4824,10.3068,5.83,19.37,67.63,12.87,19.53,34.57,2.97
W0452,52.4824,10.3954,5.2,19.23,60.4,16.27,23.33,44.23,3.04
W0453,52.4824,10.4249,5.17,20.13,55.3,15.97,28.77,42.9,2.94
W0454,52.4824,10.4545,5.33,19.37,60.57,14.03,25.4,35.17,2.72
W0455,52.4824,10.484,5.17,20.83,60.23,14.8,24.97,52.93,3.21
W0458,52.4824,10.6021,5.97,20.07,61.67,15.47,22.87,40.53,3.07
W0459,52.4824,10.6317,5.47,20.83,61.9,14.93,23.13,38.63,4.27
W0460,52.4824,10.6612,5.03,20.93,61.33,14.23,24.4,44.2,4.19
W0461,52.4824,10.6908,5.47,21.63,62.4,12.3,25.3,41.8,3.78
W0462,52.4824,10.7203,6.17,21.03,62.7,13.67,23.67,39.9,3.29
W0463,52.4824,10.7794,6.23,22.47,53.9,15.87,30.23,35.83,4.21
W0464,52.4824,10.8089,5.2,24.57,57.87,14.5,27.6,51.93,4.27
W0465,52.4824,10.9566,5.7,22.67,59.2,13.93,26.87,59.63,5.1
W0466,52.4824,10.9861,5.03,21.97,62.23,13.0,24.73,52.7,4.16
W0467,52.4824,11.0157,6.1,22.87,60.63,14.5,24.87,56.27,5.0
W0468,52.4824,11.0452,6.13,23.73,59.7,15.97,24.37,36.17,4.45
W0469,52.5005,10.1,6.17,20.3,56.03,18.57,25.37,45.93,3.93
W0470,52.5005,10.1295,5.9,19.7,60.9,16.47,22.6,35.7,3.54
W0471,52.5005,10.1591,6.1,18.8,63.27,16.03,20.7,31.17,3.19
W0472,52.5005,10.1886,6.3,18.93,71.03,11.23,17.73,36.53,3.02
W0473,52.5005,10.2477,5.87,18.87,70.3,10.03,19.67,40.53,2.96
W0474,52.5005,10.2772,6.17,18.5,68.4,14.3,17.3,34.1,2.94
W0475,52.5005,10.3068,6.4,19.07,65.57,15.37,19.03,34.23,2.94
W0476,52.5005,10.3954,6.3,19.03,63.63,15.2,21.2,36.43,3.28
W0477,52.5005,10.4249,5.93,20.27,71.27,10.43,18.27,39.87,4.04
W0478,52.5005,10.4545,5.17,20.03,52.6,19.33,28.1,38.27,3.31
W0479,52.5005,10.484,5.2,20.63,55.9,16.43,27.67,42.9,3.04
W0482,52.5005,10.5726,5.13,19.37,61.13,15.1,23.77,44.3,3.33
W0483,52.5005,10.6021,5.57,19.4,63.17,14.83,22.03,35.67,3.63
W0484,52.5005,10.6612,5.1,20.77,59.23,15.2,25.57,43.13,4.07
W0485,52.5005,10.6908,4.9,20.6,63.17,11.43,25.37,40.13,3.5
W0486,52.5005,10.7203,6.07,21.73,61.53,14.13,24.37,32.77,3.13
W0487,52.5005,10.7498,6.23,21.57,59.53,14.57,25.93,37.43,3.31
W0488,52.5005,10.8089,6.07,20.97,60.13,15.3,24.57,33.53,3.55
W0489,52.5005,10.8384,5.23,22.3,64.13,14.07,21.8,47.13,3.86
W0490,52.5005,10.868,4.87,22.5,60.03,14.8,25.17,42.1,4.11
W0491,52.5005,10.8975,5.13,21.07,60.03,14.43,25.6,42.03,3.83
W0492,52.5005,10.9271,5.0,21.5,58.73,13.47,27.8,50.57,4.4
W0493,52.5005,10.9566,5.0,21.57,61.13,11.87,27.07,56.63,4.36
W0494,52.5005,10.9861,5.57,23.17,66.13,10.93,22.97,58.13,4.49
W0495,52.5005,11.1043,5.7,24.0,62.47,13.17,24.37,60.03,5.16
W0496,52.5185,10.1,5.2,20.5,60.13,14.43,25.43,44.13,4.45
W0497,52.5185,10.1295,6.27,19.37,62.3,16.63,21.07,34.2,3.31
W0498,52.5185,10.1591,5.6,19.23,65.53,14.17,20.27,44.43,3.39
W0499,52.5185,10.2477,6.27,19.2,65.67,12.83,21.5,37.93,3.37
W0500,52.5185,10.2772,6.3,18.3,69.53,12.13,18.3,33.67,2.75
W0501,52.5185,10.3068,6.03,19.7,62.07,13.4,24.57,36.0,3.12
W0502,52.5185,10.3954,5.33,20.1,55.1,15.03,29.87,46.23,3.2
W0503,52.5185,10.4249,5.53,20.6,62.4,14.97,22.6,41.0,3.27
W0504,52.5185,10.4545,5.9,19.33,66.43,13.7,19.8,41.27,3.66
W0505,52.5185,10.5135,5.93,19.8,63.8,13.27,22.9,33.27,3.07
W0507,52.5185,10.5726,5.23,20.7,57.57,17.3,25.17,43.63,3.64
W0508,52.5185,10.6021,5.77,20.53,64.8,13.87,21.3,37.13,3.86
W0509,52.5185,10.6317,5.17,19.9,66.6,11.8,21.63,36.3,3.39
W0510,52.5185,10.6612,4.9,20.2,66.07,10.67,23.23,40.17,3.49
W0511,52.5185,10.6908,4.67,21.2,59.7,12.57,27.77,40.87,3.3
W0512,52.5185,10.7203,4.7,20.23,63.47,12.37,24.2,39.7,3.61
W0513,52.5185,10.7498,5.27,20.83,63.4,13.9,22.7,49.27,3.43
W0514,52.5185,10.7794,4.9,21.37,62.03,12.83,25.13,42.87,3.61
W0515,52.5185,10.8384,4.97,22.1,59.83,15.1,25.03,45.3,4.08
W0516,52.5185,10.868,4.77,22.07,58.33,15.33,26.4,47.7,3.69
W0517,52.5185,10.8975,4.97,21.87,60.0,13.23,26.73,45.3,4.36
W0518,52.5185,10.9271,5.03,23.03,56.3,15.23,28.47,69.07,4.77
W0519,52.5185,10.9566,5.0,22.03,59.0,15.23,25.73,60.57,4.86
W0520,52.5185,10.9861,5.33,22.87,62.87,13.3,23.8,54.77,5.77
W0521,52.5185,11.0157,5.33,22.4,64.67,11.37,24.0,77.87,5.24
W0522,52.5365,10.1,5.2,18.37,62.33,16.43,21.23,39.57,3.03
W0523,52.5365,10.1295,6.3,20.47,63.47,14.47,22.1,37.03,3.01
W0524,52.5365,10.2182,6.27,18.27,65.93,14.3,19.77,35.47,2.75
W0525,52.5365,10.2477,5.37,18.93,66.67,11.8,21.5,39.27,2.81
W0526,52.5365,10.2772,5.8,18.9,68.6,12.33,19.1,35.37,3.02
W0527,52.5365,10.3068,6.27,20.93,66.8,12.77,20.43,36.63,2.98
W0528,52.5365,10.4545,5.33,19.63,63.4,15.07,21.6,39.9,3.07
W0529,52.5365,10.484,5.07,19.17,62.5,15.97,21.53,41.5,2.99
W0530,52.5365,10.5135,5.27,20.4,56.53,17.23,26.23,42.83,2.98
W0531,52.5365,10.5431,6.2,20.27,64.83,12.3,22.87,36.93,3.59
W0532,52.5365,10.5726,5.37,20.7,58.43,14.67,26.93,32.93,3.09
W0534,52.5365,10.6317,4.97,20.4,62.43,13.23,24.37,37.3,3.79
W0535,52.5365,10.6612,4.9,21.27,61.3,11.9,26.8,49.17,3.54
W0536,52.5365,10.6908,4.83,19.5,56.03,13.73,30.27,43.93,3.3
W0537,52.5365,10.7203,5.9,20.7,63.07,14.3,22.6,36.17,3.6
W0538,52.5365,10.7498,4.9,20.1,60.37,14.47,25.17,40.43,3.22
W0539,52.5365,10.7794,4.97,20.93,63.03,13.03,23.9,41.27,3.87
W0540,52.5365,10.8089,5.43,23.4,64.03,12.33,23.63,46.83,5.14
W0541,52.5365,10.9271,6.0,21.67,58.13,15.93,25.97,44.97,5.26
W0542,52.5365,10.9566,4.93,22.8,62.23,13.43,24.33,57.33,4.99
W0543,52.5365,11.0747,5.8,23.5,64.93,12.93,22.1,46.33,4.21
W0544,52.5365,11.1043,5.63,22.9,63.7,14.37,21.93,46.13,4.54
W0545,52.5545,10.2182,5.27,20.2,66.93,14.0,19.07,47.37,3.02
W0546,52.5545,10.2477,5.17,18.93,69.57,10.97,19.43,44.63,2.96
W0547,52.5545,10.3363,5.37,20.87,64.07,12.17,23.8,55.2,3.11
W0548,52.5545,10.3954,6.1,20.3,64.47,12.4,23.07,36.87,3.29
W0549,52.5545,10.4249,5.93,20.57,60.37,14.5,25.13,43.13,3.62
W0550,52.5545,10.4545,5.03,20.3,59.73,13.4,26.87,43.87,3.03
W0551,52.5545,10.484,4.97,20.07,59.7,14.2,26.1,48.27,2.82
W0552,52.5545,10.5135,5.07,20.07,62.77,15.43,21.8,41.77,2.91
W0553,52.5545,10.5431,5.37,20.83,66.5,13.83,19.67,43.03,3.93
W0554,52.5545,10.5726,5.5,20.8,62.7,12.23,25.07,45.97,4.72
W0555,52.5545,10.6317,5.8,22.43,60.57,12.77,26.7,45.4,3.97
W0556,52.5545,10.6612,5.07,21.5,58.67,12.93,28.4,41.8,3.72
W0557,52.5545,10.6908,6.17,20.63,64.93,12.03,23.1,38.17,3.72
W0558,52.5545,10.7203,5.0,21.07,62.8,14.07,23.13,39.53,3.54
W0559,52.5545,10.7498,4.87,20.87,61.8,14.27,23.9,41.63,3.19
W0560,52.5545,10.7794,5.33,21.83,64.07,11.97,23.97,46.97,4.57
W0561,52.5545,10.8089,4.97,20.93,66.5,11.77,21.77,44.63,4.77
W0562,52.5545,10.8384,5.03,19.73,63.03,12.8,24.17,41.7,4.13
W0563,52.5545,10.868,5.2,23.33,60.37,16.07,23.6,52.8,6.45
W0564,52.5545,10.8975,5.6,21.37,58.9,16.4,24.67,52.4,4.39
W0565,52.5545,10.9271,5.1,21.93,64.67,11.5,23.87,54.23,4.75
W0566,52.5545,11.0747,6.1,25.17,64.2,11.27,24.53,41.47,4.27
W0567,52.5545,11.1338,6.3,24.87,63.4,13.47,23.1,39.8,5.26
W0568,52.5725,10.1591,5.83,19.13,63.33,15.17,21.53,38.9,3.1
W0570,52.5725,10.2182,6.33,19.13,65.73,13.8,20.47,41.77,3.2
W0571,52.5725,10.2772,5.43,18.9,68.03,14.3,17.7,44.2,2.85
W0572,52.5725,10.3068,6.0,20.67,70.37,11.3,18.3,39.53,3.66
W0573,52.5725,10.3363,5.4,20.23,69.87,9.17,20.97,43.1,3.27
W0574,52.5725,10.3658,5.63,21.17,66.87,10.1,23.03,46.03,3.8
W0575,52.5725,10.3954,5.43,18.93,68.17,12.27,19.57,51.1,3.45
W0576,52.5725,10.4249,5.1,19.07,62.47,12.23,25.3,53.6,3.13
W0577,52.5725,10.4545,5.47,20.93,60.0,13.43,26.57,45.07,4.41
W0578,52.5725,10.484,5.17,20.37,63.1,11.67,25.2,46.37,3.6
W0579,52.5725,10.5135,5.07,20.17,59.73,12.5,27.77,37.9,3.2
W0580,52.5725,10.5431,5.1,20.87,66.3,12.03,21.6,42.9,3.84
W0581,52.5725,10.5726,4.93,20.73,61.07,13.8,25.2,49.57,3.66
W0582,52.5725,10.6021,4.97,20.67,61.87,14.3,23.9,40.47,3.49
W0583,52.5725,10.6317,5.37,21.27,62.73,11.53,25.7,38.6,3.72
W0584,52.5725,10.6612,5.67,22.83,57.97,12.53,29.53,38.97,3.63
W0585,52.5725,10.6908,4.9,20.17,64.03,12.73,23.23,37.27,3.33
W0586,52.5725,10.7203,4.83,20.53,54.33,16.0,29.67,49.6,3.08
W0587,52.5725,10.7498,6.03,21.63,62.3,13.13,24.57,31.67,3.59
W0588,52.5725,10.7794,6.03,20.2,60.37,11.9,27.73,43.2,3.79
W0589,52.5725,10.8089,5.6,22.63,60.43,13.13,26.4,45.33,3.99
W0590,52.5725,10.8384,5.0,22.5,59.9,14.6,25.47,57.2,4.03
W0591,52.5725,10.868,5.8,21.4,64.33,12.7,23.0,38.87,4.19
W0592,52.5725,10.8975,6.1,20.57,60.1,12.37,27.5,44.33,4.55
W0593,52.5725,10.9271,6.43,22.43,60.63,11.43,28.0,44.47,4.18
W0594,52.5725,11.0747,6.13,23.07,65.4,11.8,22.77,34.03,3.69
W0595,52.5725,11.1338,5.7,25.27,59.27,12.4,28.33,47.27,4.7
W0596,52.5905,10.1591,4.93,17.8,76.3,10.8,12.9,42.47,2.52
W0597,52.5905,10.1886,6.27,18.13,71.2,15.83,13.0,36.13,2.89
W0598,52.5905,10.2182,5.4,19.37,74.2,10.0,15.83,45.03,3.4
W0599,52.5905,10.2477,5.5,18.7,68.67,12.67,18.73,44.6,3.27
W0600,52.5905,10.2772,5.53,19.77,68.2,14.4,17.4,55.87,3.69
W0601,52.5905,10.3068,5.67,21.1,65.63,11.4,22.97,44.93,4.86
W0602,52.5905,10.3363,5.2,20.07,65.1,10.43,24.47,44.37,3.12
W0603,52.5905,10.4545,6.03,21.67,63.93,11.67,24.4,39.03,3.99
W0604,52.5905,10.484,5.23,20.47,58.03,15.53,26.47,46.3,3.63
W0605,52.5905,10.5135,5.8,21.23,57.9,17.03,25.07,34.83,3.37
W0607,52.5905,10.5726,5.3,22.17,63.73,13.87,22.43,43.2,4.09
W0608,52.5905,10.6317,5.13,20.27,64.77,13.13,22.13,42.0,3.17
W0609,52.5905,10.6612,5.03,20.43,60.2,12.27,27.5,39.63,3.62
W0610,52.5905,10.6908,4.97,20.4,56.17,12.8,31.0,45.27,3.52
W0611,52.5905,10.7203,4.9,20.47,56.33,11.97,31.7,49.03,3.25
W0612,52.5905,10.7498,4.9,20.13,57.37,14.43,28.2,37.3,3.0
W0613,52.5905,10.7794,5.1,21.03,59.7,13.4,26.87,41.87,3.73
W0614,52.5905,10.8089,4.8,20.4,58.53,13.37,28.07,43.57,3.09
W0615,52.5905,10.8384,4.9,19.9,58.57,13.5,27.97,48.5,3.04
W0616,52.5905,10.868,6.0,20.67,64.6,11.4,24.0,35.27,3.97
W0617,52.5905,10.9566,5.03,24.37,63.0,11.23,25.8,44.6,4.84
W0618,52.5905,11.0157,5.73,24.03,63.6,12.3,24.07,47.43,4.59
W0619,52.5905,11.0452,5.7,23.37,62.87,11.57,25.57,40.97,4.33
W0620,52.5905,11.1338,6.13,23.93,62.77,10.53,26.7,30.17,3.33
W0621,52.6086,10.1295,5.23,18.97,67.2,11.83,21.0,57.33,3.26
W0622,52.6086,10.1591,5.27,18.07,70.23,12.8,16.97,38.1,3.73
W0623,52.6086,10.1886,5.57,17.6,65.53,14.53,19.97,37.13,2.94
W0624,52.6086,10.2182,5.1,18.03,71.2,10.73,18.03,51.37,2.85
W0626,52.6086,10.2772,6.33,19.57,64.63,11.8,23.53,41.17,3.15
W0627,52.6086,10.3068,5.53,19.93,66.77,10.9,22.33,49.13,3.04
W0628,52.6086,10.3658,5.9,18.73,67.77,10.5,21.73,39.13,3.0
W0629,52.6086,10.3954,5.57,20.3,71.83,9.37,18.8,45.7,3.01
W0630,52.6086,10.4249,5.37,21.07,69.1,10.87,20.07,45.93,4.05
W0631,52.6086,10.484,5.4,20.47,61.57,13.47,24.97,38.47,3.36
W0632,52.6086,10.5135,5.63,20.13,57.8,16.0,26.23,37.93,3.26
W0633,52.6086,10.5431,5.1,20.5,60.53,15.37,24.1,39.4,3.72
W0635,52.6086,10.6317,5.37,21.07,60.67,12.43,26.93,38.8,3.55
W0636,52.6086,10.6612,4.87,20.73,61.87,12.13,26.0,42.8,3.39
W0637,52.6086,10.6908,4.97,21.8,61.77,11.63,26.63,46.07,3.82
W0638,52.6086,10.7203,5.27,21.67,63.3,10.57,26.13,39.13,3.76
W0639,52.6086,10.7498,4.7,20.77,60.47,14.9,24.63,61.1,2.93
W0640,52.6086,10.7794,4.7,19.8,61.4,14.07,24.57,47.73,3.58
W0641,52.6086,10.8089,4.9,20.17,61.37,11.9,26.73,49.97,3.34
W0642,52.6086,10.8384,4.9,19.6,60.63,14.3,25.03,37.7,3.23
W0643,52.6086,10.868,4.87,21.27,60.0,14.6,25.4,48.63,4.62
W0644,52.6086,10.9566,6.33,22.2,66.1,10.63,23.27,40.7,4.09
W0645,52.6086,10.9861,6.03,22.83,65.53,9.77,24.73,38.57,3.81
W0646,52.6086,11.0157,4.97,21.73,57.93,11.0,31.07,50.77,4.4
W0647,52.6086,11.0452,6.23,21.5,59.83,11.5,28.6,41.2,4.33
W0648,52.6086,11.0747,6.27,22.7,63.77,10.7,25.57,27.73,3.13
W0649,52.6086,11.1043,5.13,21.37,63.37,11.1,25.53,47.3,3.67
W0650,52.6086,11.1338,5.13,22.37,59.47,11.63,28.93,37.7,4.26
W0652,52.6266,10.1295,6.0,19.8,68.77,13.5,17.73,41.17,3.32
W0653,52.6266,10.1591,5.1,17.83,62.57,16.0,21.43,39.6,2.97
W0654,52.6266,10.1886,5.2,18.37,57.0,16.73,26.27,43.37,3.1
W0655,52.6266,10.2182,5.07,19.87,65.73,11.7,22.57,49.83,2.8
W0656,52.6266,10.2477,5.87,20.63,65.33,13.37,21.33,42.13,2.81
W0657,52.6266,10.2772,6.3,20.03,63.23,14.73,22.07,38.87,3.16
W0658,52.6266,10.3658,5.43,19.53,66.6,9.47,23.93,44.9,2.87
W0659,52.6266,10.3954,5.87,19.47,64.7,10.93,24.37,38.23,3.23
W0660,52.6266,10.4249,5.3,19.53,66.07,11.33,22.57,39.9,3.75
W0661,52.6266,10.4545,5.1,18.37,57.17,13.63,29.2,42.47,3.1
W0662,52.6266,10.484,4.97,18.57,61.07,13.6,25.33,39.43,3.15
W0663,52.6266,10.5135,5.5,19.67,64.37,13.2,22.43,42.3,3.15
W0664,52.6266,10.5726,5.47,19.5,66.6,12.6,20.83,45.3,3.9
W0665,52.6266,10.6021,5.37,20.33,68.13,11.2,20.67,38.57,4.24
W0667,52.6266,10.6612,5.83,21.03,64.23,12.07,23.67,37.5,3.56
W0668,52.6266,10.6908,5.63,19.4,60.1,10.93,28.97,36.57,3.39
W0669,52.6266,10.7203,4.83,20.13,55.13,13.13,31.73,53.9,3.25
W0670,52.6266,10.7498,4.93,21.03,53.8,16.53,29.63,62.2,3.65
W0671,52.6266,10.7794,4.63,20.13,64.07,11.67,24.33,49.77,3.0
W0672,52.6266,10.8089,6.13,20.23,61.3,14.2,24.5,34.03,3.53
W0673,52.6266,10.8384,5.0,19.8,53.73,17.8,28.43,62.37,4.08
W0674,52.6266,10.868,5.3,20.37,58.63,12.63,28.7,48.77,3.89
W0675,52.6266,10.9566,4.9,21.63,60.97,13.7,25.37,47.8,3.99
W0676,52.6266,10.9861,5.2,20.73,61.83,12.47,25.7,39.8,3.63
W0677,52.6266,11.0157,4.77,21.43,57.27,12.87,29.87,50.3,3.56
W0678,52.6266,11.0452,4.63,22.63,57.1,13.6,29.33,49.43,3.93
W0679,52.6266,11.1043,5.0,22.47,57.5,11.33,31.13,50.0,4.14
W0680,52.6266,11.1338,6.23,22.23,59.17,11.57,29.2,29.27,3.51
W0681,52.6446,10.1886,5.27,18.5,63.7,11.93,24.33,56.43,3.11
W0682,52.6446,10.2182,6.2,19.77,65.23,14.37,20.43,41.63,3.41
W0683,52.6446,10.2772,6.1,20.43,64.07,11.7,24.23,38.3,3.33
W0684,52.6446,10.3068,5.33,19.5,63.07,13.87,23.07,49.8,3.19
W0685,52.6446,10.3954,5.67,19.0,60.63,9.87,29.5,40.0,3.41
W0686,52.6446,10.4249,6.13,18.93,62.03,9.23,28.67,36.9,3.08
W0687,52.6446,10.5135,5.87,19.8,66.57,10.47,22.93,40.43,3.6
W0688,52.6446,10.5431,6.13,19.47,64.7,13.83,21.47,44.43,3.75
W0689,52.6446,10.5726,5.23,19.9,65.97,11.7,22.37,45.6,3.65
W0690,52.6446,10.6021,5.1,20.07,64.77,10.53,24.7,46.27,3.86
W0691,52.6446,10.6317,5.67,20.07,62.27,11.4,26.37,37.83,3.58
W0692,52.6446,10.6908,4.9,19.13,58.87,12.0,29.13,45.47,3.3
W0693,52.6446,10.7203,4.9,20.0,52.27,14.33,33.43,48.27,3.29
W0694,52.6446,10.7498,5.0,19.67,56.3,12.97,30.8,57.47,3.08
W0695,52.6446,10.7794,4.8,19.0,58.23,14.87,26.9,54.83,3.12
W0696,52.6446,10.8089,5.9,19.8,64.17,13.6,22.23,31.13,3.32
W0697,52.6446,10.8384,6.23,20.03,60.8,15.0,24.2,39.5,3.76
W0699,52.6446,10.8975,5.17,21.47,61.1,11.93,27.0,45.33,4.15
W0700,52.6446,10.9271,5.7,20.8,65.17,10.5,24.3,41.63,4.12
W0701,52.6446,10.9566,4.97,20.8,53.5,15.2,31.3,49.47,3.75
W0703,52.6446,11.0157,4.7,20.8,59.73,11.63,28.63,49.73,3.9
W0704,52.6446,11.0452,4.9,21.5,58.27,12.67,29.03,47.2,3.59
W0705,52.6446,11.1043,6.37,22.7,62.13,11.13,26.7,30.87,3.62
W0706,52.6446,11.1338,6.27,23.17,57.37,15.07,27.6,47.03,4.7
W0707,52.6626,10.1,5.3,18.07,69.5,10.47,20.0,43.7,3.12
W0708,52.6626,10.1295,6.1,18.7,65.87,15.4,18.73,39.23,2.91
W0709,52.6626,10.1591,5.57,18.37,62.17,15.13,22.7,38.23,2.67
W0710,52.6626,10.1886,6.07,18.33,64.93,11.17,23.87,37.6,2.67
W0711,52.6626,10.2182,5.3,19.07,71.93,8.37,19.73,41.07,2.75
W0712,52.6626,10.2772,5.43,19.53,61.53,15.33,23.2,51.0,2.72
W0713,52.6626,10.3363,5.17,17.7,53.57,15.13,31.33,51.63,2.86
W0714,52.6626,10.3658,5.23,16.47,61.63,11.27,27.1,42.37,2.75
W0715,52.6626,10.3954,5.73,19.07,59.47,13.1,27.43,36.53,3.14
W0716,52.6626,10.4249,5.2,20.1,60.5,13.33,26.2,43.03,3.28
W0717,52.6626,10.4545,5.47,20.57,58.87,13.9,27.27,49.83,3.48
W0718,52.6626,10.5135,5.3,22.07,62.27,12.77,25.0,47.67,3.57
W0719,52.6626,10.5431,5.73,20.83,67.8,10.07,22.2,38.63,4.01
W0720,52.6626,10.5726,5.23,20.27,65.27,11.1,23.63,43.63,4.07
W0721,52.6626,10.6021,5.13,20.33,63.27,10.13,26.6,38.93,3.42
W0722,52.6626,10.6317,5.17,20.03,64.27,11.1,24.67,43.2,3.97
W0723,52.6626,10.6612,5.0,19.73,59.73,13.03,27.23,42.07,3.78
W0724,52.6626,10.6908,6.1,20.0,62.53,10.5,27.07,29.37,3.09
W0725,52.6626,10.7203,5.0,18.7,58.8,13.57,27.63,40.6,3.45
W0726,52.6626,10.7498,5.07,20.37,53.97,14.13,31.9,57.87,3.46
W0727,52.6626,10.7794,6.0,20.7,64.4,12.5,23.1,30.97,3.2
W0728,52.6626,10.8089,5.17,20.3,63.73,13.43,22.87,44.2,3.41
W0729,52.6626,10.8384,6.33,20.27,64.6,12.6,22.8,32.9,3.23
W0730,52.6626,10.868,5.6,20.63,63.3,13.17,23.53,37.2,3.74
W0731,52.6626,10.8975,6.23,21.67,62.7,12.3,25.0,36.73,3.71
W0732,52.6626,10.9271,4.97,20.3,57.5,12.43,30.07,43.73,3.54
W0733,52.6626,10.9566,4.83,21.03,57.9,11.5,30.57,47.73,3.85
W0734,52.6626,10.9861,4.83,21.13,53.17,13.47,33.4,47.17,3.88
W0735,52.6626,11.0157,4.97,21.9,55.37,13.57,31.07,45.3,4.06
W0736,52.6626,11.0452,4.9,21.6,55.37,12.73,31.9,46.4,4.25
W0737,52.6626,11.0747,5.87,21.3,59.67,13.8,26.5,39.07,4.22
W0738,52.6626,11.1338,5.5,23.23,53.23,15.23,31.53,41.23,4.17
W0739,52.6806,10.1,4.97,17.27,62.33,14.93,22.73,49.07,2.95
W0740,52.6806,10.1295,5.07,17.33,60.0,18.43,21.57,50.4,2.79
W0741,52.6806,10.1591,5.2,17.7,57.53,16.8,25.63,40.87,2.99
W0742,52.6806,10.1886,5.4,18.4,61.93,16.43,21.67,51.0,3.5
W0743,52.6806,10.2182,5.27,18.1,62.23,11.27,26.5,48.0,2.83
W0744,52.6806,10.2477,5.23,18.27,62.8,12.83,24.37,51.77,3.61
W0745,52.6806,10.2772,5.2,17.43,55.6,11.4,32.93,50.3,2.85
W0746,52.6806,10.3068,5.2,17.8,59.4,10.07,30.53,43.5,2.97
W0747,52.6806,10.3658,6.4,18.7,52.43,11.9,35.67,36.97,2.82
W0748,52.6806,10.3954,6.07,19.2,60.67,11.3,28.0,37.03,2.97
W0749,52.6806,10.4249,5.07,18.77,58.83,13.7,27.47,43.13,2.98
W0750,52.6806,10.4545,4.97,19.13,60.87,12.67,26.47,43.6,3.02
W0751,52.6806,10.484,5.77,19.5,59.23,12.13,28.63,36.13,3.12
W0752,52.6806,10.5135,5.63,20.9,59.87,11.53,28.57,43.4,2.98
W0753,52.6806,10.5726,5.6,20.93,66.0,10.77,23.27,39.23,3.25
W0754,52.6806,10.6021,5.47,20.07,62.7,8.33,28.97,36.63,3.74
W0755,52.6806,10.6317,5.03,20.8,59.77,13.9,26.37,38.2,3.64
W0756,52.6806,10.6612,4.97,19.73,58.7,11.57,29.73,43.47,3.05
W0757,52.6806,10.6908,5.63,21.17,62.7,11.9,25.43,40.17,4.0
W0758,52.6806,10.7203,5.03,21.13,61.9,13.07,24.97,45.03,3.46
W0759,52.6806,10.7498,4.97,20.5,58.03,14.97,27.0,42.83,4.18
W0760,52.6806,10.7794,4.8,20.57,57.67,13.93,28.47,47.3,3.1
W0761,52.6806,10.8089,6.4,19.47,58.73,15.23,26.03,32.43,3.17
W0762,52.6806,10.8975,6.47,20.53,58.97,11.67,29.33,29.77,3.34
W0763,52.6806,10.9271,6.4,21.13,59.33,10.4,30.3,32.83,3.88
W0764,52.6806,10.9566,4.73,20.73,58.57,12.53,28.87,41.37,3.8
W0765,52.6806,10.9861,4.73,21.0,57.97,11.0,31.03,39.33,3.78
W0766,52.6806,11.0452,6.17,22.43,61.0,13.47,25.53,39.07,4.05
W0767,52.6986,10.1,5.0,17.57,59.4,18.13,22.47,53.13,3.11
W0768,52.6986,10.1295,5.23,18.87,58.77,15.4,25.83,52.2,2.96
W0769,52.6986,10.1591,5.53,17.77,61.77,12.63,25.57,49.33,2.69
W0770,52.6986,10.1886,5.97,15.7,56.0,14.5,29.53,48.9,2.82
W0771,52.6986,10.2182,5.3,18.73,46.23,19.23,34.53,47.77,3.65
W0772,52.6986,10.2477,5.3,18.7,48.73,18.8,32.47,49.17,3.47
W0773,52.6986,10.2772,4.97,18.8,51.8,15.97,32.23,60.9,3.73
W0774,52.6986,10.3068,5.2,18.37,60.83,8.97,30.2,52.57,3.87
W0775,52.6986,10.3658,6.27,20.3,55.37,10.87,33.73,37.9,3.2
W0776,52.6986,10.3954,5.47,19.77,64.33,8.77,26.87,38.3,2.81
W0777,52.6986,10.4249,5.17,21.73,58.87,8.97,32.2,56.0,3.16
W0778,52.6986,10.4545,5.1,21.47,57.83,15.3,26.87,48.1,2.77
W0779,52.6986,10.484,5.13,20.5,59.9,11.47,28.63,42.67,2.75
W0780,52.6986,10.5135,5.3,20.6,60.67,14.1,25.23,45.53,2.91
W0781,52.6986,10.5431,5.83,21.27,62.8,11.2,25.97,38.77,2.99
W0782,52.6986,10.5726,5.3,19.43,52.47,16.17,31.4,43.57,2.99
W0783,52.6986,10.6021,5.4,19.63,57.27,11.83,30.93,46.43,3.35
W0784,52.6986,10.6317,5.47,19.27,66.27,10.9,22.8,44.53,4.23
W0785,52.6986,10.6612,5.03,20.03,63.0,11.33,25.7,38.37,3.77
W0786,52.6986,10.7203,6.1,21.07,65.7,11.9,22.4,32.1,3.2
W0787,52.6986,10.8384,5.03,20.57,58.43,13.9,27.6,44.87,3.65
W0788,52.6986,10.868,4.8,19.93,48.63,13.0,38.43,39.53,3.2
W0789,52.6986,10.8975,6.1,20.4,54.2,14.37,31.43,30.6,3.44
W0790,52.6986,10.9271,5.2,20.73,53.1,12.77,34.13,45.33,3.85
W0791,52.6986,10.9566,4.93,20.4,55.87,11.07,33.07,44.73,4.0
W0792,52.6986,10.9861,6.2,21.87,59.97,11.8,28.23,38.1,4.02
W0793,52.6986,11.0452,5.07,23.1,58.47,12.97,28.6,50.0,3.97
W0794,52.6986,11.0747,5.47,23.43,57.5,12.13,30.37,48.73,4.91
W0795,52.6986,11.1043,5.8,22.9,51.5,12.73,35.8,45.23,5.09
W0796,52.6986,11.1338,5.0,23.47,51.03,13.27,35.7,47.07,4.46
W0797,52.7167,10.1,5.57,17.87,61.97,16.87,21.2,38.17,3.25
W0798,52.7167,10.1295,4.97,18.93,59.13,16.7,24.13,63.97,3.13
W0799,52.7167,10.1591,4.97,23.03,51.7,18.37,29.9,64.53,3.06
W0800,52.7167,10.1886,4.93,17.27,60.4,11.13,28.47,56.9,2.82
W0801,52.7167,10.2182,5.4,17.97,56.63,13.0,30.37,43.77,3.04
W0802,52.7167,10.2477,6.27,21.23,51.77,16.27,31.97,37.67,3.28
W0803,52.7167,10.2772,6.17,21.8,57.23,10.57,32.1,45.67,3.68
W0804,52.7167,10.3068,6.27,19.9,58.37,9.27,32.33,36.3,2.49
W0805,52.7167,10.3363,5.1,19.6,61.97,8.93,29.07,46.63,3.42
W0806,52.7167,10.3658,5.6,19.47,65.0,8.5,26.53,38.0,2.86
W0807,52.7167,10.3954,5.0,19.27,65.27,10.2,24.53,43.93,2.99
W0808,52.7167,10.4249,5.27,20.9,60.5,10.27,29.2,65.93,3.22
W0809,52.7167,10.4545,5.07,21.0,62.4,10.23,27.4,53.73,2.96
W0810,52.7167,10.484,5.1,20.83,59.63,12.03,28.27,53.57,2.75
W0811,52.7167,10.5135,5.4,20.1,62.57,12.13,25.27,41.4,2.8
W0812,52.7167,10.5431,5.57,20.97,58.0,17.4,24.6,40.7,2.95
W0813,52.7167,10.5726,5.13,19.07,56.63,14.9,28.5,48.53,2.9
W0814,52.7167,10.6021,5.73,19.93,59.37,12.83,27.87,45.3,3.48
W0815,52.7167,10.6612,5.27,20.47,66.77,9.93,23.27,42.9,3.5
W0816,52.7167,10.6908,5.6,21.37,67.43,10.93,21.67,35.23,3.19
W0817,52.7167,10.8089,4.97,20.43,51.83,11.67,36.47,54.2,3.55
W0818,52.7167,10.8384,6.07,21.47,58.03,12.33,29.63,42.07,3.37
W0819,52.7167,10.868,6.2,19.9,61.33,12.87,25.83,41.63,3.27
W0820,52.7167,10.8975,6.4,21.0,62.13,11.1,26.77,27.5,3.56
W0821,52.7167,10.9271,6.3,21.0,58.17,9.93,31.9,33.83,3.97
W0822,52.7167,11.0747,6.2,23.9,53.87,11.97,34.13,59.03,5.08
W0823,52.7167,11.1338,5.8,22.9,56.1,12.1,31.87,39.27,4.03
W0824,52.7347,10.1,5.03,18.17,63.27,14.8,21.97,44.83,2.93
W0825,52.7347,10.1295,4.93,19.3,55.27,16.6,28.2,60.23,3.06
W0826,52.7347,10.1591,5.1,17.6,52.3,15.47,32.23,42.63,2.53
W0827,52.7347,10.1886,5.8,18.8,62.2,10.23,27.53,50.3,3.61
W0828,52.7347,10.2182,6.17,20.37,55.4,15.93,28.63,39.8,2.72
W0829,52.7347,10.2477,6.2,19.07,49.93,14.83,35.23,34.3,2.81
W0830,52.7347,10.3068,5.3,18.9,55.07,9.43,35.5,51.87,2.75
W0831,52.7347,10.3363,5.17,18.1,66.47,9.2,24.33,40.97,3.05
W0832,52.7347,10.3658,5.3,20.53,61.13,9.77,29.1,43.47,3.19
W0833,52.7347,10.3954,5.1,19.73,64.63,10.47,24.9,49.3,2.77
W0834,52.7347,10.4249,5.23,21.77,62.1,9.77,28.13,65.23,3.43
W0835,52.7347,10.4545,5.9,21.57,60.13,11.2,28.7,44.4,3.3
W0836,52.7347,10.484,5.0,19.8,60.4,12.67,26.9,48.93,2.79
W0837,52.7347,10.5135,5.97,20.93,62.17,12.73,25.13,40.33,3.84
W0838,52.7347,10.5431,6.27,21.47,60.7,13.3,26.0,38.37,3.79
W0839,52.7347,10.5726,6.27,20.63,58.13,16.0,25.87,41.17,3.59
W0841,52.7347,10.6612,5.6,21.17,69.3,9.13,21.53,37.1,3.13
W0842,52.7347,10.8089,6.37,20.67,55.7,11.97,32.37,35.0,3.4
W0843,52.7347,10.8384,4.9,20.27,55.03,11.0,33.97,48.57,3.25
W0844,52.7347,10.868,6.0,20.33,52.93,13.17,33.9,33.67,3.0
W0845,52.7347,10.8975,5.47,21.27,59.03,11.83,29.2,45.3,3.95
W0846,52.7347,10.9271,5.53,21.57,61.53,12.23,26.23,41.53,4.13
W0847,52.7347,10.9566,4.93,22.6,62.67,10.7,26.63,52.63,5.55
W0848,52.7347,10.9861,6.2,22.0,66.43,10.47,23.13,33.23,3.63
W0849,52.7347,11.0157,6.07,23.1,59.53,12.27,28.2,44.63,4.29
W0850,52.7347,11.0452,6.27,22.1,57.33,13.03,29.63,28.17,3.53
W0851,52.7347,11.0747,6.0,23.57,56.9,12.47,30.63,61.77,5.04
W0852,52.7347,11.1043,6.23,25.3,56.8,14.03,29.17,41.87,5.01
W0853,52.7347,11.1338,6.23,24.07,56.0,10.33,33.67,46.37,4.86
W0854,52.7527,10.1,4.77,18.87,60.63,14.2,25.17,59.03,2.98
W0855,52.7527,10.1295,4.7,18.37,53.03,18.63,28.33,52.33,2.78
W0856,52.7527,10.1591,4.97,19.13,49.9,17.43,32.67,63.0,2.93
W0857,52.7527,10.1886,5.0,18.2,59.87,10.97,29.17,46.8,3.06
W0858,52.7527,10.2182,6.17,19.87,57.3,13.63,29.0,47.23,3.9
W0859,52.7527,10.2477,4.83,18.07,62.13,11.4,26.47,47.27,3.37
W0860,52.7527,10.2772,4.87,18.43,55.07,12.03,32.9,45.03,2.77
W0861,52.7527,10.3068,4.77,18.77,56.87,11.73,31.4,50.47,2.75
W0862,52.7527,10.3363,4.87,18.47,60.37,10.7,28.97,50.2,2.61
W0863,52.7527,10.3658,5.03,18.97,47.17,17.13,35.73,49.33,2.74
W0864,52.7527,10.3954,4.87,18.7,56.83,13.47,29.7,58.7,2.96
W0865,52.7527,10.4249,5.0,18.67,56.57,11.73,31.7,42.57,2.86
W0866,52.7527,10.4545,4.97,19.4,55.93,12.07,32.03,54.37,3.07
W0867,52.7527,10.484,5.0,18.9,60.53,12.47,27.03,38.5,2.84
W0868,52.7527,10.5135,6.2,20.37,56.1,15.77,28.17,35.83,3.26
W0869,52.7527,10.5431,5.2,20.5,45.9,17.53,36.6,49.1,3.11
W0870,52.7527,10.5726,6.37,19.63,51.4,16.47,32.13,36.1,2.99
W0871,52.7527,10.6021,6.27,19.83,56.87,11.77,31.37,38.57,3.42
W0872,52.7527,10.7203,6.2,19.93,64.4,12.13,23.47,35.4,3.25
W0873,52.7527,10.7498,6.2,20.47,64.57,14.7,20.73,34.6,3.18
W0874,52.7527,10.7794,5.57,20.97,60.67,11.5,27.83,35.97,3.63
W0875,52.7527,10.8089,4.97,20.7,55.0,11.37,33.63,40.87,3.43
W0876,52.7527,10.8384,4.9,20.67,54.0,13.63,32.37,38.93,3.35
W0877,52.7527,10.868,6.07,20.3,60.37,12.7,26.93,40.17,3.6
W0878,52.7527,10.8975,6.17,21.47,58.7,12.03,29.23,40.47,3.9
W0879,52.7527,10.9271,5.8,21.93,63.63,11.57,24.77,44.17,4.73
W0880,52.7527,10.9566,6.13,22.4,66.7,10.67,22.6,41.53,3.94
W0881,52.7527,10.9861,4.87,21.4,61.3,10.33,28.37,45.03,3.99
W0882,52.7527,11.0157,4.8,21.9,61.2,13.23,25.57,60.1,3.74
W0883,52.7527,11.0452,6.2,21.33,58.03,12.03,29.87,27.1,3.73
W0884,52.7527,11.0747,6.27,22.67,61.93,12.73,25.3,35.87,3.73
W0885,52.7527,11.1338,5.23,23.1,63.53,12.83,23.67,57.33,4.97
W0886,52.7707,10.1,4.8,19.63,62.3,10.47,27.23,56.53,3.56
W0887,52.7707,10.1295,4.47,19.43,75.5,7.73,16.73,47.4,2.63
W0888,52.7707,10.1591,5.03,17.63,49.07,21.0,29.97,56.63,3.8
W0889,52.7707,10.1886,5.0,17.47,49.33,21.53,29.1,50.73,3.78
W0890,52.7707,10.2182,5.0,17.3,54.63,15.47,29.9,43.73,3.41
W0891,52.7707,10.2477,4.93,19.37,53.4,16.0,30.57,48.67,3.53
W0892,52.7707,10.2772,4.93,21.03,49.1,19.53,31.37,59.13,3.73
W0893,52.7707,10.3068,4.8,18.83,54.67,17.7,27.63,44.87,3.48
W0894,52.7707,10.3363,4.7,17.43,59.53,12.73,27.77,46.5,4.12
W0895,52.7707,10.3658,5.0,18.23,55.87,17.07,27.07,60.27,4.28
W0896,52.7707,10.3954,4.83,19.03,58.47,11.43,30.07,72.67,3.73
W0897,52.7707,10.4249,5.0,19.77,52.6,11.53,35.87,52.53,3.31
W0898,52.7707,10.4545,5.73,20.1,59.1,12.8,28.1,38.3,3.87
W0899,52.7707,10.484,5.23,20.13,55.97,11.87,32.17,44.17,3.06
W0900,52.7707,10.5135,5.4,19.0,51.0,14.37,34.63,37.67,2.73
W0901,52.7707,10.5431,5.0,19.8,49.93,16.47,33.6,43.83,2.84
W0902,52.7707,10.5726,6.1,18.5,59.97,10.53,29.5,35.57,3.29
W0903,52.7707,10.6021,6.23,18.93,62.93,11.5,25.63,43.93,3.19
W0904,52.7707,10.6317,5.3,19.5,60.27,12.03,27.67,45.8,3.03
W0905,52.7707,10.6612,5.6,19.97,69.07,9.83,21.03,42.33,3.13
W0906,52.7707,10.6908,6.27,19.93,71.47,9.07,19.43,38.47,3.07
W0907,52.7707,10.7203,5.3,21.1,66.9,11.8,21.33,42.43,3.18
W0908,52.7707,10.7498,5.63,21.83,63.4,13.37,23.23,42.27,3.49
W0909,52.7707,10.7794,5.03,20.53,57.7,15.4,26.93,48.2,3.57
W0910,52.7707,10.8089,6.0,21.1,63.87,12.03,24.13,37.5,3.65
W0911,52.7707,10.8384,5.47,22.37,58.7,12.9,28.47,44.5,4.39
W0912,52.7707,10.868,6.07,21.1,55.97,15.17,28.9,36.63,3.28
W0913,52.7707,10.8975,4.9,21.63,62.37,11.47,26.13,55.23,4.54
W0914,52.7707,10.9271,5.7,21.9,63.97,12.27,23.73,53.07,5.32
W0915,52.7707,10.9566,6.17,21.13,58.67,11.27,30.03,35.47,3.94
W0916,52.7707,10.9861,5.03,21.97,55.13,11.13,33.67,52.73,4.26
W0917,52.7707,11.0157,6.2,23.1,57.67,11.9,30.43,38.97,4.25
W0918,52.7707,11.0452,5.17,23.77,59.93,11.07,29.0,51.67,4.74
W0919,52.7887,10.1,5.03,19.4,55.6,15.63,28.77,52.87,4.08
W0920,52.7887,10.1295,4.93,20.6,66.63,12.5,20.87,66.77,4.18
W0921,52.7887,10.1591,5.1,17.0,50.97,19.83,29.23,72.77,3.54
W0922,52.7887,10.1886,4.97,17.13,46.9,23.17,29.9,59.87,3.62
W0923,52.7887,10.2182,4.97,17.0,42.0,20.2,37.83,64.13,3.51
W0924,52.7887,10.2477,5.0,16.97,45.67,22.47,31.83,51.6,3.38
W0925,52.7887,10.2772,4.9,16.77,47.4,19.73,32.87,53.07,3.31
W0926,52.7887,10.3068,4.97,19.93,55.17,17.3,27.53,50.2,3.43
W0927,52.7887,10.3363,4.83,17.5,51.53,15.97,32.5,66.47,3.79
W0928,52.7887,10.3658,4.77,17.97,60.77,11.5,27.77,60.47,3.57
W0929,52.7887,10.3954,5.0,19.4,62.6,12.73,24.67,54.03,3.4
W0930,52.7887,10.4249,4.77,19.1,61.1,11.27,27.63,44.7,3.66
W0931,52.7887,10.4545,4.93,20.33,59.6,13.37,27.0,56.2,3.1
W0932,52.7887,10.484,4.97,17.47,54.1,16.9,29.0,49.13,2.78
W0933,52.7887,10.5135,6.37,21.13,56.9,14.47,28.63,37.33,3.4
W0934,52.7887,10.5431,5.7,20.13,51.07,15.1,33.8,36.73,3.06
W0935,52.7887,10.5726,5.43,19.43,60.23,12.0,27.77,55.0,3.16
W0936,52.7887,10.6021,5.67,19.37,61.23,11.93,26.83,42.03,3.78
W0937,52.7887,10.6612,5.43,21.77,69.73,9.43,20.8,46.93,3.48
W0938,52.7887,10.6908,6.13,22.77,70.13,9.67,20.2,43.57,3.67
W0939,52.7887,10.7203,6.33,21.1,65.9,11.0,23.1,35.93,3.32
W0940,52.7887,10.7498,5.7,20.27,58.87,14.5,26.63,32.9,3.19
W0941,52.7887,10.7794,5.0,19.27,52.1,14.37,33.53,50.6,3.3
W0942,52.7887,10.8089,4.9,19.53,57.0,14.87,28.17,63.67,3.33
W0943,52.7887,10.8384,5.93,21.7,59.3,13.5,27.2,40.7,3.96
W0944,52.7887,10.868,5.53,21.2,56.77,14.03,29.17,39.67,4.27
W0945,52.7887,10.8975,5.5,21.13,62.6,13.07,24.3,55.97,4.62
W0946,52.7887,10.9271,4.97,21.93,62.5,12.27,25.23,49.6,4.06
W0947,52.7887,10.9566,5.0,21.9,63.53,11.73,24.67,46.87,4.27
W0948,52.7887,11.0157,6.27,22.77,67.83,10.63,21.57,42.83,5.27
W0949,52.7887,11.0452,6.27,23.57,65.3,11.0,23.67,42.7,4.39
W0950,52.7887,11.0747,4.93,21.7,60.47,10.93,28.6,46.33,4.26
W0951,52.7887,11.1043,5.0,22.73,59.57,12.4,28.07,49.13,4.51
W0952,52.7887,11.1338,6.17,23.37,55.93,12.17,31.9,41.7,4.55
W0953,52.8068,10.1,5.13,20.6,54.37,16.07,29.57,37.93,4.07
W0954,52.8068,10.1295,5.0,20.67,59.33,16.03,24.63,47.33,3.5
W0955,52.8068,10.1591,5.03,17.9,41.27,23.23,35.57,74.6,3.4
W0956,52.8068,10.1886,5.0,17.37,46.23,23.2,30.57,55.67,3.25
W0957,52.8068,10.2182,5.1,17.57,51.03,20.33,28.57,51.67,3.75
W0958,52.8068,10.2477,5.03,16.5,40.7,25.57,33.73,52.27,3.32
W0959,52.8068,10.2772,4.8,16.9,53.0,21.4,25.57,64.53,3.7
W0960,52.8068,10.3068,5.03,19.97,44.4,23.57,32.0,59.97,3.22
W0961,52.8068,10.3363,5.0,16.73,44.33,22.43,33.2,63.53,3.81
W0962,52.8068,10.3658,5.07,17.27,47.43,21.03,31.53,59.37,3.94
W0963,52.8068,10.3954,5.2,17.33,61.87,11.27,26.83,59.73,3.47
W0964,52.8068,10.4249,5.03,18.7,59.13,15.5,25.4,61.13,3.38
W0965,52.8068,10.4545,4.97,18.23,59.3,13.77,26.93,56.1,2.7
W0966,52.8068,10.484,4.9,18.27,57.9,16.43,25.67,61.87,2.85
W0967,52.8068,10.5135,5.2,18.37,57.67,14.9,27.4,52.1,3.58
W0968,52.8068,10.5431,5.97,20.23,63.8,13.8,22.4,39.4,3.53
W0969,52.8068,10.5726,5.6,20.07,63.73,10.8,25.47,50.4,3.85
W0970,52.8068,10.6021,5.3,18.37,62.83,12.43,24.73,43.53,3.38
W0971,52.8068,10.6317,5.37,19.43,64.67,13.03,22.3,41.5,2.91
W0972,52.8068,10.6612,5.6,22.0,72.2,9.07,18.73,59.23,3.76
W0973,52.8068,10.6908,6.2,21.83,68.83,9.23,21.9,37.7,3.65
W0974,52.8068,10.7203,5.63,21.03,70.0,10.83,19.13,44.33,3.28
W0975,52.8068,10.7498,5.1,20.4,63.83,12.77,23.4,45.27,2.95
W0976,52.8068,10.7794,5.73,20.7,54.8,14.17,31.07,37.37,3.81
W0977,52.8068,10.8089,5.03,19.9,50.87,14.2,34.9,55.33,3.21
W0978,52.8068,10.868,5.03,20.77,58.1,13.73,28.17,46.43,3.99
W0979,52.8068,10.8975,6.1,21.37,62.77,14.73,22.47,37.27,3.67
W0980,52.8068,10.9566,6.03,22.53,63.67,13.1,23.23,39.77,4.2
W0981,52.8068,11.0452,5.67,22.87,62.37,13.23,24.43,53.63,4.87
W0982,52.8068,11.0747,5.9,22.07,70.13,9.5,20.33,42.87,3.67
W0983,52.8068,11.1043,5.07,22.6,71.67,9.9,18.43,54.03,4.39
W0984,52.8068,11.1338,6.23,22.97,59.9,11.47,28.67,35.33,3.91
W0985,52.8248,10.1,5.07,18.73,59.53,19.73,20.73,43.3,4.73
W0986,52.8248,10.1295,5.3,19.0,49.17,22.23,28.63,36.5,3.49
W0987,52.8248,10.1591,5.1,19.03,51.73,15.43,32.83,61.5,3.65
W0988,52.8248,10.1886,5.07,17.73,44.17,21.77,34.07,64.63,3.38
W0989,52.8248,10.2182,5.87,19.07,51.77,20.1,28.13,41.1,4.2
W0990,52.8248,10.2477,5.23,17.33,42.93,24.53,32.53,51.73,3.3
W0991,52.8248,10.2772,4.97,17.43,53.27,20.8,25.93,67.17,3.57
W0992,52.8248,10.3068,5.17,18.07,55.3,20.8,23.83,47.3,3.48
W0993,52.8248,10.3363,5.03,17.13,58.07,20.07,21.87,64.0,3.27
W0994,52.8248,10.3658,4.9,17.53,60.73,15.87,23.37,67.2,3.71
W0995,52.8248,10.3954,4.93,17.3,60.8,16.77,22.43,65.53,3.68
W0996,52.8248,10.4249,4.83,17.47,65.0,13.23,21.77,64.67,3.24
W0997,52.8248,10.4545,4.97,18.97,66.83,12.9,20.23,52.27,2.88
W0998,52.8248,10.484,5.1,18.93,57.23,13.8,28.93,52.47,2.85
W0999,52.8248,10.5135,5.1,18.9,52.43,14.8,32.77,48.97,3.11
W1000,52.8248,10.5431,5.4,19.2,61.97,11.17,26.87,49.73,2.98
W1001,52.8248,10.5726,6.2,20.6,63.67,11.47,24.87,49.17,3.08
W1002,52.8248,10.6021,5.47,18.67,59.93,12.7,27.37,47.67,2.91
W1003,52.8248,10.6317,5.77,20.13,65.6,8.57,25.8,44.2,3.82
W1004,52.8248,10.7203,5.47,20.4,62.4,11.8,25.8,42.83,3.09
W1005,52.8248,10.7498,4.97,20.27,65.3,11.97,22.73,54.6,3.17
W1006,52.8248,10.7794,5.93,21.27,63.43,12.7,23.83,35.77,3.78
W1007,52.8248,10.8089,6.1,21.0,58.93,13.17,27.97,34.5,3.47
W1008,52.8248,10.868,6.0,20.87,63.17,13.23,23.63,39.5,3.91
W1009,52.8248,10.8975,5.8,22.27,62.57,13.5,23.97,44.57,3.77
W1010,52.8248,10.9271,5.83,22.47,62.43,14.2,23.37,37.7,3.26
W1011,52.8248,10.9566,6.27,21.47,61.3,14.4,24.3,34.9,3.74
W1012,52.8248,10.9861,6.2,22.5,67.43,11.87,20.67,45.43,3.79
W1013,52.8248,11.0452,5.1,23.1,65.93,11.83,22.23,67.27,5.26
W1014,52.8248,11.1043,5.97,24.23,69.37,12.07,18.57,41.67,3.86
W1015,52.8248,11.1338,6.13,25.03,57.4,12.83,29.73,42.27,3.71
W1016,52.8428,10.1,5.37,19.97,67.1,12.7,20.27,57.37,4.95
W1017,52.8428,10.1295,5.33,19.73,69.2,10.87,19.97,40.87,4.12
W1018,52.8428,10.1591,5.0,18.67,54.0,15.37,30.63,46.07,3.18
W1019,52.8428,10.1886,5.0,16.8,52.1,18.13,29.77,50.67,3.35
W1020,52.8428,10.2182,5.0,18.07,47.07,22.1,30.87,64.5,3.42
W1021,52.8428,10.2477,4.97,16.43,46.43,21.57,32.03,65.83,3.46
W1022,52.8428,10.2772,5.0,17.6,45.5,22.63,31.87,54.93,3.1
W1023,52.8428,10.3068,5.03,17.2,46.43,22.5,31.07,45.33,3.12
W1024,52.8428,10.3363,5.07,17.77,52.73,19.97,27.3,51.1,2.98
W1025,52.8428,10.3658,4.87,18.97,62.37,15.23,22.4,66.53,3.47
W1026,52.8428,10.3954,4.87,18.4,53.17,18.03,28.8,51.07,3.17
W1027,52.8428,10.4249,5.0,17.8,59.67,13.0,27.33,59.77,2.86
W1028,52.8428,10.4545,5.03,17.77,59.57,11.8,28.67,54.6,3.15
W1029,52.8428,10.484,4.97,18.77,55.5,15.5,28.97,49.73,3.08
W1030,52.8428,10.5135,4.97,18.47,55.2,13.53,31.3,59.93,2.88
W1031,52.8428,10.5431,5.3,18.37,60.47,11.2,28.33,45.2,3.08
W1032,52.8428,10.5726,5.43,20.2,64.0,10.1,25.9,50.33,3.29
W1033,52.8428,10.6021,5.4,18.37,60.17,13.9,25.9,49.5,3.42
W1034,52.8428,10.6317,5.4,19.7,53.57,13.43,32.97,46.3,3.05
W1035,52.8428,10.6612,5.67,20.1,58.17,11.83,30.03,41.2,3.16
W1036,52.8428,10.7203,6.13,22.03,72.33,8.27,19.37,42.53,3.82
W1037,52.8428,10.7498,5.23,20.67,66.0,12.83,21.1,46.77,3.52
W1038,52.8428,10.7794,5.13,20.33,65.33,10.17,24.4,38.7,3.72
W1039,52.8428,10.8089,5.1,20.47,55.77,13.77,30.47,38.9,3.3
W1040,52.8428,10.8384,4.97,21.33,56.33,13.9,29.8,51.1,3.73
W1041,52.8428,10.868,6.1,21.87,61.7,12.1,26.23,38.07,3.71
W1042,52.8428,10.8975,6.27,21.57,65.5,11.23,23.23,38.53,4.29
W1043,52.8428,10.9271,6.13,22.17,66.27,10.63,23.1,40.7,4.04
W1044,52.8428,10.9566,5.27,22.3,66.03,12.33,21.67,55.2,5.39
W1045,52.8428,10.9861,5.67,23.4,65.83,12.4,21.77,46.67,4.48
W1046,52.8428,11.0747,6.23,22.77,68.73,11.57,19.67,39.6,4.23
W1047,52.05901,10.29217,6.67,22.0,20.53,32.43,46.97,32.13,3.12
W1048,52.05901,10.43999,6.8,22.8,28.93,27.9,43.13,31.47,4.03
W1049,52.05901,10.46955,6.8,20.87,26.9,30.97,42.1,30.77,3.55
W1051,52.05901,10.58781,6.83,21.47,28.43,32.4,39.2,32.07,4.25
W1052,52.05901,10.61737,6.93,21.33,31.03,29.47,39.5,33.13,3.96
W1053,52.05901,10.64694,6.67,21.7,35.77,27.93,36.27,35.93,4.18
W1054,52.05901,10.6765,6.87,23.43,32.5,34.57,32.93,34.53,4.35
W1055,52.05901,10.70607,6.9,23.37,22.9,26.97,50.1,36.93,4.44
W1056,52.05901,10.73563,6.83,23.67,24.13,25.3,50.53,33.4,3.86
W1057,52.05901,10.76519,6.8,24.2,39.33,23.8,36.87,30.93,3.73
W1058,52.05901,10.79476,6.83,21.97,46.2,22.13,31.67,29.13,3.92
W1059,52.05901,10.82432,6.83,21.93,42.23,26.2,31.53,39.43,4.5
W1060,52.05901,10.85389,6.87,22.13,40.33,23.6,36.07,39.97,4.08
W1061,52.05901,10.88345,6.73,22.97,44.53,19.7,35.77,48.47,4.62
W1062,52.05901,10.91302,6.33,23.1,36.7,23.73,39.53,39.93,4.09
W1063,52.05901,10.94258,6.73,22.93,35.7,23.8,40.5,35.23,4.05
W1064,52.05901,10.97214,6.63,23.5,25.47,25.83,48.7,50.67,4.47
W1065,52.05901,11.00171,6.93,23.73,20.93,25.07,54.0,31.07,3.28
W1066,52.05901,11.03127,7.0,22.9,20.2,23.87,55.93,32.23,3.38
W1067,52.05901,11.06084,6.73,24.33,19.7,25.6,54.73,30.33,3.62
W1068,52.05901,11.0904,6.93,22.77,18.6,24.77,56.63,36.83,3.53
W1069,52.05901,11.11997,6.93,23.33,16.67,23.4,59.97,29.17,3.54
W1070,52.05901,11.14953,6.87,21.63,19.07,27.37,53.63,31.23,3.6
W1072,52.07703,10.23304,7.07,21.07,20.57,28.07,51.37,31.63,3.3
W1075,52.07703,10.43999,6.73,23.13,28.17,29.07,42.77,35.47,3.32
W1076,52.07703,10.46955,6.83,22.87,23.13,29.07,47.8,39.57,3.22
W1077,52.07703,10.58781,6.67,21.2,33.7,28.43,37.87,36.23,3.91
W1078,52.07703,10.64694,6.83,22.17,31.2,27.03,41.73,39.8,4.62
W1079,52.07703,10.6765,6.7,23.03,36.23,27.73,35.93,35.87,4.62
W1080,52.07703,10.70607,6.77,23.37,36.03,27.4,36.57,35.63,4.35
W1081,52.07703,10.73563,6.63,24.47,42.0,28.87,29.17,38.9,4.33
W1082,52.07703,10.76519,6.8,23.83,38.17,26.9,34.9,37.73,4.56
W1084,52.07703,10.85389,6.83,21.97,38.2,23.07,38.77,37.63,3.7
W1085,52.07703,10.88345,6.9,25.0,32.23,18.7,49.07,30.27,3.58
W1086,52.07703,10.91302,6.9,23.5,41.77,21.6,36.63,32.93,3.66
W1087,52.07703,10.94258,6.7,21.83,45.87,21.77,32.37,35.13,3.26
W1088,52.07703,10.97214,6.87,22.57,30.9,24.87,44.2,35.97,3.5
W1089,52.07703,11.00171,6.83,22.7,28.93,25.2,45.87,32.53,3.72
W1090,52.07703,11.03127,6.77,23.17,29.27,23.73,47.03,37.4,3.42
W1091,52.07703,11.06084,6.87,22.47,22.87,23.87,53.3,36.2,3.52
W1092,52.07703,11.0904,6.83,23.73,22.2,26.63,51.17,41.03,4.09
W1093,52.07703,11.14953,6.93,23.77,24.37,26.57,49.07,38.5,4.49
W1094,52.09505,10.11478,6.93,21.93,17.2,26.8,56.03,29.87,3.13
W1095,52.09505,10.14435,7.03,21.93,14.3,22.53,63.17,34.47,3.09
W1096,52.09505,10.17391,6.83,19.73,19.8,32.4,47.8,33.53,3.0
W1097,52.09505,10.20347,5.8,19.83,21.93,30.43,47.7,30.6,3.21
W1098,52.09505,10.23304,7.0,20.57,20.47,31.93,47.63,26.4,3.04
W1099,52.09505,10.2626,6.2,20.13,22.67,31.63,45.67,32.9,2.89
W1100,52.09505,10.29217,6.93,20.53,23.1,33.77,43.13,31.8,3.43
W1101,52.09505,10.32173,6.73,22.03,22.33,31.5,46.17,33.27,3.72
W1102,52.09505,10.38086,6.53,20.93,20.9,27.07,52.0,29.8,2.95
W1103,52.09505,10.41042,6.8,24.93,25.27,30.63,44.13,32.37,3.17
W1104,52.09505,10.43999,6.73,24.23,26.5,29.4,44.1,30.47,3.59
W1105,52.09505,10.46955,6.8,23.0,30.03,28.67,41.33,29.87,3.48
W1106,52.09505,10.49912,5.4,22.7,23.03,28.6,48.4,50.97,3.52
W1107,52.09505,10.52868,5.3,22.93,26.33,31.7,41.97,40.57,3.27
W1108,52.09505,10.55825,6.8,23.8,31.23,32.1,36.7,35.97,4.42
W1109,52.09505,10.58781,6.73,23.37,31.6,30.83,37.57,44.33,4.28
W1110,52.09505,10.61737,6.9,23.2,34.17,30.7,35.13,33.97,4.18
W1111,52.09505,10.64694,6.83,22.07,33.33,28.03,38.6,35.53,4.46
W1112,52.09505,10.6765,6.73,21.63,30.23,29.5,40.27,36.37,4.24
W1113,52.09505,10.70607,6.8,22.33,36.2,25.57,38.23,37.97,4.35
W1114,52.09505,10.73563,6.6,21.67,39.6,24.7,35.67,31.53,3.37
W1115,52.09505,10.76519,6.93,22.37,39.73,23.6,36.67,37.7,4.45
W1116,52.09505,10.82432,6.93,24.53,31.87,26.83,41.3,28.53,3.38
W1117,52.09505,10.85389,6.93,22.7,30.77,21.8,47.43,31.0,3.93
W1118,52.09505,10.91302,6.5,22.57,43.27,21.4,35.3,44.0,4.04
W1119,52.09505,10.97214,6.9,22.73,32.33,20.93,46.77,30.93,3.5
W1120,52.09505,11.00171,6.8,23.13,36.67,19.53,43.8,28.7,3.52
W1121,52.09505,11.03127,6.23,23.8,38.13,19.27,42.57,36.8,3.73
W1122,52.09505,11.06084,6.87,22.57,29.93,27.77,42.3,32.0,3.6
W1123,52.09505,11.0904,6.87,24.77,30.63,26.63,42.77,30.47,3.88
W1124,52.09505,11.11997,6.87,24.17,26.13,26.33,47.5,37.77,4.04
W1125,52.09505,11.14953,6.83,25.3,29.43,21.73,48.87,34.5,4.28
W1126,52.11306,10.17391,6.63,21.07,15.3,26.0,58.7,30.57,3.03
W1128,52.11306,10.41042,6.77,22.33,22.17,29.1,48.73,34.87,3.24
W1129,52.11306,10.43999,6.77,23.17,22.03,31.17,46.8,32.43,2.99
W1130,52.11306,10.55825,6.8,23.27,30.77,29.03,40.2,40.53,4.28
W1132,52.11306,10.61737,6.87,23.07,32.57,28.97,38.47,43.77,4.37
W1134,52.11306,10.70607,6.87,21.4,28.0,27.27,44.73,29.9,3.15
W1135,52.11306,10.73563,6.93,22.53,33.13,24.4,42.47,29.13,3.24
W1136,52.11306,10.76519,6.93,21.97,40.37,25.5,34.13,31.27,4.13
W1137,52.11306,10.79476,6.83,22.6,38.2,27.7,34.13,32.07,3.7
W1138,52.11306,10.82432,6.87,21.97,38.37,25.6,36.0,28.23,3.35
W1139,52.11306,10.85389,6.9,22.2,35.97,27.43,36.6,32.7,3.85
W1140,52.11306,10.88345,7.0,22.23,29.1,27.2,43.7,31.93,3.96
W1141,52.11306,10.91302,6.9,21.5,35.0,26.6,38.43,29.8,3.64
W1142,52.11306,10.94258,6.9,21.6,40.87,22.43,36.7,31.43,3.79
W1143,52.11306,10.97214,6.9,21.87,38.23,25.73,36.07,31.07,3.86
W1144,52.11306,11.00171,6.77,23.27,31.37,27.77,40.8,34.93,4.46
W1145,52.11306,11.03127,6.8,23.47,31.37,28.37,40.3,37.23,4.26
W1146,52.11306,11.06084,6.73,23.17,38.1,25.6,36.37,37.4,4.42
W1147,52.11306,11.0904,6.9,24.6,33.7,21.5,44.8,39.0,4.61
W1148,52.11306,11.11997,6.83,24.97,33.07,22.67,44.27,50.13,5.01
W1149,52.11306,11.14953,6.9,25.67,38.2,20.67,41.13,35.2,4.31
W1150,52.13108,10.3513,6.8,22.63,20.33,30.13,49.5,29.2,3.34
W1151,52.13108,10.41042,6.73,22.8,24.27,32.73,43.0,35.1,3.22
W1152,52.13108,10.43999,6.67,22.97,20.77,28.8,50.43,36.87,3.26
W1153,52.13108,10.58781,6.7,22.53,33.47,24.5,42.03,31.1,3.75
W1154,52.13108,10.70607,6.83,22.57,32.7,25.6,41.73,29.37,3.07
W1155,52.13108,10.73563,7.0,21.2,36.1,25.5,38.37,29.43,3.61
W1156,52.13108,10.79476,6.63,22.47,39.7,25.97,34.33,37.5,3.79
W1157,52.13108,10.82432,6.63,21.73,39.17,22.63,38.17,29.07,3.13
W1158,52.13108,10.85389,6.93,21.4,31.87,23.53,44.6,30.73,3.11
W1159,52.13108,10.88345,7.0,22.0,32.7,22.8,44.43,33.73,3.79
W1160,52.13108,10.91302,6.83,22.33,28.7,24.33,47.0,31.57,4.03
W1161,52.13108,10.94258,6.57,21.2,33.0,18.3,48.73,30.23,3.6
W1162,52.13108,11.06084,6.7,23.0,41.03,24.13,34.87,36.2,4.11
W1163,52.13108,11.0904,6.87,24.63,39.2,21.47,39.33,46.97,4.59
W1164,52.13108,11.11997,6.83,24.4,38.83,20.27,40.93,37.43,4.54
W1165,52.13108,11.14953,6.17,23.83,42.57,17.6,39.83,46.1,4.76
W1166,52.1491,10.23304,6.87,21.47,18.2,27.33,54.5,29.5,2.82
W1167,52.1491,10.2626,6.87,21.57,17.63,30.33,52.07,32.5,2.98
W1170,52.1491,10.43999,6.8,22.17,22.47,29.97,47.57,42.53,4.06
W1171,52.1491,10.58781,6.63,22.3,32.33,28.97,38.67,39.07,3.99
W1172,52.1491,10.73563,6.83,22.23,30.57,29.13,40.3,34.0,3.61
W1173,52.1491,10.76519,6.9,23.33,28.07,32.77,39.17,34.73,3.79
W1174,52.1491,10.79476,6.63,22.33,39.17,25.37,35.47,29.33,3.06
W1176,52.1491,11.11997,6.77,22.6,38.0,21.17,40.87,33.97,3.5
W1177,52.1491,11.14953,6.57,23.77,41.0,18.5,40.47,29.33,3.73
W1178,52.16712,10.14435,6.9,21.53,14.73,27.23,58.03,30.13,3.19
W1179,52.16712,10.17391,6.9,21.67,21.0,28.63,50.4,31.3,2.99
W1180,52.16712,10.23304,6.97,19.8,17.5,29.57,52.93,33.2,2.94
W1181,52.16712,10.2626,6.97,22.03,16.73,30.03,53.23,29.87,2.86
W1182,52.16712,10.29217,6.83,21.67,20.57,26.8,52.63,29.6,2.94
W1184,52.16712,10.38086,5.4,23.4,20.97,31.03,48.0,43.43,3.2
W1185,52.16712,10.49912,6.27,22.3,26.73,30.83,42.43,34.53,3.65
W1187,52.16712,10.58781,6.73,22.87,29.6,28.7,41.7,36.5,3.57
W1188,52.16712,10.61737,6.7,23.33,29.47,28.2,42.3,34.53,4.02
W1189,52.16712,10.64694,6.8,22.73,28.8,29.37,41.83,34.8,4.3
W1190,52.16712,10.70607,6.87,23.3,30.03,26.47,43.5,38.33,3.62
W1191,52.16712,11.06084,6.8,23.37,34.83,24.87,40.3,34.43,3.9
W1192,52.16712,11.11997,6.57,24.5,29.73,22.73,47.57,32.13,3.79
W1193,52.16712,11.14953,6.77,24.7,41.8,17.33,40.9,33.47,3.46
W1194,52.18514,10.14435,6.93,19.83,21.33,26.63,52.0,30.73,3.28
W1197,52.18514,10.2626,7.03,20.23,14.73,27.2,58.0,33.83,3.06
W1198,52.18514,10.3513,6.73,23.07,17.97,26.73,55.27,33.23,2.92
W1199,52.18514,10.38086,6.9,22.47,20.47,28.53,51.03,28.33,3.04
W1200,52.18514,10.41042,6.73,22.67,24.9,31.03,44.03,35.2,2.91
W1202,52.18514,10.46955,6.6,22.5,24.77,27.2,48.03,30.03,2.89
W1203,52.18514,10.49912,5.97,22.63,35.47,28.03,36.5,38.47,3.2
W1204,52.18514,10.55825,6.77,22.93,28.63,27.53,43.8,32.13,3.33
W1205,52.18514,10.58781,6.7,23.9,36.67,26.23,37.1,33.67,4.1
W1206,52.18514,10.64694,6.8,22.73,33.03,26.3,40.67,32.83,4.39
W1207,52.18514,11.00171,6.83,21.2,32.83,22.87,44.33,30.6,3.32
W1208,52.18514,11.11997,6.57,22.77,27.93,22.8,49.3,32.57,3.44
W1209,52.18514,11.14953,6.8,25.5,38.0,19.63,42.33,36.43,3.95
W1211,52.20315,10.14435,7.07,20.9,18.73,24.8,56.47,36.63,3.79
W1212,52.20315,10.17391,6.97,22.3,22.17,25.73,52.13,33.77,3.66
W1213,52.20315,10.23304,6.97,19.63,15.17,23.33,61.5,29.47,2.89
W1214,52.20315,10.2626,6.97,20.33,19.33,26.73,53.9,33.37,2.92
W1215,52.20315,10.29217,5.93,21.13,18.27,26.9,54.9,33.23,3.07
W1216,52.20315,10.32173,5.83,22.27,14.3,26.53,59.17,36.5,2.69
W1217,52.20315,10.3513,5.8,21.6,15.33,23.77,60.9,39.5,2.9
W1218,52.20315,10.38086,6.8,22.3,27.57,24.13,48.33,32.03,3.15
W1219,52.20315,10.41042,6.77,22.37,15.63,22.77,61.6,37.03,2.97
W1220,52.20315,10.43999,6.73,22.87,29.67,25.07,45.23,36.67,3.09
W1221,52.20315,10.46955,6.67,21.17,34.17,26.93,38.9,32.97,3.07
W1223,52.20315,10.52868,6.33,23.2,32.43,27.23,40.33,35.37,4.57
W1224,52.20315,10.55825,6.63,24.07,33.03,26.6,40.37,35.47,3.72
W1225,52.20315,10.58781,6.6,24.13,30.43,22.53,47.03,36.47,4.2
W1226,52.20315,10.61737,6.2,23.23,31.33,25.53,43.13,40.47,4.12
W1227,52.20315,10.64694,6.73,22.47,37.93,26.13,35.93,37.53,4.19
W1228,52.20315,10.6765,6.2,21.63,24.63,28.0,47.37,36.3,3.14
W1230,52.20315,10.76519,5.4,20.3,23.6,28.0,48.4,59.63,3.65
W1231,52.20315,10.88345,6.0,21.23,40.2,21.83,37.93,34.97,3.77
W1232,52.20315,10.91302,6.5,22.4,39.1,23.67,37.23,33.1,3.63
W1233,52.20315,10.94258,5.23,23.2,29.43,16.43,54.17,47.3,4.33
W1234,52.20315,10.97214,5.07,22.47,33.37,18.6,48.03,48.27,4.04
W1235,52.20315,11.00171,6.4,23.87,34.7,25.1,40.2,41.17,3.71
W1236,52.20315,11.03127,6.47,23.43,40.2,21.03,38.73,35.07,3.74
W1237,52.20315,11.06084,5.1,22.27,29.57,23.5,46.93,48.1,4.35
W1238,52.20315,11.0904,5.13,23.03,31.03,18.23,50.73,42.07,3.24
W1239,52.20315,11.11997,5.2,25.33,39.73,17.17,43.1,45.43,3.91
W1240,52.20315,11.14953,6.63,24.7,40.33,21.7,38.0,38.27,4.82
W1241,52.22117,10.14435,6.93,20.53,17.03,19.13,63.9,36.4,2.89
W1242,52.22117,10.20347,6.97,20.27,17.87,23.57,58.53,38.47,3.27
W1243,52.22117,10.23304,6.97,21.9,13.03,26.47,60.53,35.8,3.03
W1244,52.22117,10.2626,6.83,21.33,17.13,23.4,59.47,29.63,2.78
W1246,52.22117,10.3513,6.77,20.83,20.47,19.47,60.07,30.73,2.84
W1247,52.22117,10.38086,6.73,21.6,28.17,24.37,47.47,34.93,3.1
W1248,52.22117,10.41042,6.63,20.97,38.97,23.3,37.77,34.13,3.38
W1249,52.22117,10.43999,6.27,22.07,29.37,23.07,47.57,32.23,2.89
W1250,52.22117,10.46955,6.77,22.3,34.07,26.07,39.83,33.53,3.0
W1251,52.22117,10.49912,6.63,22.8,36.73,23.17,40.1,32.63,3.39
W1252,52.22117,10.61737,6.63,23.97,31.2,25.37,43.43,35.4,4.53
W1253,52.22117,10.64694,6.73,22.03,38.23,26.63,35.17,33.43,3.7
W1254,52.22117,10.6765,6.8,22.17,37.9,24.87,37.23,34.43,3.63
W1255,52.22117,11.14953,6.67,22.77,40.1,18.93,41.0,32.93,3.44
W1256,52.23919,10.11478,7.0,18.13,23.13,23.07,53.77,34.47,3.15
W1257,52.23919,10.14435,6.93,19.77,16.83,21.93,61.27,30.7,2.98
W1258,52.23919,10.17391,6.87,19.1,15.33,21.43,63.27,29.73,2.77
W1259,52.23919,10.20347,6.8,19.23,29.1,25.7,45.2,30.33,2.73
W1260,52.23919,10.23304,6.97,20.5,19.87,27.8,52.3,27.93,2.72
W1261,52.23919,10.2626,6.9,20.93,19.37,25.7,54.93,26.47,2.66
W1262,52.23919,10.29217,6.77,22.53,27.13,22.97,49.9,27.43,2.97
W1263,52.23919,10.32173,6.73,20.8,22.73,23.73,53.53,30.07,2.88
W1264,52.23919,10.3513,6.77,20.67,18.43,24.47,57.07,35.07,3.02
W1265,52.23919,10.38086,5.87,22.23,31.6,21.37,47.03,36.6,3.56
W1266,52.23919,10.41042,6.37,21.97,31.37,23.07,45.6,36.13,2.96
W1267,52.23919,10.43999,6.63,21.8,35.7,25.2,39.1,37.17,3.0
W1268,52.23919,10.46955,6.67,22.43,37.0,22.8,40.23,32.47,3.27
W1270,52.23919,10.6765,6.8,23.0,40.23,24.0,35.8,30.9,3.84
W1271,52.23919,10.85389,6.63,21.7,45.27,22.1,32.63,36.17,4.01
W1272,52.23919,10.88345,6.67,23.0,41.73,23.6,34.7,35.0,4.01
W1273,52.23919,10.91302,6.43,23.13,47.47,23.43,29.13,35.27,4.24
W1274,52.23919,10.94258,6.67,22.1,44.63,20.97,34.37,31.33,3.25
W1275,52.23919,10.97214,6.4,23.6,42.3,21.47,36.17,37.8,4.02
W1276,52.23919,11.11997,6.5,24.8,39.07,22.03,38.93,30.07,4.02
W1277,52.23919,11.14953,6.5,24.2,42.5,19.03,38.47,32.73,4.02
W1278,52.25721,10.11478,6.8,20.8,22.27,24.33,53.4,32.07,2.88
W1279,52.25721,10.20347,6.4,21.27,23.63,28.17,48.23,27.9,3.32
W1281,52.25721,10.3513,6.73,21.27,18.43,25.83,55.73,35.23,2.89
W1284,52.25721,10.43999,6.43,22.9,35.77,23.93,40.3,33.87,2.9
W1285,52.25721,10.46955,6.2,21.73,37.47,24.6,37.97,38.13,3.41
W1288,52.25721,10.55825,5.63,22.9,36.87,27.0,36.1,54.37,4.19
W1289,52.25721,10.6765,6.47,23.47,33.83,23.03,43.17,35.63,3.59
W1290,52.25721,10.73563,6.73,23.8,34.87,28.43,36.7,41.8,4.0
W1291,52.25721,10.76519,6.93,22.43,30.5,29.63,39.87,35.0,4.02
W1292,52.25721,10.79476,6.73,22.0,37.87,22.93,39.27,35.77,4.18
W1294,52.25721,10.91302,6.53,22.43,49.47,22.27,28.27,34.57,3.98
W1295,52.27523,10.14435,5.97,20.3,25.97,24.23,49.8,33.63,2.88
W1297,52.27523,10.2626,5.23,20.17,30.9,23.87,45.2,41.5,3.05
W1298,52.27523,10.29217,6.7,20.3,40.63,21.0,38.37,30.13,2.95
W1299,52.27523,10.41042,6.6,22.43,34.73,25.1,40.13,40.07,3.45
W1301,52.27523,10.64694,6.1,22.67,36.2,23.13,40.7,35.83,3.84
W1302,52.27523,10.6765,6.13,22.47,41.73,21.43,36.83,34.83,3.86
W1303,52.27523,10.73563,5.33,23.23,41.47,22.53,36.03,53.4,4.47
W1304,52.27523,10.76519,6.77,22.4,44.9,21.57,33.5,34.03,4.03
W1305,52.27523,10.91302,5.67,22.6,39.63,21.23,39.17,42.1,3.68
W1306,52.27523,10.94258,6.4,22.37,41.57,19.3,39.13,35.7,3.98
W1307,52.27523,10.97214,5.4,22.23,39.23,18.23,42.53,41.6,4.25
W1308,52.27523,11.14953,6.47,23.2,33.83,21.17,44.93,32.77,3.51
W1310,52.29324,10.14435,6.9,19.8,39.9,27.53,32.53,31.47,2.91
W1311,52.29324,10.17391,5.43,19.7,27.17,25.1,47.73,45.67,3.38
W1312,52.29324,10.20347,6.47,20.07,41.37,22.1,36.47,35.3,2.99
W1313,52.29324,10.23304,6.37,20.93,36.9,25.8,37.3,38.77,2.84
W1314,52.29324,10.2626,5.27,20.9,44.77,20.8,34.43,42.2,3.27
W1315,52.29324,10.29217,6.63,21.57,37.9,22.93,39.13,33.07,3.04
W1316,52.29324,10.32173,6.2,22.17,43.23,19.03,37.7,35.4,3.22
W1317,52.29324,10.3513,5.13,22.13,35.43,21.2,43.37,45.63,3.28
W1318,52.29324,10.38086,6.33,23.5,41.3,22.53,36.17,49.27,3.6
W1321,52.29324,10.46955,5.8,22.2,45.07,20.8,34.13,39.83,2.9
W1322,52.29324,10.49912,5.9,23.17,40.5,26.77,32.73,38.13,3.8
W1325,52.29324,10.58781,5.8,21.57,40.87,20.93,38.23,34.43,3.77
W1326,52.29324,10.61737,5.6,23.77,41.17,22.97,35.83,49.77,5.13
W1327,52.29324,10.64694,6.73,23.5,44.3,20.8,34.93,35.33,4.01
W1328,52.29324,10.6765,5.93,23.97,39.2,24.3,36.47,42.4,4.23
W1329,52.29324,10.70607,6.63,23.13,41.8,22.37,35.8,32.8,4.19
W1330,52.29324,10.73563,6.37,23.23,44.77,21.5,33.73,34.57,4.09
W1331,52.29324,10.76519,6.7,21.97,34.67,21.93,43.33,28.53,3.05
W1332,52.29324,10.79476,6.4,21.77,48.93,21.97,29.1,32.33,3.45
W1333,52.29324,10.82432,6.37,22.23,47.17,20.33,32.5,34.27,3.78
W1334,52.29324,10.85389,6.3,21.57,46.6,20.87,32.57,35.87,3.77
W1335,52.29324,10.88345,5.2,21.43,42.63,23.37,33.97,46.47,4.39
W1336,52.29324,10.91302,6.5,22.77,44.83,25.3,29.87,46.3,4.55
W1337,52.29324,10.94258,6.5,24.13,43.93,23.37,32.73,48.1,5.26
W1338,52.29324,10.97214,6.47,22.2,38.33,21.2,40.47,30.13,3.88
W1339,52.29324,11.00171,5.7,21.23,34.0,25.43,40.57,40.0,3.07
W1340,52.29324,11.03127,5.1,23.0,29.0,23.2,47.87,50.47,3.25
W1341,52.29324,11.06084,6.3,23.83,40.47,19.6,39.93,45.93,3.57
W1342,52.29324,11.0904,4.9,22.1,34.0,18.63,47.33,46.63,4.06
W1343,52.29324,11.11997,5.07,24.13,41.93,17.53,40.57,49.57,4.67
W1344,52.29324,11.14953,6.47,23.33,40.4,19.43,40.2,32.17,3.38
W1345,52.31126,10.11478,6.67,20.53,47.67,14.87,37.43,34.63,3.05
W1346,52.31126,10.14435,5.9,20.53,43.03,19.43,37.57,34.3,3.02
W1347,52.31126,10.20347,5.87,21.3,50.1,20.37,29.53,36.33,2.91
W1349,52.31126,10.38086,6.5,21.97,39.1,21.0,39.93,40.8,3.29
W1350,52.31126,10.43999,6.53,21.47,46.43,21.9,31.63,38.1,3.32
W1351,52.31126,10.46955,6.3,22.4,48.5,21.2,30.3,39.23,3.48
W1353,52.31126,10.58781,5.23,23.73,42.1,23.07,34.87,40.9,3.44
W1354,52.31126,10.73563,6.47,22.23,46.93,21.13,31.93,32.3,3.91
W1355,52.31126,10.76519,6.53,21.57,48.13,23.3,28.53,41.2,3.53
W1356,52.31126,10.94258,5.07,22.87,38.67,22.57,38.77,50.83,4.08
W1357,52.31126,11.14953,6.77,23.17,40.73,22.7,36.57,34.3,3.76
W1358,52.32928,10.11478,6.43,20.83,48.47,17.77,33.8,34.77,3.23
W1359,52.32928,10.14435,5.6,20.57,40.8,21.87,37.3,37.3,3.24
W1360,52.32928,10.17391,6.43,21.07,49.33,18.73,31.9,31.87,3.15
W1362,52.32928,10.2626,6.6,21.37,46.4,23.37,30.27,50.4,4.51
W1363,52.32928,10.3513,5.27,20.63,40.67,22.0,37.33,44.43,3.22
W1365,52.32928,10.41042,6.27,22.23,50.1,21.6,28.27,37.87,3.11
W1366,52.32928,10.43999,6.1,23.23,50.37,25.43,24.27,49.13,3.77
W1367,52.32928,10.46955,6.33,21.9,50.67,22.53,26.83,34.6,3.69
W1368,52.32928,10.49912,6.47,23.13,49.9,22.9,27.23,48.2,3.82
W1369,52.32928,10.52868,6.37,23.13,39.17,24.57,36.3,35.0,3.51
W1370,52.32928,10.76519,6.3,23.7,52.53,18.93,28.57,38.97,4.46
W1371,52.32928,10.79476,6.53,21.67,51.33,18.5,30.17,27.67,3.42
W1372,52.32928,10.88345,6.73,24.23,48.3,20.83,30.87,40.33,5.04
W1373,52.32928,11.00171,6.3,21.57,43.67,17.63,38.67,40.33,3.45
W1374,52.32928,11.06084,6.47,23.4,56.1,16.13,27.77,32.87,3.59
W1375,52.32928,11.0904,6.37,23.37,48.67,20.03,31.3,39.93,4.47
W1376,52.32928,11.11997,6.83,22.57,47.33,21.2,31.5,30.3,3.92
W1377,52.32928,11.14953,6.67,24.07,50.83,14.43,34.73,35.87,5.07
W1378,52.3473,10.14435,5.47,19.7,47.7,18.9,33.4,36.13,3.27
W1381,52.3473,10.23304,6.57,19.23,53.8,16.17,30.0,32.73,2.89
W1382,52.3473,10.38086,5.9,23.3,43.57,24.2,32.23,39.93,3.36
W1383,52.3473,10.43999,5.83,23.73,48.9,20.53,30.57,41.7,3.74
W1384,52.3473,10.52868,6.57,22.83,38.97,22.67,38.37,33.77,3.54
W1385,52.3473,10.76519,5.9,22.1,55.63,18.47,25.93,34.8,3.45
W1386,52.3473,11.14953,5.07,23.67,50.73,15.97,33.33,42.8,4.61
W1387,52.36532,10.14435,6.4,20.03,52.37,19.23,28.4,29.33,2.81
W1388,52.36532,10.20347,5.5,19.47,59.87,14.67,25.47,41.1,3.1
W1389,52.36532,10.23304,6.23,20.57,54.57,15.97,29.5,35.57,3.41
W1390,52.36532,10.2626,6.5,21.0,54.4,13.6,32.0,40.07,2.83
W1391,52.36532,10.43999,6.37,21.9,54.83,17.27,27.9,32.37,3.15
W1392,52.36532,10.46955,6.37,20.6,54.3,19.8,25.9,30.13,2.94
W1393,52.36532,10.52868,6.4,23.17,47.4,19.4,33.2,33.4,3.23
W1394,52.36532,10.58781,5.57,24.33,52.53,17.23,30.2,39.07,3.35
W1395,52.36532,10.61737,5.47,23.73,48.07,15.77,36.2,38.17,3.35
W1396,52.36532,10.91302,6.73,23.2,45.87,21.4,32.7,30.03,3.71
W1397,52.36532,10.94258,6.7,23.37,45.83,19.2,34.97,37.43,3.91
W1398,52.36532,11.11997,6.33,22.23,51.2,18.47,30.37,32.37,3.9
W1399,52.36532,11.14953,5.2,23.87,47.7,22.27,30.03,44.13,4.25
W1400,52.38333,10.11478,6.5,20.03,53.63,17.33,29.07,41.3,3.01
W1401,52.38333,10.14435,5.8,19.33,55.83,18.2,25.97,43.8,3.16
W1402,52.38333,10.17391,5.67,19.73,59.57,16.13,24.3,37.23,3.22
W1404,52.38333,10.29217,6.3,21.63,53.73,14.47,31.8,48.63,4.28
W1405,52.38333,10.41042,5.73,21.23,59.07,19.2,21.73,36.6,3.11
W1406,52.38333,10.52868,6.43,20.0,57.2,16.13,26.63,31.23,2.98
W1407,52.38333,10.55825,6.6,20.47,55.07,20.27,24.63,37.73,2.98
W1408,52.38333,10.61737,6.53,21.37,58.17,16.17,25.63,29.3,3.11
W1409,52.38333,10.82432,6.17,22.4,49.07,17.23,33.67,39.33,3.94
W1410,52.38333,10.91302,6.73,21.97,51.07,21.87,27.07,30.33,3.87
W1411,52.38333,10.94258,6.77,22.17,45.03,20.8,34.17,29.97,3.53
W1412,52.38333,10.97214,6.7,23.9,53.53,17.47,29.0,39.7,4.44
W1413,52.38333,11.0904,5.9,22.83,60.5,13.17,26.3,40.77,3.85
W1414,52.38333,11.11997,6.53,23.4,50.2,21.33,28.47,40.0,4.26
W1415,52.38333,11.14953,5.93,23.67,49.87,20.97,29.17,43.07,4.31
W1416,52.40135,10.11478,6.3,19.5,51.2,21.77,27.03,32.7,3.35
W1417,52.40135,10.14435,6.3,21.1,52.4,16.2,31.33,33.6,3.3
W1418,52.40135,10.17391,6.1,20.23,53.2,17.33,29.43,38.7,3.36
W1419,52.40135,10.20347,6.0,20.17,54.97,18.93,26.1,32.9,3.14
W1420,52.40135,10.23304,5.27,19.2,41.5,19.0,39.5,47.33,3.17
W1421,52.40135,10.2626,6.07,20.07,50.6,18.8,30.6,33.33,3.26
W1422,52.40135,10.29217,6.3,20.2,54.17,15.8,30.03,34.8,3.1
W1423,52.40135,10.32173,6.1,21.47,62.13,12.47,25.4,32.37,3.75
W1424,52.40135,10.3513,5.3,22.33,63.23,10.0,26.73,40.67,3.84
W1425,52.40135,10.38086,6.17,21.97,59.17,14.17,26.67,45.1,4.37
W1426,52.40135,10.41042,6.27,20.5,56.27,15.23,28.5,36.87,2.95
W1427,52.40135,10.43999,5.7,20.9,56.1,17.67,26.2,33.87,3.24
W1428,52.40135,10.46955,4.87,20.5,59.83,15.63,24.53,40.1,3.06
W1429,52.40135,10.49912,5.1,21.83,55.33,16.93,27.77,44.9,3.58
W1430,52.40135,10.52868,5.3,20.93,58.43,17.3,24.3,43.2,2.84
W1431,52.40135,10.55825,6.33,21.2,55.8,16.47,27.67,31.83,3.41
W1432,52.40135,10.58781,5.5,21.27,56.57,17.77,25.63,40.37,3.88
W1433,52.40135,10.61737,6.0,20.5,56.43,17.1,26.47,31.97,3.38
W1434,52.40135,10.64694,5.77,21.07,59.77,17.17,23.07,36.77,3.04
W1435,52.40135,10.6765,6.47,21.47,58.1,15.57,26.27,28.83,3.24
W1438,52.40135,10.76519,5.07,21.57,46.17,14.13,39.7,51.43,3.16
W1439,52.40135,10.79476,5.1,22.43,52.83,16.87,30.33,51.97,3.72
W1441,52.40135,10.85389,6.57,22.6,54.7,15.1,30.2,27.1,3.61
W1442,52.40135,10.88345,5.07,22.4,47.8,17.4,34.8,56.1,3.99
W1443,52.40135,10.91302,6.57,21.83,45.77,20.47,33.77,32.3,3.88
W1444,52.40135,10.94258,6.57,22.13,51.4,17.07,31.53,28.9,4.16
W1445,52.40135,10.97214,6.57,23.53,52.13,18.5,29.33,33.73,4.04
W1446,52.40135,11.00171,6.47,23.0,55.73,18.47,25.83,36.23,3.47
W1447,52.40135,11.03127,6.57,22.87,51.47,19.43,29.1,37.83,3.42
W1448,52.40135,11.06084,6.3,24.37,61.57,15.8,22.63,33.57,3.83
W1449,52.40135,11.0904,6.6,24.77,53.17,20.1,26.7,33.0,3.49
W1450,52.40135,11.11997,6.27,23.47,52.13,20.5,27.4,36.87,3.92
W1451,52.40135,11.14953,6.23,23.57,50.93,20.53,28.53,36.0,3.63
W1452,52.41937,10.14435,6.27,19.83,52.2,21.17,26.63,34.47,3.43
W1453,52.41937,10.29217,5.23,21.1,48.1,17.13,34.73,43.5,3.22
W1454,52.41937,10.38086,5.7,22.33,62.37,13.47,24.17,43.03,4.93
W1455,52.41937,10.55825,5.0,20.97,60.67,13.27,26.1,45.07,3.72
W1456,52.41937,10.58781,5.93,21.43,58.63,16.73,24.63,38.03,3.41
W1457,52.41937,10.61737,6.3,21.33,56.0,19.13,24.93,31.73,3.68
W1458,52.41937,10.64694,6.5,21.93,56.67,16.33,27.0,34.53,3.58
W1459,52.41937,10.6765,6.4,21.6,57.63,14.8,27.57,27.93,3.44
W1461,52.41937,10.82432,6.27,22.03,53.67,15.43,30.9,42.9,3.91
W1462,52.41937,10.97214,6.4,22.87,54.0,17.57,28.43,36.33,3.44
W1463,52.41937,11.00171,6.37,24.57,56.9,17.1,26.03,49.47,4.97
W1464,52.41937,11.06084,6.03,22.43,64.07,14.47,21.43,41.8,3.98
W1465,52.41937,11.0904,6.2,24.5,62.07,17.03,20.9,42.13,4.23
W1466,52.41937,11.11997,6.37,24.17,54.07,18.37,27.53,47.77,4.61
W1467,52.41937,11.14953,6.1,22.63,53.13,19.83,27.03,33.6,3.75
W1468,52.43739,10.38086,5.9,21.7,61.3,14.0,24.67,41.63,3.85
W1469,52.43739,10.41042,6.2,20.6,62.83,12.8,24.37,29.03,2.95
W1470,52.43739,10.58781,5.8,20.6,59.03,14.23,26.7,42.93,3.93
W1471,52.43739,10.6765,5.2,22.53,58.1,16.47,25.43,50.37,4.59
W1472,52.43739,10.70607,6.33,22.37,60.83,14.3,24.83,36.77,4.17
W1475,52.43739,10.82432,5.83,24.8,60.97,15.13,23.9,41.43,4.29
W1476,52.43739,10.97214,6.4,22.73,54.3,18.63,27.07,48.63,3.7
W1477,52.43739,11.06084,6.13,24.1,57.5,16.83,25.7,37.57,4.37
W1478,52.43739,11.0904,5.57,24.77,51.93,20.13,27.9,54.3,5.23
W1479,52.43739,11.14953,6.1,24.47,52.2,15.1,32.67,51.6,4.38
W1480,52.45541,10.70607,5.73,23.33,59.9,12.87,27.23,43.1,4.27
W1481,52.45541,10.73563,5.6,20.4,62.33,15.2,22.5,38.0,4.44
W1482,52.45541,10.97214,6.13,23.0,56.47,18.77,24.73,39.8,3.69
W1483,52.45541,11.06084,5.8,23.93,60.77,13.13,26.13,52.53,5.7
W1484,52.45541,11.14953,6.13,23.33,66.07,11.27,22.63,42.87,5.18
W1485,52.47342,10.20347,6.37,18.63,60.63,17.7,21.67,35.97,3.06
W1486,52.47342,10.32173,6.27,19.63,66.9,14.93,18.13,36.8,3.22
W1488,52.47342,10.52868,5.2,21.3,62.87,13.5,23.63,39.23,2.96
W1489,52.47342,10.73563,6.1,21.1,59.5,15.87,24.63,38.2,3.57
W1491,52.47342,10.85389,6.07,22.23,60.8,15.97,23.2,44.23,4.48
W1492,52.47342,10.88345,5.67,22.83,61.57,15.67,22.8,58.53,5.53
W1493,52.47342,10.91302,6.23,23.77,60.77,13.53,25.73,63.73,6.29
W1494,52.47342,11.06084,5.9,24.2,59.27,15.8,24.93,56.67,6.29
W1495,52.47342,11.0904,5.87,24.33,63.5,14.07,22.43,51.77,5.74
W1496,52.47342,11.11997,5.2,22.33,64.67,11.23,24.1,48.9,4.72
W1497,52.47342,11.14953,5.23,22.07,64.57,11.93,23.53,49.8,4.58
W1498,52.49144,10.11478,6.1,19.6,58.0,17.57,24.4,37.83,3.35
W1499,52.49144,10.14435,6.4,19.33,60.3,16.5,23.2,35.33,3.22
W1500,52.49144,10.17391,6.03,18.4,61.7,17.23,21.07,34.63,3.01
W1501,52.49144,10.20347,6.3,19.3,69.93,12.83,17.27,35.63,3.06
W1502,52.49144,10.23304,6.23,19.07,65.73,14.7,19.53,36.83,3.05
W1503,52.49144,10.2626,5.63,19.3,61.33,15.13,23.57,41.17,3.25
W1504,52.49144,10.29217,6.3,18.2,65.43,15.0,19.57,36.97,3.03
W1505,52.49144,10.32173,5.8,19.17,62.07,16.63,21.3,34.8,2.93
W1506,52.49144,10.3513,6.37,20.9,63.97,15.23,20.83,37.97,3.06
W1507,52.49144,10.38086,5.27,19.93,56.57,18.23,25.3,42.43,3.39
W1508,52.49144,10.41042,5.93,19.63,70.57,11.27,18.2,37.07,3.39
W1509,52.49144,10.43999,5.13,20.63,60.73,13.97,25.27,38.47,3.04
W1510,52.49144,10.46955,5.9,20.27,67.67,12.63,19.73,46.2,3.66
W1511,52.49144,10.49912,5.27,20.8,59.2,13.77,27.1,40.83,2.88
W1512,52.49144,10.52868,6.0,20.27,59.87,14.6,25.53,40.6,3.13
W1513,52.49144,10.55825,5.23,19.67,66.23,13.93,19.87,43.87,3.19
W1514,52.49144,10.58781,5.37,19.63,62.73,13.3,23.97,46.0,3.45
W1516,52.49144,10.64694,5.23,20.1,61.43,12.7,25.9,38.77,3.27
W1517,52.49144,10.6765,5.5,21.0,61.77,10.87,27.33,38.0,3.81
W1518,52.49144,10.70607,5.47,21.67,62.7,11.6,25.7,35.77,3.6
W1519,52.49144,10.73563,5.1,21.67,60.3,12.63,27.07,41.37,3.68
W1520,52.49144,10.76519,6.0,21.87,54.97,16.77,28.27,38.27,4.3
W1521,52.49144,10.79476,4.97,21.43,57.37,17.1,25.57,41.5,4.12
W1522,52.49144,10.82432,5.1,23.27,63.87,11.57,24.6,46.9,3.81
W1523,52.49144,10.85389,6.07,22.03,62.17,11.6,26.23,34.67,3.64
W1524,52.49144,10.88345,6.33,21.27,59.63,11.4,28.97,33.07,3.48
W1525,52.49144,10.91302,5.37,21.1,61.1,13.33,25.6,54.07,5.06
W1526,52.49144,10.94258,5.03,21.13,59.87,12.9,27.23,58.67,6.15
W1527,52.49144,10.97214,5.03,21.53,61.23,12.6,26.17,55.5,4.65
W1528,52.49144,11.00171,5.8,23.4,63.2,13.03,23.77,52.87,5.71
W1529,52.49144,11.03127,6.23,23.9,61.5,13.87,24.63,36.77,3.64
W1530,52.49144,11.06084,6.03,24.37,67.3,12.33,20.37,57.33,5.59
W1531,52.49144,11.0904,6.13,21.83,66.73,13.0,20.27,33.57,3.98
W1532,52.49144,11.11997,6.0,23.97,63.43,13.0,23.57,46.7,4.81
W1533,52.49144,11.14953,6.07,23.2,63.63,12.1,24.23,44.07,4.37
W1534,52.50946,10.20347,6.27,19.27,72.27,9.63,18.1,38.47,3.12
W1535,52.50946,10.32173,5.6,20.53,62.5,13.67,23.87,41.0,3.19
W1536,52.50946,10.3513,6.23,19.0,70.23,12.43,17.33,38.33,3.17
W1537,52.50946,10.61737,6.0,20.23,63.47,15.3,21.27,34.9,3.58
W1538,52.50946,10.76519,5.07,21.2,63.67,11.27,25.1,44.0,4.1
W1539,52.50946,11.00171,5.03,22.4,64.63,12.63,22.77,57.07,4.09
W1540,52.50946,11.03127,6.17,24.1,64.73,13.37,21.93,56.13,5.1
W1541,52.50946,11.06084,5.33,24.17,66.8,12.53,20.67,64.2,6.01
W1542,52.50946,11.11997,6.0,22.93,60.67,15.2,24.1,47.6,4.64
W1543,52.50946,11.14953,6.3,22.53,63.57,10.93,25.53,34.0,4.09
W1544,52.52748,10.17391,6.3,20.53,63.27,16.23,20.5,35.87,2.93
W1545,52.52748,10.20347,6.23,18.9,73.33,10.77,15.9,37.73,2.91
W1547,52.52748,10.3513,5.83,20.3,61.37,16.5,22.13,42.6,3.52
W1548,52.52748,10.46955,5.27,19.57,62.8,16.57,20.63,43.43,2.87
W1549,52.52748,10.79476,5.87,21.73,61.3,13.43,25.3,40.3,3.89
W1550,52.52748,11.03127,6.2,24.2,63.87,13.07,23.07,57.17,4.89
W1551,52.52748,11.06084,6.17,24.13,61.77,13.13,25.07,52.0,5.11
W1552,52.52748,11.0904,6.2,23.2,65.57,12.27,22.2,33.23,4.28
W1553,52.52748,11.11997,6.03,22.67,65.8,11.17,23.07,34.47,3.97
W1554,52.52748,11.14953,6.07,22.07,65.7,10.23,24.1,31.77,3.6
W1555,52.5455,10.14435,6.3,21.2,70.0,13.1,16.87,39.2,2.98
W1556,52.5455,10.17391,6.23,21.13,64.3,17.17,18.53,42.63,2.92
W1557,52.5455,10.3513,6.2,20.9,71.67,10.5,17.8,39.03,3.82
W1558,52.5455,10.97214,6.2,21.77,61.4,14.13,24.47,32.53,3.67
W1559,52.5455,11.00171,5.83,21.53,65.93,10.37,23.7,44.43,4.25
W1560,52.5455,11.03127,6.2,23.57,61.4,12.8,25.8,62.37,5.76
W1561,52.5455,11.14953,6.0,21.63,65.33,12.17,22.53,35.83,3.38
W1562,52.56351,10.11478,6.17,18.63,71.7,12.93,15.37,36.87,3.12
W1563,52.56351,10.23304,5.5,18.17,69.5,12.97,17.53,40.67,3.09
W1564,52.56351,10.94258,6.37,23.23,63.57,10.6,25.8,43.9,4.68
W1565,52.56351,10.97214,6.13,22.43,62.87,9.7,27.47,40.17,3.83
W1566,52.56351,11.00171,6.33,22.5,62.67,14.33,23.03,35.0,4.1
W1567,52.56351,11.03127,6.2,23.77,60.57,14.77,24.67,44.87,4.2
W1568,52.56351,11.0904,6.27,23.43,64.33,11.6,24.1,35.5,3.05
W1569,52.56351,11.14953,6.2,24.17,60.93,11.17,27.9,31.27,3.66
W1570,52.58153,10.11478,5.53,18.57,67.97,15.43,16.57,38.8,2.94
W1571,52.58153,10.3513,5.5,21.37,67.37,11.63,21.0,54.13,4.19
W1572,52.58153,10.38086,5.53,21.17,69.53,11.13,19.37,41.17,3.17
W1573,52.58153,10.41042,5.6,20.23,66.1,13.77,20.1,52.87,4.62
W1574,52.58153,10.58781,5.07,20.9,65.47,13.1,21.43,40.33,3.46
W1575,52.58153,10.88345,6.2,21.33,59.07,14.0,26.93,45.07,4.04
W1576,52.58153,10.91302,6.47,21.87,55.17,14.53,30.3,47.97,4.22
W1577,52.58153,10.97214,6.27,22.57,61.93,11.17,26.9,35.2,3.94
W1578,52.58153,11.06084,6.3,23.7,61.67,14.2,24.13,29.47,3.59
W1579,52.58153,11.0904,6.17,24.4,65.23,11.4,23.33,43.3,4.58
W1580,52.58153,11.14953,4.83,22.5,56.97,14.07,29.0,51.73,3.95
W1582,52.59955,10.14435,5.87,17.67,70.17,12.67,17.13,36.53,2.74
W1583,52.59955,10.17391,5.47,19.2,73.27,11.83,14.9,46.2,3.33
W1584,52.59955,10.20347,5.17,18.7,66.2,11.97,21.83,52.57,2.85
W1585,52.59955,10.23304,5.1,18.63,69.17,10.8,20.03,46.97,2.8
W1586,52.59955,10.2626,5.5,19.7,69.23,11.6,19.23,51.63,3.21
W1587,52.59955,10.29217,5.63,19.73,64.17,12.77,23.07,45.73,3.57
W1588,52.59955,10.32173,5.6,19.6,66.4,10.57,23.03,41.3,3.0
W1589,52.59955,10.3513,5.5,19.47,64.93,10.77,24.3,40.3,2.82
W1590,52.59955,10.38086,5.67,20.27,69.83,10.3,19.87,38.63,3.1
W1591,52.59955,10.41042,5.5,20.97,68.03,10.27,21.67,50.0,3.71
W1592,52.59955,10.43999,6.07,20.9,63.03,14.13,22.83,39.13,3.45
W1593,52.59955,10.46955,6.07,20.83,61.7,12.5,25.8,38.73,3.91
W1594,52.59955,10.49912,5.43,21.03,55.0,14.87,30.13,40.9,3.19
W1595,52.59955,10.52868,5.63,20.73,60.63,15.87,23.47,38.23,3.76
W1596,52.59955,10.55825,6.0,21.73,58.93,15.4,25.67,36.1,4.0
W1597,52.59955,10.58781,5.13,20.9,64.3,12.67,23.03,46.77,3.61
W1598,52.59955,10.61737,5.33,21.37,65.37,12.17,22.5,41.9,3.88
W1599,52.59955,10.64694,5.03,20.33,61.23,12.3,26.43,42.37,3.55
W1600,52.59955,10.6765,5.97,20.9,64.47,11.57,24.0,38.3,3.51
W1601,52.59955,10.70607,4.8,20.9,58.67,11.0,30.3,40.17,3.51
W1602,52.59955,10.76519,4.93,20.63,59.6,15.97,24.4,41.3,2.92
W1603,52.59955,10.79476,4.8,20.73,61.43,12.6,25.97,47.57,3.41
W1604,52.59955,10.85389,4.87,21.27,55.87,15.0,29.13,45.53,3.36
W1605,52.59955,10.88345,6.03,21.8,61.8,11.83,26.33,43.87,4.7
W1606,52.59955,10.91302,6.53,21.97,58.07,14.7,27.23,46.1,4.09
W1608,52.59955,10.97214,6.17,24.23,66.0,11.9,22.13,38.6,4.41
W1609,52.59955,11.00171,5.7,24.33,63.57,10.27,26.17,42.57,4.66
W1610,52.59955,11.03127,6.0,22.8,62.5,10.1,27.4,46.6,4.42
W1611,52.59955,11.06084,4.9,21.57,62.5,11.73,25.73,46.67,3.99
W1612,52.59955,11.0904,5.07,21.07,56.07,12.03,31.93,47.0,4.19
W1613,52.59955,11.11997,4.83,22.33,58.4,12.0,29.63,44.07,4.06
W1614,52.59955,11.14953,5.63,20.93,61.83,10.7,27.47,37.6,3.83
W1615,52.61757,10.32173,5.93,19.2,66.17,9.97,23.83,43.57,3.34
W1616,52.61757,10.43999,5.13,19.5,63.23,13.17,23.57,41.37,2.69
W1617,52.61757,10.55825,5.63,20.9,59.7,16.2,24.1,38.5,3.48
W1618,52.61757,10.88345,6.0,20.53,58.03,13.23,28.77,39.3,4.06
W1619,52.61757,10.91302,5.83,21.93,62.0,12.6,25.4,51.43,5.21
W1620,52.61757,11.14953,5.87,21.27,61.07,10.47,28.47,37.63,4.51
W1621,52.63559,10.29217,5.27,20.23,63.07,11.63,25.27,39.73,3.25
W1622,52.63559,10.32173,6.07,19.17,66.67,11.67,21.67,47.9,3.58
W1623,52.63559,10.52868,5.83,20.43,60.0,15.33,24.63,41.6,4.49
W1624,52.63559,10.88345,6.1,20.8,59.6,13.0,27.4,47.93,4.64
W1625,52.63559,10.91302,6.6,19.97,60.27,12.4,27.27,26.93,3.67
W1626,52.63559,11.06084,6.13,23.13,58.6,10.2,31.2,28.07,3.66
W1627,52.63559,11.14953,6.2,22.3,55.8,14.03,30.2,27.83,3.5
W1628,52.6536,10.23304,5.43,19.1,62.77,16.53,20.7,40.07,3.01
W1629,52.6536,10.46955,6.1,19.73,61.83,10.33,27.83,33.13,3.21
W1630,52.6536,11.14953,6.27,22.0,58.9,12.37,28.73,35.13,3.53
W1631,52.67162,10.32173,5.9,17.6,59.27,10.0,30.8,34.23,2.91
W1632,52.67162,10.52868,5.83,24.8,62.87,9.87,27.27,42.77,4.52
W1633,52.67162,10.82432,5.7,20.83,62.63,13.6,23.77,40.77,3.34
W1635,52.67162,11.00171,5.77,22.33,62.17,9.4,28.43,37.8,4.24
W1636,52.67162,11.06084,6.07,21.53,58.0,11.63,30.4,39.37,3.75
W1637,52.67162,11.0904,6.17,23.37,54.37,11.67,33.97,47.0,4.06
W1638,52.67162,11.11997,6.37,22.47,52.9,12.77,34.37,33.87,3.27
W1639,52.67162,11.14953,4.9,22.9,55.53,13.23,31.2,55.33,4.15
W1640,52.68964,10.32173,6.03,18.77,58.37,13.17,28.43,37.8,3.28
W1641,52.68964,10.6765,5.5,20.57,62.73,13.07,24.2,43.5,3.53
W1642,52.68964,10.73563,4.9,21.03,63.9,11.53,24.57,44.67,4.04
W1643,52.68964,10.76519,6.1,22.03,62.23,13.83,23.9,32.9,3.2
W1644,52.68964,10.79476,6.5,19.83,59.43,12.73,27.87,40.13,3.19
W1645,52.68964,11.00171,5.8,22.5,63.3,11.87,24.83,42.87,4.38
W1646,52.68964,11.14953,4.83,23.4,58.2,11.47,30.37,51.1,3.87
W1647,52.70766,10.11478,5.13,18.2,62.43,11.83,25.73,59.9,2.99
W1648,52.70766,10.14435,5.0,19.4,59.47,14.63,25.93,60.9,3.05
W1649,52.70766,10.17391,5.57,19.93,59.0,12.2,28.77,48.5,3.18
W1650,52.70766,10.20347,5.1,17.43,45.97,17.5,36.53,44.23,2.87
W1651,52.70766,10.23304,6.17,20.3,47.0,16.4,36.53,41.93,2.81
W1652,52.70766,10.2626,5.17,19.33,49.63,18.4,31.97,52.07,3.74
W1653,52.70766,10.29217,6.2,19.27,52.2,16.5,31.27,43.17,3.15
W1654,52.70766,10.32173,5.6,18.07,59.73,10.17,30.1,51.9,2.62
W1655,52.70766,10.3513,5.87,19.1,56.67,11.7,31.63,43.33,3.24
W1656,52.70766,10.38086,5.27,19.57,60.7,11.17,28.2,47.6,3.08
W1657,52.70766,10.41042,6.4,20.6,64.2,8.9,26.87,34.17,2.89
W1658,52.70766,10.43999,5.07,20.97,63.0,10.4,26.57,60.77,2.86
W1659,52.70766,10.46955,5.1,20.17,60.3,12.5,27.2,52.4,3.69
W1660,52.70766,10.49912,5.23,19.3,63.1,12.53,24.37,38.37,2.76
W1661,52.70766,10.52868,5.83,21.0,62.0,11.5,26.43,39.47,3.01
W1662,52.70766,10.55825,5.13,20.77,51.57,17.3,31.13,41.77,3.13
W1663,52.70766,10.58781,5.8,19.47,57.93,14.8,27.23,35.1,2.78
W1664,52.70766,10.61737,5.5,20.0,63.3,9.47,27.2,43.2,3.63
W1665,52.70766,10.64694,5.3,19.23,69.0,9.93,21.07,39.87,3.22
W1666,52.70766,10.6765,5.43,21.13,61.17,11.1,27.73,41.13,3.68
W1667,52.70766,10.70607,6.13,21.77,65.4,13.3,21.27,35.63,3.03
W1668,52.70766,10.73563,6.3,19.8,62.57,12.13,25.33,35.07,3.13
W1669,52.70766,10.76519,6.3,21.13,61.67,14.83,23.53,33.83,3.16
W1670,52.70766,10.79476,6.43,21.5,58.07,13.57,28.4,36.13,3.5
W1671,52.70766,10.82432,6.27,21.37,55.87,14.37,29.77,38.2,3.62
W1672,52.70766,10.85389,4.97,20.83,57.17,15.53,27.3,45.17,3.78
W1673,52.70766,10.88345,5.0,20.07,51.13,12.33,36.53,40.13,3.4
W1674,52.70766,10.91302,6.37,20.93,56.57,12.73,30.7,34.0,3.54
W1675,52.70766,10.94258,4.93,21.07,55.7,11.53,32.77,44.0,4.35
W1676,52.70766,10.97214,6.33,21.1,62.43,11.0,26.53,28.03,3.93
W1677,52.70766,11.00171,6.4,21.9,59.73,12.87,27.43,33.93,3.88
W1678,52.70766,11.03127,5.67,22.03,59.37,13.0,27.6,47.23,4.08
W1679,52.70766,11.06084,5.67,23.0,54.87,13.23,31.97,53.03,4.98
W1682,52.70766,11.14953,6.13,21.47,51.83,12.43,35.73,35.37,3.48
W1683,52.72568,10.61737,5.37,18.6,60.4,14.53,25.07,39.4,3.59
W1684,52.72568,10.70607,5.83,20.03,63.63,12.27,24.1,34.47,2.91
W1686,52.72568,10.76519,5.97,19.97,53.87,14.33,31.77,41.1,3.4
W1687,52.72568,10.94258,6.0,21.63,61.1,10.27,28.57,35.73,3.75
W1688,52.72568,10.97214,6.13,22.73,64.27,11.8,23.87,44.53,4.25
W1689,52.72568,11.00171,6.27,21.9,63.27,12.93,23.8,33.37,3.77
W1690,52.72568,11.03127,6.17,21.93,60.0,13.03,26.97,42.17,3.98
W1691,52.72568,11.0904,6.3,23.83,57.9,10.8,31.27,52.87,4.93
W1692,52.72568,11.14953,6.2,23.53,55.9,9.97,34.13,32.8,3.91
W1693,52.74369,10.2626,5.03,20.17,52.77,12.13,35.13,60.0,3.4
W1694,52.74369,10.61737,6.07,21.27,62.0,12.67,25.3,56.87,3.76
W1695,52.74369,10.6765,6.3,20.87,67.2,11.1,21.67,33.8,3.07
W1696,52.74369,10.70607,5.8,20.6,63.63,10.0,26.33,38.27,3.11
W1697,52.74369,10.73563,5.83,20.6,63.3,12.37,24.37,34.13,3.21
W1698,52.74369,10.76519,5.67,22.23,63.4,12.1,24.5,41.07,3.64
W1699,52.74369,11.14953,6.1,24.27,61.97,11.9,26.13,50.93,4.83
W1700,52.76171,11.06084,6.17,22.17,63.67,12.73,23.57,28.4,3.49
W1701,52.76171,11.0904,6.17,23.6,57.63,13.4,28.97,30.8,3.46
W1702,52.76171,11.11997,6.2,22.93,59.67,11.6,28.77,36.47,4.19
W1703,52.76171,11.14953,6.27,21.33,64.57,13.3,22.17,36.13,4.12
W1704,52.77973,10.61737,5.6,20.03,63.87,11.23,24.93,42.9,3.49
W1705,52.77973,10.97214,6.13,22.3,59.13,12.9,28.0,44.93,4.73
W1706,52.77973,11.14953,6.1,22.83,57.6,14.03,28.4,42.03,4.47
W1708,52.79775,10.49912,4.9,18.53,50.8,17.83,31.37,49.33,2.92
W1709,52.79775,10.52868,6.4,20.27,51.83,15.7,32.43,40.83,3.04
W1710,52.79775,10.55825,5.57,19.0,54.93,13.87,31.17,51.3,3.22
W1711,52.79775,10.58781,5.57,20.7,62.9,10.7,26.4,44.27,3.68
W1712,52.79775,10.61737,5.57,19.0,62.13,13.63,24.23,41.2,3.5
W1713,52.79775,10.64694,5.53,19.77,69.73,8.93,21.3,45.37,3.26
W1714,52.79775,10.6765,5.9,23.2,67.03,10.4,22.57,43.57,3.44
W1715,52.79775,10.70607,5.53,22.63,68.73,9.8,21.4,42.77,4.32
W1716,52.79775,10.73563,5.1,21.1,63.27,10.87,25.87,42.6,3.09
W1717,52.79775,10.76519,5.1,20.23,52.83,14.47,32.73,47.97,3.55
W1718,52.79775,10.82432,5.1,20.67,56.1,13.17,30.77,37.33,3.06
W1719,52.79775,10.85389,5.6,22.07,58.03,15.2,26.77,42.2,3.82
W1720,52.79775,10.88345,4.93,21.13,61.83,13.6,24.57,51.9,3.88
W1721,52.79775,10.91302,6.17,19.93,62.37,13.93,23.73,46.37,3.58
W1722,52.79775,10.94258,6.2,20.9,59.57,12.97,27.47,33.7,3.8
W1724,52.79775,11.00171,5.17,22.83,66.67,11.23,22.03,64.73,5.05
W1725,52.79775,11.03127,6.17,23.37,72.77,10.43,16.8,53.97,4.56
W1726,52.79775,11.06084,5.0,22.17,65.97,11.53,22.53,63.77,5.11
W1727,52.79775,11.0904,4.97,22.27,63.67,10.9,25.43,58.5,4.72
W1728,52.79775,11.11997,6.07,21.33,61.33,11.53,27.17,36.83,4.39
W1729,52.79775,11.14953,6.3,22.6,66.0,13.5,20.5,32.43,4.36
W1730,52.81577,10.82432,5.77,20.83,52.67,12.57,34.77,40.37,3.85
W1731,52.81577,10.91302,6.0,22.33,62.93,11.87,25.23,43.73,4.56
W1732,52.81577,10.97214,6.33,22.17,59.7,14.6,25.73,43.87,3.72
W1734,52.81577,11.14953,5.17,23.5,59.57,12.07,28.33,54.3,4.38
W1735,52.83378,10.64694,6.2,19.83,61.87,10.9,27.2,41.17,3.79
W1737,52.83378,10.82432,6.1,20.17,57.33,13.87,28.8,38.67,3.6
W1738,52.83378,11.00171,6.27,22.73,67.27,10.83,21.9,39.03,4.52
W1739,52.83378,11.06084,6.17,22.1,73.27,10.73,16.03,43.5,3.69
W1740,52.83378,11.14953,6.33,23.3,70.57,10.77,18.7,39.97,3.43
W1733,52.81577,11.00171,6.33,22.93,65.7,11.3,22.97,47.97,4.86
