art,gbif_id,datum,lat,lon,unsicherheit_m,ort,stufe
steinpilz,inat1968163,2015-09-20,52.26339,10.55477,88,Braunschweig,research
steinpilz,inat2008212,2015-09-27,52.2009,10.74974,308,Elm,research
steinpilz,inat4378034,2016-10-17,52.19742,10.7495,5,Elm  Kneitlingen  Niedersachsen  DE,research
steinpilz,inat31678897,2019-08-28,52.84955,10.54309,9,29559 Wrestedt  Deutschland,research
steinpilz,inat34609994,2019-10-19,52.19727,10.75017,17,38170 Kneitlingen  Deutschland,research
steinpilz,inat34610558,2019-10-19,52.19788,10.74853,15,38170 Kneitlingen  Deutschland,research
steinpilz,inat59996741,2020-09-17,52.6374,10.58077,20,29399 Wahrenholz  Deutschland,research
steinpilz,inat93649546,2021-09-04,52.71533,10.47261,19,29367 Steinhorst  Germany,research
steinpilz,inat99235106,2021-10-24,52.30892,10.47742,73,38112 Braunschweig  neben VW-Halle  9  38112 Braunschweig  D,research
steinpilz,inat101401352,2021-11-18,52.2832,10.47426,146,38116 Braunschweig  Deutschland,research
steinpilz,inat102996029,2021-12-13,52.2825,10.4731,257,38116 Braunschweig  Deutschland,research
steinpilz,inat137016134,2022-09-30,52.30756,10.55541,195,Wabe-Schunter-Beberbach  Braunschweig  Deutschland,research
steinpilz,inat137393998,2022-10-02,52.28226,10.46959,263,38116 Braunschweig  Deutschland,research
steinpilz,inat137397445,2022-10-03,52.28164,10.47286,65,38116 Braunschweig  Deutschland,research
steinpilz,inat137874236,2022-10-07,52.27243,10.59072,58,Wabe-Schunter-Beberbach  Braunschweig  Deutschland,research
steinpilz,inat138120676,2022-10-09,52.21475,10.36749,35,Vechelde,research
steinpilz,inat138179400,2022-10-09,52.27635,10.57773,9,Wabe-Schunter-Beberbach  Brunswick  Germany,research
steinpilz,inat138183093,2022-10-09,52.2226,10.58981,19,38302 Wolfenbüttel  Germany,research
steinpilz,inat138654087,2022-10-13,52.54598,10.23959,365,29358 Eicklingen  Deutschland,research
steinpilz,inat138758084,2022-10-14,52.34995,10.82836,,Barnstorf  Wolfsburg  Deutschland,research
steinpilz,inat138759272,2022-10-14,52.34799,10.82705,,Barnstorf  Wolfsburg  Deutschland,research
steinpilz,inat178154901,2023-08-13,52.30832,10.4772,12,Veltenhof-Rühme  Braunschweig  Deutschland,research
steinpilz,inat178386707,2023-08-14,52.28195,10.47405,205,38116 Braunschweig  Deutschland,research
steinpilz,inat178562937,2023-08-15,52.32174,10.42372,16,38112 Braunschweig  Deutschland,research
steinpilz,inat186852989,2023-10-09,52.61626,10.1216,10,29227 Celle  Deutschland,research
steinpilz,inat189511473,2023-10-29,52.45771,10.81873,,Vorsfelde  38448 Wolfsburg  Deutschland,research
steinpilz,inat189975573,2023-11-04,52.27318,10.59317,7,Wabe-Schunter-Beberbach  Braunschweig  Germany,research
steinpilz,inat191026954,2023-11-14,52.18935,10.74911,,38170 Kneitlingen  Germany,research
steinpilz,inat191680986,2023-11-21,52.29617,10.62801,38,Volkmarode  Braunschweig  Deutschland,research
steinpilz,inat191680987,2023-11-21,52.29616,10.628,4,Volkmarode  Braunschweig  Deutschland,research
steinpilz,inat246919735,2024-10-12,52.61807,10.24278,,29331 Lachendorf  Deutschland,research
steinpilz,inat322277154,2021-10-29,52.38417,10.71512,90,Hohnstedter Holz und Wilshop  Wolfsburg  Niedersachsen  DE,research
steinpilz,inat323055406,2025-10-25,52.49361,10.73678,145,Jembke  Niedersachsen  DE,research
steinpilz,inat323298292,2025-10-18,52.30817,10.47728,24,Braunschweig  Lower Saxony  DE,needs_id
sommersteinpilz,inat80383552,2021-05-26,52.07162,10.36064,8,Salzgitter-Bad Waldfriedhof  38259 Salzgitter  Deutschland,research
sommersteinpilz,inat138518955,2022-10-12,52.2629,10.62836,,38162 Cremlingen  Deutschland,needs_id
sommersteinpilz,inat182546694,2023-09-09,52.27233,10.58093,5,Wabe-Schunter-Beberbach  Braunschweig  Germany,research
sommersteinpilz,inat188656061,2023-10-23,52.42129,10.36986,497,38543 Hillerse  Deutschland,research
sommersteinpilz,inat303212064,2025-08-01,52.29598,10.62828,45,38 Braunschweig-Volkmarode  Deutschland,needs_id
sommersteinpilz,inat304308872,2025-08-06,52.26376,10.5819,23,38 Braunschweig-Wabe-Schunter-Beberbach  Deutschland,research
sommersteinpilz,inat304321152,2025-08-06,52.26381,10.58186,6,38 Braunschweig-Wabe-Schunter-Beberbach  Germany,research
sommersteinpilz,inat372676675,2026-06-17,52.26275,10.55672,13,Braunschweig  DE-NI  DE,research
marone,inat8185670,2017-09-30,52.19676,10.74943,5,Naturpark Elm-Lappwald  Kneitlingen  Niedersachsen  DE,research
marone,inat34609936,2019-10-19,52.19749,10.75074,18,38170 Kneitlingen  Deutschland,research
marone,inat61567831,2020-10-03,52.26342,10.5216,18,Kleine Burg  Braunschweig  Bassa Sassonia  DE,needs_id
marone,inat65216337,2020-11-19,52.28256,10.47478,7,38116 Braunschweig  Deutschland,research
marone,inat93649571,2021-09-04,52.7145,10.47268,14,29367 Steinhorst  Germany,research
marone,inat94587901,2021-09-12,52.27269,10.5911,10,Wabe-Schunter  Brunswick  Germany,research
marone,inat95543340,2021-09-20,52.30405,10.55814,,Wabe-Schunter  Braunschweig  Deutschland,research
marone,inat137329429,2022-10-02,52.44904,10.8115,207,Tiergartenbreite  38448 Wolfsburg  Deutschland,research
marone,inat138942657,2022-10-15,52.33398,10.71069,190,Lehre  38165 Lehre  Deutschland,research
marone,inat139342882,2022-10-19,52.25258,10.45984,25,38120 Braunschweig  Deutschland,research
marone,inat139648258,2022-10-22,52.28799,10.62996,9,Volkmarode  Brunswick  Germany,research
marone,inat140654331,2022-10-31,52.32569,10.57576,9,Bienrode-Waggum-Bevenrode  Brunswick  Germany,research
marone,inat177723882,2023-08-10,52.52202,10.39621,,38539 Müden (Aller)  Deutschland,research
marone,inat178665820,2023-08-15,52.52019,10.38092,,Dieckhorst  38539 Müden (Aller)  Deutschland,research
marone,inat179012187,2023-08-18,52.51952,10.38789,,38539 Müden (Aller)  Deutschland,research
marone,inat179024656,2023-08-18,52.51536,10.39127,,38539 Müden (Aller)  Deutschland,research
marone,inat186155209,2023-10-04,52.41375,10.37552,395,38543 Hillerse  Deutschland,research
marone,inat186832896,2023-10-08,52.29779,10.36413,19,38159 Vechelde  Deutschland,research
marone,inat188493729,2023-10-21,52.30378,10.35378,16,38159 Vechelde  Deutschland,research
marone,inat189510315,2023-10-29,52.45521,10.81233,,Tiergartenbreite  38448 Wolfsburg  Deutschland,research
marone,inat189511340,2023-10-29,52.45825,10.81755,,Tiergartenbreite  38448 Wolfsburg  Deutschland,research
marone,inat189594213,2023-10-30,52.2983,10.35208,15,38159 Vechelde  Deutschland,research
marone,inat190788672,2023-11-12,52.18855,10.7486,,38170 Kneitlingen  Germany,research
marone,inat373935557,2026-06-21,52.8482,10.28282,4,Altensothriethweg  Südheide  Lower Saxony  DE,research
pfifferling,inat8185623,2017-09-30,52.20024,10.75394,30,Naturpark Elm-Lappwald  Kneitlingen  Niedersachsen  DE,research
pfifferling,inat177475953,2023-08-02,52.26826,10.5518,157,Östliches Ringgebiet  Braunschweig  Deutschland,research
pfifferling,inat230148631,2024-07-18,52.2357,10.78067,,38154 Königslutter  Deutschland,research
birkenpilz,inat4457979,2016-10-29,52.26756,10.60333,44,NSG Riddagshausen,research
birkenpilz,inat8256030,2017-10-01,52.27324,10.59281,45,NSG Riddagshausen,research
birkenpilz,inat33808283,2019-10-03,52.72045,10.47076,12,Gifhorn  DE-NI  DE,research
birkenpilz,inat60166355,2020-09-17,52.63957,10.57393,5,29399 Wahrenholz  Deutschland,needs_id
birkenpilz,inat65341895,2020-11-21,52.07284,10.35811,174,Salzgitter-Bad Waldfriedhof,research
birkenpilz,inat91314364,2021-08-15,52.09362,10.34327,9,38229 Salzgitter  Deutschland,research
birkenpilz,inat93374889,2021-09-02,52.2778,10.45484,91,38116 Braunschweig  Deutschland,needs_id
birkenpilz,inat96248585,2021-09-26,52.27243,10.45028,20,38116 Braunschweig  Deutschland,research
birkenpilz,inat97463066,2021-10-07,52.26511,10.53269,10,38100 Brunswick  Germany,needs_id
birkenpilz,inat137779912,2022-10-04,52.70218,10.25824,,Scharnhorst  29348 Eschede  Deutschland,research
birkenpilz,inat137891902,2022-10-07,52.26224,10.58847,27,Grüner Jäger  38104 Braunschweig  Deutschland,research
birkenpilz,inat138183754,2022-10-09,52.22256,10.58965,,38302 Wolfenbüttel  Germany,research
birkenpilz,inat138518793,2022-10-12,52.26293,10.62846,,38162 Cremlingen  Deutschland,needs_id
birkenpilz,inat139023335,2022-10-16,52.23318,10.73832,30,38162 Cremlingen  Germany,needs_id
birkenpilz,inat185796561,2023-10-01,52.46318,10.81193,,Tiergartenbreite  38448 Wolfsburg  Deutschland,research
birkenpilz,inat186037966,2023-10-03,52.27247,10.44992,20,38116 Braunschweig  Deutschland,research
birkenpilz,inat186851434,2023-10-09,52.61731,10.12074,7,29227 Celle  Deutschland,needs_id
birkenpilz,inat187108311,2023-10-10,52.3003,10.34514,4,Vechelde  Niedersachsen  DE,needs_id
birkenpilz,inat187873967,2023-10-15,52.50375,10.69901,43,Bokensdorf  Niedersachsen  DE,research
birkenpilz,inat247011339,2024-10-12,52.26209,11.12025,8,Bartensleben  39343 Erxleben  Germany,research
birkenpilz,inat248027968,2024-10-18,52.2235,10.54153,50,Greifswaldstraße  Брауншвейг  Нижняя Саксония  DE,needs_id
birkenpilz,inat249227643,2024-10-26,52.71569,10.46275,6,29367 Steinhorst  Germany,needs_id
birkenpilz,inat255026687,2024-11-16,52.77342,10.27014,,29348 Eschede  Deutschland,needs_id
birkenpilz,inat303732801,2025-08-04,52.2265,10.54551,89,Heidbergstieg  Брауншвейг  Нижняя Саксония  DE,needs_id
birkenpilz,inat320598409,2025-10-13,52.18343,10.98606,,38 Büddenstedt  Deutschland,needs_id
birkenpilz,inat322377486,2025-10-22,52.17331,10.46739,,38239 Salzgitter  Deutschland,needs_id
schwefelporling,inat11494256,2018-04-27,52.29235,10.50112,19,Braunschweig  DE-NI  DE,research
schwefelporling,inat11494274,2018-04-27,52.29383,10.50275,14,Braunschweig  DE-NI  DE,research
schwefelporling,inat12416831,2018-05-13,52.27113,10.57769,15,Wabe-Schunter  Braunschweig  Germany,research
schwefelporling,inat14268183,2018-07-11,52.27226,10.58141,15,NSG Riddagshausen  Braunschweig  Deutschland,research
schwefelporling,inat15048201,2018-07-30,52.27242,10.57826,10,NSG Riddagshausen  Braunschweig  Deutschland,research
schwefelporling,inat16144253,2018-09-02,52.23852,10.62674,20,Unnamed Road  38173 Sickte  Deutschland,research
schwefelporling,inat17499016,2018-10-14,52.25482,10.52387,8,Hennebergbrücke  Oker   Braunschweig  Deutschland,research
schwefelporling,inat18485031,2017-06-06,52.16152,10.55054,5,38300  Wolfenbüttel  Niedersachsen  DE,research
schwefelporling,inat33198425,2019-09-22,52.06329,10.3887,20,38259 Salzgitter  Deutschland,needs_id
schwefelporling,inat33358278,2019-09-24,52.25062,10.49377,5,Weststadt  Braunschweig  Deutschland,research
schwefelporling,inat34377100,2019-10-12,52.26912,10.51731,5,Okerstraße  Braunschweig  Niedersachsen  DE,research
schwefelporling,inat36016931,2019-11-24,52.24945,10.52708,27,38102 Braunschweig  Deutschland,research
schwefelporling,inat36800578,2019-12-20,52.23113,10.51555,7,Heidberg-Melverode  Braunschweig  Deutschland,research
schwefelporling,inat37076326,2019-12-29,52.10691,10.37393,10,38229 Salzgitter  Deutschland,research
schwefelporling,inat37130625,2019-12-31,52.26404,10.55983,11,Östliches Ringgebiet  Braunschweig  Deutschland,research
schwefelporling,inat40701810,2019-08-18,52.14796,10.66687,,Dorfstraße  Dettum  Niedersachsen  DE,research
schwefelporling,inat43983786,2020-04-27,52.08924,10.44644,9,38259 Salzgitter  Germany,research
schwefelporling,inat44616158,2020-05-02,52.29617,10.54926,16,Schunteraue  Brunswick  Germany,research
schwefelporling,inat46479206,2020-05-19,52.28339,10.46983,,38116 Braunschweig  Deutschland,research
schwefelporling,inat48635465,2020-06-06,52.28924,10.50308,24,Ölpersee  Braunschweig  Niedersachsen  DE,research
schwefelporling,inat48948502,2020-06-08,52.26545,10.53303,60,38100 Brunswick  Germany,research
schwefelporling,inat49017701,2020-06-09,52.57223,10.67471,10,Am Charlottenhof  Sassenburg  Niedersachsen  DE,research
schwefelporling,inat56732271,2020-08-17,52.27724,10.45515,,38116 Braunschweig  Deutschland,research
schwefelporling,inat59045775,2020-09-09,52.27699,10.4583,9,38116 Braunschweig  Deutschland,research
schwefelporling,inat60317493,2020-09-21,52.30825,10.58393,5,Hondelage  Braunschweig  Deutschland,research
schwefelporling,inat64240555,2020-11-05,52.21422,10.51128,6,Stöckheim-Leiferde  Braunschweig  Deutschland,research
schwefelporling,inat67463511,2021-01-02,52.22423,10.51466,220,Stöckheim-Leiferde  Braunschweig  Deutschland,research
schwefelporling,inat80273853,2021-05-25,52.26054,10.45855,15,Raffteiche  Unnamed Road  38120 Braunschweig  Deutschland,research
schwefelporling,inat80842513,2021-05-29,52.27131,10.57792,5,Braunschweig Nehrkornweg  38104 Braunschweig  Deutschland,research
schwefelporling,inat82037240,2021-06-07,52.26878,10.53219,,38100 Brunswick  Germany,research
schwefelporling,inat82511197,2021-06-10,52.23459,10.51829,,Heidberg-Melverode  Braunschweig  Deutschland,research
schwefelporling,inat83115691,2021-06-15,52.25055,10.4937,3,Weststadt  Braunschweig  Deutschland,research
schwefelporling,inat83134474,2021-06-15,52.23448,10.51836,,Heidberg-Melverode  Brunswick  Germany,research
schwefelporling,inat91752272,2021-08-19,52.20852,10.51228,4,Stöckheim-Leiferde  Braunschweig  Deutschland,research
schwefelporling,inat91752845,2021-08-19,52.20798,10.51233,3,Hahnenkamp  Leiferde  38124 Braunschweig  Deutschland,research
schwefelporling,inat93279388,2021-09-01,52.33001,10.4176,19,Wendeburg  38176 Wendeburg  Deutschland,research
schwefelporling,inat94843122,2021-09-14,52.21417,10.50942,10,Stöckheim-Leiferde  Braunschweig  Deutschland,research
schwefelporling,inat96248532,2021-09-26,52.2759,10.41306,27,38159 Vechelde  Deutschland,research
schwefelporling,inat104702575,2022-01-10,52.26601,10.39841,8,Vechelde  Niedersachsen  DE,research
schwefelporling,inat116596742,2022-05-05,52.2849,10.51001,305,Ölper  38114 Braunschweig  Deutschland,research
schwefelporling,inat116596973,2022-05-09,52.28388,10.51239,79,Ölper  38114 Braunschweig  Deutschland,research
schwefelporling,inat116891550,2022-05-13,52.27132,10.56738,9,Wabe-Schunter-Beberbach  Brunswick  Germany,research
schwefelporling,inat116944177,2022-05-14,52.27127,10.56714,,Braunschweig  Niedersachsen  Germany,research
schwefelporling,inat118032757,2022-05-21,52.32927,10.71353,20,Lehre  38165 Lehre  Germany,research
schwefelporling,inat118483339,2022-05-22,52.25196,10.51246,10,Westliches Ringgebiet  Braunschweig  Deutschland,research
schwefelporling,inat118682342,2022-05-25,52.27974,10.4735,20,38116 Braunschweig  Deutschland,research
schwefelporling,inat118890684,2022-05-25,52.28331,10.47488,164,38116 Braunschweig  Deutschland,research
schwefelporling,inat119045041,2022-05-28,52.26825,10.54758,,Östliches Ringgebiet  Brunswick  Germany,research
schwefelporling,inat119454344,2022-05-30,52.28876,10.50092,,Braunschweig  Niedersachsen  Germany,research
schwefelporling,inat126179896,2022-07-13,52.27208,10.57883,64,Wabe-Schunter-Beberbach  Braunschweig  Deutschland,research
schwefelporling,inat128773801,2022-07-30,52.27236,10.57845,15,Wabe-Schunter-Beberbach  Braunschweig  Deutschland,research
schwefelporling,inat129111961,2022-08-02,52.27265,10.58122,,Braunschweig  Niedersachsen  Germany,research
schwefelporling,inat129159042,2022-08-02,52.27267,10.57981,93,Wabe-Schunter-Beberbach  Braunschweig  Deutschland,research
schwefelporling,inat129699567,2022-08-06,52.06893,10.52826,24,Oderwald  Schladen-Werla  Niedersachsen  DE,research
schwefelporling,inat131628002,2022-08-20,52.60559,10.9323,,Brome 38465  38465 Brome  Deutschland,research
schwefelporling,inat131959024,2022-08-21,52.32377,10.45933,,Veltenhof-Rühme  Braunschweig  Deutschland,research
schwefelporling,inat134973164,2022-09-14,52.28834,10.32617,5,Vechelde  Niedersachsen  DE,research
schwefelporling,inat135138879,2022-09-15,52.25224,10.45315,19,38120 Braunschweig  Deutschland,research
schwefelporling,inat135229149,2022-09-16,52.44931,10.66486,32,Barnbruch  Wolfsburg  Lower Saxony  DE,research
schwefelporling,inat136575397,2022-09-26,52.28012,10.47088,146,38116 Braunschweig  Deutschland,research
schwefelporling,inat136675398,2022-08-25,52.58149,10.18429,35,Wienhausen Abbey  Wienhausen  Niedersachsen  DE,research
schwefelporling,inat137180577,2022-10-01,52.2756,10.58022,12,Wabe-Schunter-Beberbach  Brunswick  Germany,research
schwefelporling,inat137458890,2022-10-03,52.27599,10.57673,12,Wabe-Schunter-Beberbach  Brunswick  Germany,research
schwefelporling,inat140645531,2022-10-31,52.22569,10.51518,6,Am Zoo  Braunschweig  Lower Saxony  DE,research
schwefelporling,inat162705988,2023-03-24,52.06287,10.38877,5,38259 Salzgitter  Deutschland,needs_id
schwefelporling,inat162912948,2023-05-21,52.25037,10.52642,35,Friedrich-Kreiß-Weg  Braunschweig  Niedersachsen  DE,research
schwefelporling,inat164399979,2023-05-28,52.14398,10.7259,9,38170 Schöppenstedt  Germany,research
schwefelporling,inat164416949,2023-05-29,52.24492,10.49826,12,Braunschweig An den Gärtnerhöfen  38120 Braunschweig  Deutsc,research
schwefelporling,inat164994818,2023-06-01,52.27977,10.75831,,Königslutter am Elm  38154 Königslutter am Elm  Deutschland,research
schwefelporling,inat167566994,2023-06-15,52.26902,10.53211,29,38100 Braunschweig  Deutschland,research
schwefelporling,inat167708529,2023-06-16,52.2621,10.46377,15,7F66+MC  38120 Braunschweig  Deutschland,research
schwefelporling,inat179730491,2023-08-21,52.22944,10.51278,,Heidberg-Melverode  Braunschweig  Deutschland,research
schwefelporling,inat179988362,2023-08-21,52.22956,10.51275,7,Heidberg-Melverode  Braunschweig  Deutschland,research
schwefelporling,inat182546715,2023-09-09,52.27238,10.58106,7,Wabe-Schunter-Beberbach  Braunschweig  Germany,research
schwefelporling,inat185307213,2023-09-28,52.2712,10.57797,14,Braunschweig Nehrkornweg  38104 Braunschweig  Deutschland,research
schwefelporling,inat189494743,2023-10-30,52.28794,10.35802,20,38159 Vechelde  Deutschland,research
schwefelporling,inat200400176,2023-08-13,52.5958,10.13903,4,Osterloher Landstraße  Celle  Niedersachsen  DE,research
schwefelporling,inat209284560,2024-04-25,52.2932,10.53246,,Siegfriedviertel  38 Braunschweig-Nordstadt  Deutschland,research
schwefelporling,inat213157032,2024-05-03,52.27127,10.56721,16,38 Braunschweig-Wabe-Schunter-Beberbach  Deutschland,research
schwefelporling,inat213651532,2024-05-05,52.29961,10.53194,29,7GXJ+J7 Schunterbrücke Butterberg  38108 Braunschweig  Deuts,research
schwefelporling,inat213968633,2024-05-06,52.38336,10.53002,,38527 Meine  Deutschland,research
schwefelporling,inat214398846,2024-05-08,52.29008,10.58768,16,38 Braunschweig-Volkmarode  Deutschland,research
schwefelporling,inat214982042,2024-05-10,52.3275,10.58386,,38 Braunschweig-Bienrode-Waggum-Bevenrode  Germany,research
schwefelporling,inat215324047,2024-05-12,52.14117,10.42947,5,38239 Salzgitter  Deutschland,research
schwefelporling,inat215760487,2024-04-27,52.2713,10.56724,,38 Braunschweig-Wabe-Schunter-Beberbach  Deutschland,research
schwefelporling,inat216572416,2024-05-18,52.30426,10.33504,34,31224 Peine-Essinghausen  Deutschland,research
schwefelporling,inat217462084,2024-05-22,52.27537,10.51312,,38114 Braunschweig  Deutschland,research
schwefelporling,inat218217669,2024-05-25,52.2504,10.52641,,38102 Braunschweig  Deutschland,research
schwefelporling,inat219530727,2024-05-31,52.61464,10.24928,,29331 Lachendorf  Deutschland,research
schwefelporling,inat234003899,2024-08-05,52.2717,10.59812,20,7HFX+5Q Naturerlebnisstation Wasserbüffel  38104 Braunschwei,research
schwefelporling,inat245741924,2024-10-05,52.44776,10.45533,,38542 Leiferde  Deutschland,research
schwefelporling,inat251061922,2024-11-09,52.27182,10.59815,5,7HFX+5Q Naturerlebnisstation Wasserbüffel  38104 Braunschwei,research
schwefelporling,inat279751921,2025-05-09,52.25465,10.45756,7,38120 Braunschweig  Deutschland,research
schwefelporling,inat284013717,2025-05-25,52.2599,10.45913,32,7F65+37  38120 Braunschweig  Deutschland,research
schwefelporling,inat305024975,2025-08-09,52.28884,10.50212,35,Ölper  38114 Braunschweig-Lehndorf-Watenbüttel  Deutschland,research
schwefelporling,inat307693940,2025-08-19,52.16798,10.31625,12,Lebenstedt  Salzgitter  Niedersachsen  DE,research
schwefelporling,inat309036742,2025-08-25,52.44785,10.45533,,38542 Leiferde  Deutschland,research
schwefelporling,inat312438414,2025-09-08,52.27126,10.56664,9,Walkholzweg  Braunschweig  Lower Saxony  DE,research
schwefelporling,inat313843310,2025-09-14,52.30342,10.47173,10,38112 Braunschweig  Germany,research
schwefelporling,inat314046662,2025-09-14,52.22704,10.56114,118,38126 Braunschweig-Südstadt-Rautheim-Mascherode  Deutschland,research
schwefelporling,inat314314951,2025-09-16,52.25472,10.52418,27,38102 Braunschweig  Deutschland,research
schwefelporling,inat314337672,2025-09-16,52.26993,10.57465,,Riddagshausen  38104 Braunschweig-Wabe-Schunter-Beberbach  D,research
schwefelporling,inat319388343,2025-10-07,52.24892,10.44349,15,38120 Braunschweig  Deutschland,research
schwefelporling,inat322269595,2025-09-15,52.48132,10.73777,27,Tappenbeck  Niedersachsen  DE,research
schwefelporling,inat322270295,2025-09-14,52.38925,10.7227,80,Hohnstedter Holz und Wilshop  Wolfsburg  Niedersachsen  DE,research
schwefelporling,inat329695348,2025-12-06,52.18239,10.54055,11,38302 Wolfenbüttel-Ahlum  Deutschland,needs_id
schwefelporling,inat340036879,2026-02-24,52.07576,10.45381,75,38259 Salzgitter  Deutschland,needs_id
schwefelporling,inat345109598,2026-03-25,52.33234,10.59381,,38 Braunschweig-Hondelage  Deutschland,needs_id
schwefelporling,inat349603087,2024-05-14,52.16368,11.10679,197,5483+8Q  39365 Sommersdorf  Deutschland,research
schwefelporling,inat352924417,2026-04-24,52.25513,10.45792,43,Braunschweig  Raffteichbad  38120 Braunschweig  Deutschland,research
schwefelporling,inat356426687,2026-04-16,52.25753,10.53765,11,Willy-Brandt-Platz - Braunschweig  38102 Braunschweig  Deuts,needs_id
schwefelporling,inat358599055,2026-05-05,52.26602,10.48656,14,38118 Braunschweig-Westliches Ringgebiet  Deutschland,research
schwefelporling,inat359925020,2026-05-09,52.27125,10.56722,7,Kreuzteich  38104 Braunschweig  Germany,research
schwefelporling,inat359972939,2026-05-09,52.27125,10.56727,,Kreuzteich  38104 Braunschweig  Deutschland,research
schwefelporling,inat363673391,2026-05-21,52.28876,10.51057,61,Braunschweig  Weizenbleek  38112 Braunschweig  Deutschland,research
schwefelporling,inat365032007,2026-05-25,52.25963,10.56827,3,Viewegsgarten-Bebelhof  Braunschweig  Niedersachsen  DE,research
schwefelporling,inat368052802,2026-06-03,52.31345,10.59001,10,38 Braunschweig-Hondelage  Deutschland,research
schwefelporling,inat369049563,2026-05-31,52.2769,10.55704,4,Grünewaldstraße  Braunschweig  Lower Saxony  DE,research
schwefelporling,inat369274904,2026-06-07,52.1487,10.93943,12,Schöningen  38364 Schöningen  Deutschland,research
schwefelporling,inat370931968,2026-06-12,52.26969,10.54569,84,Braunschweig  Nußberg  38104 Braunschweig  Deutschland,research
schwefelporling,inat373685908,2026-06-15,52.27258,10.52305,8,Am Gaußberg  Braunschweig  Lower Saxony  DE,research
parasol,inat1968149,2015-09-20,52.26294,10.55617,50,Braunschweig,research
parasol,inat4370258,2016-10-16,52.31741,10.45203,5,Braunschweig  DE-NI  DE,research
parasol,inat6979962,2017-07-09,52.46533,10.47887,5,Gifhorn  DE-NI  DE,needs_id
parasol,inat34248588,2019-10-12,52.2736,10.60133,35,NSG Riddagshausen  Schapen  Braunschweig  Deutschland,research
parasol,inat34379165,2019-10-13,52.2559,10.59863,24,Wabe-Schunter  Braunschweig  Deutschland,research
parasol,inat34591101,2019-10-19,52.16558,10.53953,5,Rosengasse  Wolfenbüttel  Niedersachsen  DE,research
parasol,inat35494840,2019-11-08,52.27997,10.46448,25,Braunschweig  DE-NI  DE,research
parasol,inat52667823,2019-10-02,52.76521,10.16576,489,Naturpark Südheide  Eschede  Niedersachsen  DE,needs_id
parasol,inat62657330,2020-10-15,52.26133,10.46452,4,Weststadt  Braunschweig  Deutschland,research
parasol,inat63007321,2020-10-19,52.33672,10.47315,10,Schwülper  Niedersachsen  DE,research
parasol,inat93619865,2021-09-04,52.84988,10.65387,,29389 Bad Bodenteich  Deutschland,research
parasol,inat93649363,2021-09-04,52.71708,10.47298,12,29367 Steinhorst  Germany,research
parasol,inat93649493,2021-09-04,52.71566,10.47236,18,29367 Steinhorst  Germany,research
parasol,inat93735998,2021-09-05,52.3086,10.47793,49,Veltenhof-Rühme  Braunschweig  Deutschland,needs_id
parasol,inat94114139,2021-09-08,52.29213,10.33415,22,Vechelde  Niedersachsen  DE,needs_id
parasol,inat94467871,2021-09-11,52.50549,10.70332,8,Unter den Eichen  Bokensdorf  Niedersachsen  DE,research
parasol,inat96206236,2020-11-15,52.30206,10.49922,25,Veltenhof-Rühme  Brunswick  Germany,research
parasol,inat97778207,2021-10-10,52.30807,10.47768,15,38112 Braunschweig  neben VW-Halle  9  38112 Braunschweig  D,research
parasol,inat98624758,2021-10-16,52.5147,10.69876,7,Bokensdorf  Niedersachsen  DE,research
parasol,inat124021924,2021-08-13,52.27287,10.58127,19,Wabe-Schunter-Beberbach  Braunschweig  Deutschland,research
parasol,inat136329555,2022-09-24,52.45325,10.79568,,Tiergartenbreite  38448 Wolfsburg  Deutschland,research
parasol,inat136779609,2022-09-27,52.2514,10.46156,189,38120 Braunschweig  Deutschland,research
parasol,inat137144491,2022-10-01,52.39005,10.52653,6,38527 Meine  Deutschland,needs_id
parasol,inat137336801,2022-10-02,52.49874,10.70972,18,Bokensdorf  Niedersachsen  DE,research
parasol,inat137516637,2022-10-04,52.39521,10.5244,8,38531 Rötgesbüttel  Deutschland,research
parasol,inat138096573,2022-10-09,52.16739,10.80902,,38170 Schöppenstedt  Deutschland,research
parasol,inat138686470,2022-10-09,52.16743,10.80913,,38170 Schöppenstedt  Deutschland,research
parasol,inat139122164,2022-10-17,52.25304,10.44792,20,38120 Braunschweig  Deutschland,research
parasol,inat176952481,2023-08-06,52.40394,10.33615,32,Edemissen  31234 Edemissen  Deutschland,needs_id
parasol,inat177496486,2023-08-08,52.23795,10.52325,28,Braunschweig  DE-NI  DE,research
parasol,inat177501128,2023-08-09,52.41234,10.3283,25,Rietze Ortsmitte  31234 Edemissen  Deutschland,research
parasol,inat177549675,2023-08-09,52.3141,10.46589,15,Veltenhof-Rühme  Braunschweig  Deutschland,research
parasol,inat178362738,2023-08-14,52.51224,10.3854,,38539 Müden (Aller)  Deutschland,research
parasol,inat179145001,2023-08-19,52.42425,10.80909,4,Drosselweg  Wolfsburg  Niedersachsen  DE,needs_id
parasol,inat179198434,2023-08-19,52.40684,10.51078,6,Rötgesbüttel  Nedersaksen  DE,research
parasol,inat185012736,2023-09-26,52.43116,10.32163,100,Edemissen  31234 Edemissen  Deutschland,research
parasol,inat185566866,2023-09-30,52.41122,10.46608,9,38551 Ribbesbüttel  Deutschland,research
parasol,inat187218303,2023-10-11,52.25846,10.58073,13,7H5J+CC  38104 Braunschweig  Deutschland,research
parasol,inat187409881,2023-10-13,52.27273,10.58111,6,Wabe-Schunter-Beberbach  Braunschweig  Germany,research
parasol,inat187423601,2023-10-13,52.27267,10.58112,,Wabe-Schunter-Beberbach  Braunschweig  Germany,research
parasol,inat187504085,2023-10-14,52.2588,10.58078,9,7H5J+CC  38104 Braunschweig  Germany,needs_id
parasol,inat188408682,2023-10-21,52.27037,10.5809,15,Wabe-Schunter-Beberbach  Braunschweig  Germany,needs_id
parasol,inat188999044,2023-10-26,52.61614,10.3461,7,Celle  DE-NI  DE,needs_id
parasol,inat189215214,2023-10-28,52.2729,10.58141,3,Wabe-Schunter-Beberbach  Braunschweig  Deutschland,research
parasol,inat192375592,2023-11-27,52.30261,10.62291,31,Volkmarode  Braunschweig  Deutschland,needs_id
parasol,inat198808156,2021-09-17,52.28094,10.59203,,38 Braunschweig-Volkmarode  Deutschland,needs_id
parasol,inat221796840,2024-06-10,52.33814,10.46098,6,38179 Schwülper  Deutschland,needs_id
parasol,inat245537747,2024-10-04,52.22226,10.44064,,38120 Braunschweig  Deutschland,needs_id
parasol,inat246775284,2024-10-11,52.30264,10.55259,14,38 Braunschweig-Wabe-Schunter-Beberbach  Deutschland,needs_id
parasol,inat246987341,2024-10-12,52.29273,10.62892,31,38 Braunschweig-Volkmarode  Deutschland,research
parasol,inat246987342,2024-10-12,52.29686,10.62448,31,38 Braunschweig-Volkmarode  Deutschland,research
parasol,inat247010090,2024-10-12,52.26403,11.10482,7,Bartensleben  39343 Erxleben  Germany,research
parasol,inat247125205,2024-10-13,52.38255,10.41241,40,Neubrücker Weg  Didderse  Lower Saxony  DE,needs_id
parasol,inat248643097,2024-10-20,52.44731,10.62536,,38550 Isenbüttel  Deutschland,needs_id
parasol,inat259535582,2024-10-26,52.81243,10.14489,,Naturpark Südheide  Südheide  Lower Saxony  DE,needs_id
parasol,inat299299518,2025-07-19,52.29768,10.50556,,38 Braunschweig-Nordstadt  Deutschland,research
parasol,inat303718988,2025-08-04,52.29709,10.6252,28,38 Braunschweig-Volkmarode  Deutschland,needs_id
parasol,inat303718989,2025-08-04,52.29709,10.62515,61,38 Braunschweig-Volkmarode  Deutschland,needs_id
parasol,inat304540735,2025-08-07,52.29766,10.50559,,38 Braunschweig-Nordstadt  Deutschland,research
parasol,inat305255788,2025-08-08,52.61629,10.12176,15,Celle  Deutschland,needs_id
parasol,inat315048350,2025-09-19,52.30259,10.4828,14,38 Braunschweig-Veltenhof-Rühme  Deutschland,needs_id
parasol,inat320703382,2025-10-13,52.30964,10.49964,12,38 Braunschweig-Veltenhof-Rühme  Deutschland,needs_id
parasol,inat324509470,2025-11-02,52.1395,10.64924,4,38329 Wittmar  Deutschland,needs_id
