id,lat,lon,hoehe
W0001,52.05,10.1,206.0
W0002,52.05,10.1591,241.0
W0003,52.05,10.1886,143.0
W0004,52.05,10.2182,237.0
W0005,52.05,10.2477,142.0
W0006,52.05,10.2772,125.0
W0007,52.05,10.3363,169.0
W0008,52.05,10.3658,146.0
W0009,52.05,10.5135,99.0
W0010,52.05,10.6317,116.0
W0011,52.05,10.8089,85.0
W0012,52.068,10.1,166.0
W0013,52.068,10.1295,137.0
W0014,52.068,10.1591,144.0
W0015,52.068,10.1886,121.0
W0016,52.068,10.2182,206.0
W0017,52.068,10.3363,179.0
W0018,52.068,10.3658,219.0
W0019,52.068,10.3954,139.0
W0020,52.068,10.4249,131.0
W0021,52.068,10.5135,178.0
W0022,52.068,10.5431,138.0
W0023,52.086,10.1,206.0
W0024,52.086,10.1295,187.0
W0025,52.086,10.1886,131.0
W0026,52.086,10.2182,106.0
W0027,52.086,10.3363,201.0
W0028,52.086,10.3658,215.0
W0029,52.086,10.3954,109.0
W0030,52.086,10.5135,191.0
W0031,52.086,10.5431,106.0
W0032,52.086,10.5726,81.0
W0033,52.086,11.1338,130.0
W0034,52.1041,10.1295,114.0
W0035,52.1041,10.1591,98.0
W0036,52.1041,10.2182,130.0
W0037,52.1041,10.2477,149.0
W0038,52.1041,10.2772,234.0
W0039,52.1041,10.3068,159.0
W0040,52.1041,10.3363,218.0
W0041,52.1041,10.3658,122.0
W0042,52.1041,10.484,127.0
W0043,52.1041,10.5135,207.0
W0044,52.1041,10.5431,138.0
W0045,52.1221,10.1,142.0
W0046,52.1221,10.1295,162.0
W0047,52.1221,10.1591,155.0
W0048,52.1221,10.1886,101.0
W0049,52.1221,10.2182,98.0
W0050,52.1221,10.2477,123.0
W0051,52.1221,10.2772,188.0
W0052,52.1221,10.3068,165.0
W0053,52.1221,10.3363,129.0
W0054,52.1221,10.3954,91.0
W0055,52.1221,10.484,144.0
W0056,52.1221,10.5135,192.0
W0057,52.1221,10.5431,98.0
W0058,52.1221,10.5726,79.0
W0059,52.1221,10.6612,149.0
W0060,52.1221,10.6908,194.0
W0061,52.1221,10.9861,93.0
W0062,52.1221,11.0157,98.0
W0063,52.1221,11.0452,132.0
W0064,52.1401,10.1,169.0
W0065,52.1401,10.1295,127.0
W0066,52.1401,10.1591,198.0
W0067,52.1401,10.1886,143.0
W0068,52.1401,10.2182,119.0
W0069,52.1401,10.3658,101.0
W0070,52.1401,10.484,106.0
W0071,52.1401,10.5135,114.0
W0072,52.1401,10.5431,82.0
W0073,52.1401,10.5726,83.0
W0074,52.1401,10.6317,216.0
W0075,52.1401,10.6612,229.0
W0076,52.1401,10.6908,99.0
W0077,52.1401,10.7203,105.0
W0078,52.1401,10.868,169.0
W0079,52.1401,10.8975,219.0
W0080,52.1401,10.9271,258.0
W0081,52.1401,10.9566,176.0
W0082,52.1401,11.0452,111.0
W0083,52.1581,10.3658,97.0
W0084,52.1581,10.3954,92.0
W0085,52.1581,10.4249,94.0
W0086,52.1581,10.484,92.0
W0087,52.1581,10.5135,84.0
W0088,52.1581,10.5431,96.0
W0089,52.1581,10.6317,92.0
W0090,52.1581,10.8384,230.0
W0091,52.1581,10.868,267.0
W0092,52.1581,10.8975,299.0
W0093,52.1581,10.9271,266.0
W0094,52.1581,10.9566,130.0
W0095,52.1581,10.9861,135.0
W0096,52.1581,11.0157,151.0
W0097,52.1581,11.0452,116.0
W0098,52.1581,11.1043,207.0
W0099,52.1761,10.2182,152.0
W0100,52.1761,10.3658,97.0
W0101,52.1761,10.4249,88.0
W0102,52.1761,10.4545,113.0
W0103,52.1761,10.484,93.0
W0104,52.1761,10.5431,89.0
W0105,52.1761,10.7794,217.0
W0106,52.1761,10.8089,242.0
W0107,52.1761,10.8384,225.0
W0108,52.1761,10.868,233.0
W0109,52.1761,10.8975,214.0
W0110,52.1761,10.9271,151.0
W0111,52.1761,10.9566,121.0
W0112,52.1761,10.9861,93.0
W0113,52.1761,11.0157,123.0
W0114,52.1761,11.0452,148.0
W0115,52.1761,11.1043,215.0
W0116,52.1941,10.1,85.0
W0117,52.1941,10.3068,78.0
W0118,52.1941,10.3363,87.0
W0119,52.1941,10.5431,112.0
W0120,52.1941,10.6317,90.0
W0121,52.1941,10.6908,135.0
W0122,52.1941,10.7203,190.0
W0123,52.1941,10.7498,341.0
W0124,52.1941,10.7794,282.0
W0125,52.1941,10.8089,299.0
W0126,52.1941,10.8384,249.0
W0127,52.1941,10.868,168.0
W0128,52.1941,10.9271,130.0
W0129,52.1941,10.9566,133.0
W0130,52.1941,11.0452,141.0
W0131,52.1941,11.0747,206.0
W0132,52.1941,11.1043,174.0
W0133,52.2122,10.3363,93.0
W0134,52.2122,10.5431,93.0
W0135,52.2122,10.5726,110.0
W0136,52.2122,10.6021,82.0
W0137,52.2122,10.7203,276.0
W0138,52.2122,10.7498,248.0
W0139,52.2122,10.7794,323.0
W0140,52.2122,10.8089,301.0
W0141,52.2122,10.8384,233.0
W0142,52.2122,10.8975,151.0
W0143,52.2122,10.9271,120.0
W0144,52.2122,10.9566,147.0
W0145,52.2122,10.9861,130.0
W0146,52.2122,11.0157,80.0
W0147,52.2122,11.0452,178.0
W0148,52.2122,11.0747,188.0
W0149,52.2122,11.1043,134.0
W0150,52.2122,11.1338,117.0
W0151,52.2302,10.5431,93.0
W0152,52.2302,10.5726,110.0
W0153,52.2302,10.6021,79.0
W0154,52.2302,10.6317,111.0
W0155,52.2302,10.6612,128.0
W0156,52.2302,10.7203,200.0
W0157,52.2302,10.7498,267.0
W0158,52.2302,10.7794,297.0
W0159,52.2302,10.8089,230.0
W0160,52.2302,10.8384,181.0
W0161,52.2302,11.0157,134.0
W0162,52.2302,11.0452,188.0
W0163,52.2302,11.0747,175.0
W0164,52.2302,11.1043,113.0
W0165,52.2482,10.1591,88.0
W0166,52.2482,10.4545,102.0
W0167,52.2482,10.5135,74.0
W0168,52.2482,10.6317,89.0
W0169,52.2482,10.6612,122.0
W0170,52.2482,10.6908,130.0
W0171,52.2482,10.7498,200.0
W0172,52.2482,10.7794,202.0
W0173,52.2482,10.8089,143.0
W0174,52.2482,10.9566,104.0
W0175,52.2482,10.9861,127.0
W0176,52.2482,11.0157,175.0
W0177,52.2482,11.0452,177.0
W0178,52.2482,11.0747,161.0
W0179,52.2482,11.1043,108.0
W0180,52.2482,11.1338,127.0
W0181,52.2662,10.1886,80.0
W0182,52.2662,10.2477,82.0
W0183,52.2662,10.2772,98.0
W0184,52.2662,10.3068,77.0
W0185,52.2662,10.6021,104.0
W0186,52.2662,10.6317,83.0
W0187,52.2662,10.6612,115.0
W0188,52.2662,10.7203,130.0
W0189,52.2662,10.868,96.0
W0190,52.2662,10.8975,139.0
W0191,52.2662,10.9566,108.0
W0192,52.2662,10.9861,168.0
W0193,52.2662,11.0157,161.0
W0194,52.2662,11.0452,157.0
W0195,52.2662,11.0747,116.0
W0196,52.2662,11.1043,119.0
W0197,52.2662,11.1338,180.0
W0198,52.2842,10.1,74.0
W0199,52.2842,10.1886,87.0
W0200,52.2842,10.2477,72.0
W0201,52.2842,10.3363,92.0
W0202,52.2842,10.3658,73.0
W0203,52.2842,10.3954,82.0
W0204,52.2842,10.4545,90.0
W0205,52.2842,10.5135,70.0
W0206,52.2842,10.5431,73.0
W0207,52.2842,10.5726,79.0
W0208,52.2842,10.6021,86.0
W0209,52.2842,10.6317,107.0
W0210,52.2842,10.7203,104.0
W0211,52.2842,10.8089,109.0
W0212,52.2842,10.8384,100.0
W0213,52.2842,10.868,181.0
W0214,52.2842,10.8975,120.0
W0215,52.2842,11.0157,190.0
W0216,52.2842,11.0452,120.0
W0217,52.2842,11.0747,132.0
W0218,52.2842,11.1043,124.0
W0219,52.2842,11.1338,119.0
W0220,52.3023,10.1886,75.0
W0221,52.3023,10.2772,74.0
W0222,52.3023,10.3068,79.0
W0223,52.3023,10.3363,92.0
W0224,52.3023,10.3658,69.0
W0225,52.3023,10.4249,81.0
W0226,52.3023,10.5431,78.0
W0227,52.3023,10.5726,80.0
W0228,52.3023,10.6317,81.0
W0229,52.3023,10.6612,88.0
W0230,52.3023,10.6908,117.0
W0231,52.3023,10.7203,100.0
W0232,52.3023,10.8089,94.0
W0233,52.3023,10.8384,97.0
W0234,52.3023,10.868,112.0
W0235,52.3023,10.8975,111.0
W0236,52.3023,10.9271,137.0
W0237,52.3023,10.9861,150.0
W0238,52.3023,11.0157,104.0
W0239,52.3023,11.0452,88.0
W0240,52.3023,11.0747,131.0
W0241,52.3023,11.1043,101.0
W0242,52.3023,11.1338,163.0
W0243,52.3203,10.2182,72.0
W0244,52.3203,10.3068,88.0
W0245,52.3203,10.3363,73.0
W0246,52.3203,10.5726,88.0
W0247,52.3203,10.6021,85.0
W0248,52.3203,10.6317,75.0
W0249,52.3203,10.6612,89.0
W0250,52.3203,10.6908,87.0
W0251,52.3203,10.7203,118.0
W0252,52.3203,10.7498,102.0
W0253,52.3203,10.8384,126.0
W0254,52.3203,10.868,114.0
W0255,52.3203,10.9271,168.0
W0256,52.3203,10.9566,164.0
W0257,52.3203,10.9861,127.0
W0258,52.3203,11.0452,133.0
W0259,52.3383,10.1,68.0
W0260,52.3383,10.1295,84.0
W0261,52.3383,10.3363,91.0
W0262,52.3383,10.3658,76.0
W0263,52.3383,10.484,70.0
W0264,52.3383,10.5135,70.0
W0265,52.3383,10.5726,86.0
W0266,52.3383,10.6021,112.0
W0267,52.3383,10.6317,93.0
W0268,52.3383,10.6612,83.0
W0269,52.3383,10.6908,78.0
W0270,52.3383,10.7203,111.0
W0271,52.3383,10.7498,96.0
W0272,52.3383,10.868,121.0
W0273,52.3383,10.8975,144.0
W0274,52.3383,10.9271,120.0
W0275,52.3383,10.9566,107.0
W0276,52.3383,10.9861,112.0
W0277,52.3383,11.1043,102.0
W0278,52.3383,11.1338,120.0
W0279,52.3563,10.1,82.0
W0280,52.3563,10.1295,68.0
W0281,52.3563,10.2772,70.0
W0282,52.3563,10.3068,84.0
W0283,52.3563,10.3363,68.0
W0284,52.3563,10.3658,67.0
W0285,52.3563,10.4249,64.0
W0286,52.3563,10.484,85.0
W0287,52.3563,10.5135,99.0
W0288,52.3563,10.5726,81.0
W0289,52.3563,10.6021,93.0
W0290,52.3563,10.6317,98.0
W0291,52.3563,10.6612,104.0
W0292,52.3563,10.6908,96.0
W0293,52.3563,10.8089,102.0
W0294,52.3563,10.8384,110.0
W0295,52.3563,10.868,134.0
W0296,52.3563,10.9861,117.0
W0297,52.3563,11.0157,83.0
W0298,52.3563,11.0452,84.0
W0299,52.3563,11.0747,94.0
W0300,52.3563,11.1043,103.0
W0301,52.3563,11.1338,105.0
W0302,52.3743,10.1,64.0
W0303,52.3743,10.1886,68.0
W0304,52.3743,10.3068,71.0
W0305,52.3743,10.3363,87.0
W0306,52.3743,10.3658,63.0
W0307,52.3743,10.3954,63.0
W0308,52.3743,10.4249,71.0
W0309,52.3743,10.5135,79.0
W0310,52.3743,10.5726,77.0
W0311,52.3743,10.6612,90.0
W0312,52.3743,10.6908,73.0
W0313,52.3743,10.7203,106.0
W0314,52.3743,10.7498,111.0
W0315,52.3743,10.7794,131.0
W0316,52.3743,10.8089,133.0
W0317,52.3743,10.8384,117.0
W0318,52.3743,10.868,136.0
W0319,52.3743,10.8975,90.0
W0320,52.3743,10.9861,84.0
W0321,52.3743,11.0157,95.0
W0322,52.3743,11.0452,76.0
W0323,52.3743,11.0747,73.0
W0324,52.3923,10.2182,62.0
W0325,52.3923,10.2477,77.0
W0326,52.3923,10.3363,63.0
W0327,52.3923,10.3658,76.0
W0328,52.3923,10.3954,61.0
W0329,52.3923,10.4545,78.0
W0330,52.3923,10.484,72.0
W0331,52.3923,10.5135,83.0
W0332,52.3923,10.6021,63.0
W0333,52.3923,10.6612,79.0
W0334,52.3923,10.6908,72.0
W0335,52.3923,10.7203,94.0
W0336,52.3923,10.7498,93.0
W0337,52.3923,10.7794,117.0
W0338,52.3923,10.8089,92.0
W0339,52.3923,10.868,84.0
W0340,52.3923,10.8975,106.0
W0341,52.3923,11.0157,68.0
W0342,52.3923,11.0452,69.0
W0343,52.3923,11.0747,97.0
W0344,52.4104,10.1,65.0
W0345,52.4104,10.1295,63.0
W0346,52.4104,10.1886,60.0
W0347,52.4104,10.2182,60.0
W0348,52.4104,10.2477,72.0
W0349,52.4104,10.2772,70.0
W0350,52.4104,10.3363,61.0
W0351,52.4104,10.3658,73.0
W0352,52.4104,10.4249,70.0
W0353,52.4104,10.4545,75.0
W0354,52.4104,10.484,64.0
W0355,52.4104,10.5135,66.0
W0356,52.4104,10.5431,69.0
W0357,52.4104,10.7498,89.0
W0358,52.4104,10.7794,80.0
W0359,52.4104,10.8089,68.0
W0360,52.4104,10.868,102.0
W0361,52.4104,10.8975,109.0
W0362,52.4104,10.9271,104.0
W0363,52.4104,10.9566,82.0
W0364,52.4104,11.0452,85.0
W0365,52.4284,10.1,60.0
W0366,52.4284,10.1295,73.0
W0367,52.4284,10.1591,61.0
W0368,52.4284,10.1886,62.0
W0369,52.4284,10.2182,58.0
W0370,52.4284,10.2477,57.0
W0371,52.4284,10.2772,59.0
W0372,52.4284,10.3068,62.0
W0373,52.4284,10.3363,65.0
W0374,52.4284,10.3658,57.0
W0375,52.4284,10.4545,64.0
W0376,52.4284,10.484,58.0
W0377,52.4284,10.5135,59.0
W0378,52.4284,10.5431,64.0
W0379,52.4284,10.5726,64.0
W0380,52.4284,10.6317,55.0
W0381,52.4284,10.6612,54.0
W0382,52.4284,10.7498,59.0
W0383,52.4284,10.868,61.0
W0384,52.4284,10.8975,85.0
W0385,52.4284,10.9271,64.0
W0386,52.4284,10.9566,61.0
W0387,52.4284,11.0157,61.0
W0388,52.4284,11.0452,70.0
W0389,52.4284,11.1338,56.0
W0390,52.4464,10.1,62.0
W0391,52.4464,10.1295,69.0
W0392,52.4464,10.1591,61.0
W0393,52.4464,10.2477,67.0
W0394,52.4464,10.2772,53.0
W0395,52.4464,10.3068,55.0
W0396,52.4464,10.3363,64.0
W0397,52.4464,10.3658,55.0
W0398,52.4464,10.3954,62.0
W0399,52.4464,10.4545,56.0
W0400,52.4464,10.484,53.0
W0401,52.4464,10.5135,53.0
W0402,52.4464,10.5431,65.0
W0403,52.4464,10.5726,61.0
W0404,52.4464,10.6021,56.0
W0405,52.4464,10.6317,70.0
W0406,52.4464,10.6612,54.0
W0407,52.4464,10.6908,69.0
W0408,52.4464,10.7203,66.0
W0409,52.4464,10.7794,60.0
W0410,52.4464,10.8089,68.0
W0411,52.4464,10.8975,57.0
W0412,52.4464,10.9271,59.0
W0413,52.4464,11.1043,65.0
W0414,52.4464,11.1338,64.0
W0415,52.4644,10.1,54.0
W0416,52.4644,10.1295,61.0
W0417,52.4644,10.1591,56.0
W0418,52.4644,10.1886,50.0
W0419,52.4644,10.2182,49.0
W0420,52.4644,10.2477,50.0
W0421,52.4644,10.2772,53.0
W0422,52.4644,10.3068,65.0
W0423,52.4644,10.3363,56.0
W0424,52.4644,10.3658,54.0
W0425,52.4644,10.3954,67.0
W0426,52.4644,10.4249,55.0
W0427,52.4644,10.4545,58.0
W0428,52.4644,10.484,70.0
W0429,52.4644,10.5135,69.0
W0430,52.4644,10.5431,57.0
W0431,52.4644,10.5726,59.0
W0432,52.4644,10.6021,54.0
W0433,52.4644,10.6317,63.0
W0434,52.4644,10.6612,68.0
W0435,52.4644,10.6908,72.0
W0436,52.4644,10.7794,71.0
W0437,52.4644,10.8089,84.0
W0438,52.4644,10.8384,70.0
W0439,52.4644,10.868,59.0
W0440,52.4644,10.8975,56.0
W0441,52.4644,10.9271,56.0
W0442,52.4644,10.9566,56.0
W0443,52.4644,11.0452,66.0
W0444,52.4644,11.1043,57.0
W0445,52.4644,11.1338,58.0
W0446,52.4824,10.1295,62.0
W0447,52.4824,10.1591,45.0
W0448,52.4824,10.1886,62.0
W0449,52.4824,10.2477,49.0
W0450,52.4824,10.2772,51.0
W0451,52.4824,10.3068,52.0
W0452,52.4824,10.3954,56.0
W0453,52.4824,10.4249,68.0
W0454,52.4824,10.4545,59.0
W0455,52.4824,10.484,55.0
W0456,52.4824,10.5135,54.0
W0457,52.4824,10.5726,56.0
W0458,52.4824,10.6021,54.0
W0459,52.4824,10.6317,53.0
W0460,52.4824,10.6612,64.0
W0461,52.4824,10.6908,64.0
W0462,52.4824,10.7203,68.0
W0463,52.4824,10.7794,60.0
W0464,52.4824,10.8089,66.0
W0465,52.4824,10.9566,56.0
W0466,52.4824,10.9861,58.0
W0467,52.4824,11.0157,67.0
W0468,52.4824,11.0452,56.0
W0469,52.5005,10.1,43.0
W0470,52.5005,10.1295,44.0
W0471,52.5005,10.1591,43.0
W0472,52.5005,10.1886,44.0
W0473,52.5005,10.2477,54.0
W0474,52.5005,10.2772,48.0
W0475,52.5005,10.3068,49.0
W0476,52.5005,10.3954,50.0
W0477,52.5005,10.4249,47.0
W0478,52.5005,10.4545,58.0
W0479,52.5005,10.484,56.0
W0480,52.5005,10.5135,64.0
W0481,52.5005,10.5431,58.0
W0482,52.5005,10.5726,62.0
W0483,52.5005,10.6021,54.0
W0484,52.5005,10.6612,78.0
W0485,52.5005,10.6908,86.0
W0486,52.5005,10.7203,74.0
W0487,52.5005,10.7498,78.0
W0488,52.5005,10.8089,67.0
W0489,52.5005,10.8384,84.0
W0490,52.5005,10.868,83.0
W0491,52.5005,10.8975,66.0
W0492,52.5005,10.9271,69.0
W0493,52.5005,10.9566,75.0
W0494,52.5005,10.9861,57.0
W0495,52.5005,11.1043,61.0
W0496,52.5185,10.1,55.0
W0497,52.5185,10.1295,42.0
W0498,52.5185,10.1591,51.0
W0499,52.5185,10.2477,46.0
W0500,52.5185,10.2772,47.0
W0501,52.5185,10.3068,47.0
W0502,52.5185,10.3954,65.0
W0503,52.5185,10.4249,61.0
W0504,52.5185,10.4545,52.0
W0505,52.5185,10.5135,62.0
W0506,52.5185,10.5431,57.0
W0507,52.5185,10.5726,70.0
W0508,52.5185,10.6021,55.0
W0509,52.5185,10.6317,56.0
W0510,52.5185,10.6612,81.0
W0511,52.5185,10.6908,89.0
W0512,52.5185,10.7203,91.0
W0513,52.5185,10.7498,80.0
W0514,52.5185,10.7794,82.0
W0515,52.5185,10.8384,85.0
W0516,52.5185,10.868,78.0
W0517,52.5185,10.8975,69.0
W0518,52.5185,10.9271,73.0
W0519,52.5185,10.9566,68.0
W0520,52.5185,10.9861,56.0
W0521,52.5185,11.0157,56.0
W0522,52.5365,10.1,54.0
W0523,52.5365,10.1295,42.0
W0524,52.5365,10.2182,43.0
W0525,52.5365,10.2477,59.0
W0526,52.5365,10.2772,47.0
W0527,52.5365,10.3068,47.0
W0528,52.5365,10.4545,56.0
W0529,52.5365,10.484,63.0
W0530,52.5365,10.5135,67.0
W0531,52.5365,10.5431,54.0
W0532,52.5365,10.5726,59.0
W0533,52.5365,10.6021,58.0
W0534,52.5365,10.6317,63.0
W0535,52.5365,10.6612,82.0
W0536,52.5365,10.6908,79.0
W0537,52.5365,10.7203,73.0
W0538,52.5365,10.7498,92.0
W0539,52.5365,10.7794,67.0
W0540,52.5365,10.8089,61.0
W0541,52.5365,10.9271,58.0
W0542,52.5365,10.9566,71.0
W0543,52.5365,11.0747,57.0
W0544,52.5365,11.1043,62.0
W0545,52.5545,10.2182,61.0
W0546,52.5545,10.2477,46.0
W0547,52.5545,10.3363,64.0
W0548,52.5545,10.3954,48.0
W0549,52.5545,10.4249,50.0
W0550,52.5545,10.4545,64.0
W0551,52.5545,10.484,76.0
W0552,52.5545,10.5135,63.0
W0553,52.5545,10.5431,56.0
W0554,52.5545,10.5726,53.0
W0555,52.5545,10.6317,57.0
W0556,52.5545,10.6612,69.0
W0557,52.5545,10.6908,71.0
W0558,52.5545,10.7203,74.0
W0559,52.5545,10.7498,83.0
W0560,52.5545,10.7794,76.0
W0561,52.5545,10.8089,67.0
W0562,52.5545,10.8384,77.0
W0563,52.5545,10.868,85.0
W0564,52.5545,10.8975,71.0
W0565,52.5545,10.9271,70.0
W0566,52.5545,11.0747,58.0
W0567,52.5545,11.1338,60.0
W0568,52.5725,10.1591,41.0
W0569,52.5725,10.1886,49.0
W0570,52.5725,10.2182,51.0
W0571,52.5725,10.2772,57.0
W0572,52.5725,10.3068,44.0
W0573,52.5725,10.3363,60.0
W0574,52.5725,10.3658,47.0
W0575,52.5725,10.3954,57.0
W0576,52.5725,10.4249,62.0
W0577,52.5725,10.4545,55.0
W0578,52.5725,10.484,71.0
W0579,52.5725,10.5135,71.0
W0580,52.5725,10.5431,56.0
W0581,52.5725,10.5726,71.0
W0582,52.5725,10.6021,70.0
W0583,52.5725,10.6317,63.0
W0584,52.5725,10.6612,59.0
W0585,52.5725,10.6908,86.0
W0586,52.5725,10.7203,92.0
W0587,52.5725,10.7498,75.0
W0588,52.5725,10.7794,75.0
W0589,52.5725,10.8089,74.0
W0590,52.5725,10.8384,77.0
W0591,52.5725,10.868,69.0
W0592,52.5725,10.8975,77.0
W0593,52.5725,10.9271,76.0
W0594,52.5725,11.0747,63.0
W0595,52.5725,11.1338,72.0
W0596,52.5905,10.1591,50.0
W0597,52.5905,10.1886,41.0
W0598,52.5905,10.2182,54.0
W0599,52.5905,10.2477,52.0
W0600,52.5905,10.2772,48.0
W0601,52.5905,10.3068,49.0
W0602,52.5905,10.3363,66.0
W0603,52.5905,10.4545,60.0
W0604,52.5905,10.484,70.0
W0605,52.5905,10.5135,64.0
W0606,52.5905,10.5431,62.0
W0607,52.5905,10.5726,65.0
W0608,52.5905,10.6317,73.0
W0609,52.5905,10.6612,62.0
W0610,52.5905,10.6908,90.0
W0611,52.5905,10.7203,95.0
W0612,52.5905,10.7498,95.0
W0613,52.5905,10.7794,85.0
W0614,52.5905,10.8089,102.0
W0615,52.5905,10.8384,96.0
W0616,52.5905,10.868,76.0
W0617,52.5905,10.9566,71.0
W0618,52.5905,11.0157,77.0
W0619,52.5905,11.0452,73.0
W0620,52.5905,11.1338,82.0
W0621,52.6086,10.1295,49.0
W0622,52.6086,10.1591,43.0
W0623,52.6086,10.1886,42.0
W0624,52.6086,10.2182,60.0
W0625,52.6086,10.2477,49.0
W0626,52.6086,10.2772,47.0
W0627,52.6086,10.3068,56.0
W0628,52.6086,10.3658,60.0
W0629,52.6086,10.3954,73.0
W0630,52.6086,10.4249,56.0
W0631,52.6086,10.484,64.0
W0632,52.6086,10.5135,62.0
W0633,52.6086,10.5431,79.0
W0634,52.6086,10.6021,60.0
W0635,52.6086,10.6317,58.0
W0636,52.6086,10.6612,72.0
W0637,52.6086,10.6908,75.0
W0638,52.6086,10.7203,72.0
W0639,52.6086,10.7498,100.0
W0640,52.6086,10.7794,96.0
W0641,52.6086,10.8089,106.0
W0642,52.6086,10.8384,109.0
W0643,52.6086,10.868,83.0
W0644,52.6086,10.9566,71.0
W0645,52.6086,10.9861,76.0
W0646,52.6086,11.0157,92.0
W0647,52.6086,11.0452,57.0
W0648,52.6086,11.0747,80.0
W0649,52.6086,11.1043,97.0
W0650,52.6086,11.1338,79.0
W0651,52.6266,10.1,47.0
W0652,52.6266,10.1295,40.0
W0653,52.6266,10.1591,57.0
W0654,52.6266,10.1886,47.0
W0655,52.6266,10.2182,63.0
W0656,52.6266,10.2477,55.0
W0657,52.6266,10.2772,58.0
W0658,52.6266,10.3658,65.0
W0659,52.6266,10.3954,66.0
W0660,52.6266,10.4249,62.0
W0661,52.6266,10.4545,83.0
W0662,52.6266,10.484,80.0
W0663,52.6266,10.5135,77.0
W0664,52.6266,10.5726,81.0
W0665,52.6266,10.6021,58.0
W0666,52.6266,10.6317,62.0
W0667,52.6266,10.6612,64.0
W0668,52.6266,10.6908,71.0
W0669,52.6266,10.7203,98.0
W0670,52.6266,10.7498,101.0
W0671,52.6266,10.7794,100.0
W0672,52.6266,10.8089,91.0
W0673,52.6266,10.8384,115.0
W0674,52.6266,10.868,85.0
W0675,52.6266,10.9566,98.0
W0676,52.6266,10.9861,97.0
W0677,52.6266,11.0157,101.0
W0678,52.6266,11.0452,86.0
W0679,52.6266,11.1043,100.0
W0680,52.6266,11.1338,84.0
W0681,52.6446,10.1886,59.0
W0682,52.6446,10.2182,60.0
W0683,52.6446,10.2772,51.0
W0684,52.6446,10.3068,59.0
W0685,52.6446,10.3954,71.0
W0686,52.6446,10.4249,73.0
W0687,52.6446,10.5135,84.0
W0688,52.6446,10.5431,72.0
W0689,52.6446,10.5726,78.0
W0690,52.6446,10.6021,77.0
W0691,52.6446,10.6317,62.0
W0692,52.6446,10.6908,85.0
W0693,52.6446,10.7203,96.0
W0694,52.6446,10.7498,118.0
W0695,52.6446,10.7794,109.0
W0696,52.6446,10.8089,85.0
W0697,52.6446,10.8384,95.0
W0698,52.6446,10.868,82.0
W0699,52.6446,10.8975,82.0
W0700,52.6446,10.9271,81.0
W0701,52.6446,10.9566,82.0
W0702,52.6446,10.9861,71.0
W0703,52.6446,11.0157,91.0
W0704,52.6446,11.0452,78.0
W0705,52.6446,11.1043,56.0
W0706,52.6446,11.1338,56.0
W0707,52.6626,10.1,70.0
W0708,52.6626,10.1295,61.0
W0709,52.6626,10.1591,62.0
W0710,52.6626,10.1886,56.0
W0711,52.6626,10.2182,59.0
W0712,52.6626,10.2772,73.0
W0713,52.6626,10.3363,78.0
W0714,52.6626,10.3658,77.0
W0715,52.6626,10.3954,75.0
W0716,52.6626,10.4249,89.0
W0717,52.6626,10.4545,88.0
W0718,52.6626,10.5135,92.0
W0719,52.6626,10.5431,77.0
W0720,52.6626,10.5726,77.0
W0721,52.6626,10.6021,76.0
W0722,52.6626,10.6317,60.0
W0723,52.6626,10.6612,77.0
W0724,52.6626,10.6908,74.0
W0725,52.6626,10.7203,91.0
W0726,52.6626,10.7498,106.0
W0727,52.6626,10.7794,93.0
W0728,52.6626,10.8089,93.0
W0729,52.6626,10.8384,89.0
W0730,52.6626,10.868,75.0
W0731,52.6626,10.8975,75.0
W0732,52.6626,10.9271,98.0
W0733,52.6626,10.9566,104.0
W0734,52.6626,10.9861,108.0
W0735,52.6626,11.0157,84.0
W0736,52.6626,11.0452,98.0
W0737,52.6626,11.0747,42.0
W0738,52.6626,11.1338,52.0
W0739,52.6806,10.1,70.0
W0740,52.6806,10.1295,78.0
W0741,52.6806,10.1591,70.0
W0742,52.6806,10.1886,57.0
W0743,52.6806,10.2182,73.0
W0744,52.6806,10.2477,61.0
W0745,52.6806,10.2772,67.0
W0746,52.6806,10.3068,68.0
W0747,52.6806,10.3658,75.0
W0748,52.6806,10.3954,69.0
W0749,52.6806,10.4249,83.0
W0750,52.6806,10.4545,90.0
W0751,52.6806,10.484,90.0
W0752,52.6806,10.5135,98.0
W0753,52.6806,10.5726,88.0
W0754,52.6806,10.6021,66.0
W0755,52.6806,10.6317,66.0
W0756,52.6806,10.6612,71.0
W0757,52.6806,10.6908,67.0
W0758,52.6806,10.7203,71.0
W0759,52.6806,10.7498,90.0
W0760,52.6806,10.7794,110.0
W0761,52.6806,10.8089,88.0
W0762,52.6806,10.8975,83.0
W0763,52.6806,10.9271,77.0
W0764,52.6806,10.9566,81.0
W0765,52.6806,10.9861,87.0
W0766,52.6806,11.0452,43.0
W0767,52.6986,10.1,72.0
W0768,52.6986,10.1295,75.0
W0769,52.6986,10.1591,68.0
W0770,52.6986,10.1886,67.0
W0771,52.6986,10.2182,64.0
W0772,52.6986,10.2477,62.0
W0773,52.6986,10.2772,94.0
W0774,52.6986,10.3068,68.0
W0775,52.6986,10.3658,70.0
W0776,52.6986,10.3954,92.0
W0777,52.6986,10.4249,87.0
W0778,52.6986,10.4545,86.0
W0779,52.6986,10.484,102.0
W0780,52.6986,10.5135,101.0
W0781,52.6986,10.5431,96.0
W0782,52.6986,10.5726,105.0
W0783,52.6986,10.6021,103.0
W0784,52.6986,10.6317,67.0
W0785,52.6986,10.6612,64.0
W0786,52.6986,10.7203,79.0
W0787,52.6986,10.8384,79.0
W0788,52.6986,10.868,94.0
W0789,52.6986,10.8975,97.0
W0790,52.6986,10.9271,108.0
W0791,52.6986,10.9566,96.0
W0792,52.6986,10.9861,57.0
W0793,52.6986,11.0452,56.0
W0794,52.6986,11.0747,35.0
W0795,52.6986,11.1043,33.0
W0796,52.6986,11.1338,60.0
W0797,52.7167,10.1,63.0
W0798,52.7167,10.1295,74.0
W0799,52.7167,10.1591,77.0
W0800,52.7167,10.1886,82.0
W0801,52.7167,10.2182,69.0
W0802,52.7167,10.2477,79.0
W0803,52.7167,10.2772,76.0
W0804,52.7167,10.3068,82.0
W0805,52.7167,10.3363,74.0
W0806,52.7167,10.3658,71.0
W0807,52.7167,10.3954,94.0
W0808,52.7167,10.4249,101.0
W0809,52.7167,10.4545,107.0
W0810,52.7167,10.484,111.0
W0811,52.7167,10.5135,107.0
W0812,52.7167,10.5431,106.0
W0813,52.7167,10.5726,125.0
W0814,52.7167,10.6021,115.0
W0815,52.7167,10.6612,82.0
W0816,52.7167,10.6908,69.0
W0817,52.7167,10.8089,104.0
W0818,52.7167,10.8384,81.0
W0819,52.7167,10.868,87.0
W0820,52.7167,10.8975,82.0
W0821,52.7167,10.9271,78.0
W0822,52.7167,11.0747,30.0
W0823,52.7167,11.1338,37.0
W0824,52.7347,10.1,67.0
W0825,52.7347,10.1295,74.0
W0826,52.7347,10.1591,83.0
W0827,52.7347,10.1886,70.0
W0828,52.7347,10.2182,78.0
W0829,52.7347,10.2477,78.0
W0830,52.7347,10.3068,91.0
W0831,52.7347,10.3363,72.0
W0832,52.7347,10.3658,71.0
W0833,52.7347,10.3954,100.0
W0834,52.7347,10.4249,109.0
W0835,52.7347,10.4545,95.0
W0836,52.7347,10.484,118.0
W0837,52.7347,10.5135,103.0
W0838,52.7347,10.5431,110.0
W0839,52.7347,10.5726,109.0
W0840,52.7347,10.6021,95.0
W0841,52.7347,10.6612,69.0
W0842,52.7347,10.8089,86.0
W0843,52.7347,10.8384,104.0
W0844,52.7347,10.868,114.0
W0845,52.7347,10.8975,59.0
W0846,52.7347,10.9271,72.0
W0847,52.7347,10.9566,49.0
W0848,52.7347,10.9861,63.0
W0849,52.7347,11.0157,46.0
W0850,52.7347,11.0452,51.0
W0851,52.7347,11.0747,35.0
W0852,52.7347,11.1043,26.0
W0853,52.7347,11.1338,28.0
W0854,52.7527,10.1,62.0
W0855,52.7527,10.1295,76.0
W0856,52.7527,10.1591,88.0
W0857,52.7527,10.1886,81.0
W0858,52.7527,10.2182,72.0
W0859,52.7527,10.2477,73.0
W0860,52.7527,10.2772,89.0
W0861,52.7527,10.3068,90.0
W0862,52.7527,10.3363,90.0
W0863,52.7527,10.3658,96.0
W0864,52.7527,10.3954,114.0
W0865,52.7527,10.4249,116.0
W0866,52.7527,10.4545,109.0
W0867,52.7527,10.484,120.0
W0868,52.7527,10.5135,108.0
W0869,52.7527,10.5431,116.0
W0870,52.7527,10.5726,110.0
W0871,52.7527,10.6021,101.0
W0872,52.7527,10.7203,82.0
W0873,52.7527,10.7498,83.0
W0874,52.7527,10.7794,80.0
W0875,52.7527,10.8089,104.0
W0876,52.7527,10.8384,95.0
W0877,52.7527,10.868,73.0
W0878,52.7527,10.8975,56.0
W0879,52.7527,10.9271,51.0
W0880,52.7527,10.9566,51.0
W0881,52.7527,10.9861,78.0
W0882,52.7527,11.0157,92.0
W0883,52.7527,11.0452,59.0
W0884,52.7527,11.0747,46.0
W0885,52.7527,11.1338,42.0
W0886,52.7707,10.1,64.0
W0887,52.7707,10.1295,74.0
W0888,52.7707,10.1591,97.0
W0889,52.7707,10.1886,94.0
W0890,52.7707,10.2182,95.0
W0891,52.7707,10.2477,84.0
W0892,52.7707,10.2772,90.0
W0893,52.7707,10.3068,106.0
W0894,52.7707,10.3363,93.0
W0895,52.7707,10.3658,95.0
W0896,52.7707,10.3954,116.0
W0897,52.7707,10.4249,118.0
W0898,52.7707,10.4545,110.0
W0899,52.7707,10.484,118.0
W0900,52.7707,10.5135,114.0
W0901,52.7707,10.5431,137.0
W0902,52.7707,10.5726,103.0
W0903,52.7707,10.6021,91.0
W0904,52.7707,10.6317,74.0
W0905,52.7707,10.6612,90.0
W0906,52.7707,10.6908,73.0
W0907,52.7707,10.7203,99.0
W0908,52.7707,10.7498,77.0
W0909,52.7707,10.7794,96.0
W0910,52.7707,10.8089,80.0
W0911,52.7707,10.8384,79.0
W0912,52.7707,10.868,74.0
W0913,52.7707,10.8975,81.0
W0914,52.7707,10.9271,45.0
W0915,52.7707,10.9566,50.0
W0916,52.7707,10.9861,75.0
W0917,52.7707,11.0157,41.0
W0918,52.7707,11.0452,67.0
W0919,52.7887,10.1,66.0
W0920,52.7887,10.1295,68.0
W0921,52.7887,10.1591,97.0
W0922,52.7887,10.1886,106.0
W0923,52.7887,10.2182,113.0
W0924,52.7887,10.2477,104.0
W0925,52.7887,10.2772,99.0
W0926,52.7887,10.3068,105.0
W0927,52.7887,10.3363,115.0
W0928,52.7887,10.3658,106.0
W0929,52.7887,10.3954,113.0
W0930,52.7887,10.4249,120.0
W0931,52.7887,10.4545,126.0
W0932,52.7887,10.484,135.0
W0933,52.7887,10.5135,114.0
W0934,52.7887,10.5431,118.0
W0935,52.7887,10.5726,108.0
W0936,52.7887,10.6021,84.0
W0937,52.7887,10.6612,71.0
W0938,52.7887,10.6908,71.0
W0939,52.7887,10.7203,80.0
W0940,52.7887,10.7498,75.0
W0941,52.7887,10.7794,87.0
W0942,52.7887,10.8089,111.0
W0943,52.7887,10.8384,64.0
W0944,52.7887,10.868,53.0
W0945,52.7887,10.8975,48.0
W0946,52.7887,10.9271,71.0
W0947,52.7887,10.9566,70.0
W0948,52.7887,11.0157,33.0
W0949,52.7887,11.0452,39.0
W0950,52.7887,11.0747,69.0
W0951,52.7887,11.1043,51.0
W0952,52.7887,11.1338,37.0
W0953,52.8068,10.1,68.0
W0954,52.8068,10.1295,74.0
W0955,52.8068,10.1591,117.0
W0956,52.8068,10.1886,112.0
W0957,52.8068,10.2182,91.0
W0958,52.8068,10.2477,110.0
W0959,52.8068,10.2772,98.0
W0960,52.8068,10.3068,112.0
W0961,52.8068,10.3363,124.0
W0962,52.8068,10.3658,128.0
W0963,52.8068,10.3954,118.0
W0964,52.8068,10.4249,124.0
W0965,52.8068,10.4545,133.0
W0966,52.8068,10.484,141.0
W0967,52.8068,10.5135,103.0
W0968,52.8068,10.5431,89.0
W0969,52.8068,10.5726,78.0
W0970,52.8068,10.6021,89.0
W0971,52.8068,10.6317,88.0
W0972,52.8068,10.6612,77.0
W0973,52.8068,10.6908,74.0
W0974,52.8068,10.7203,84.0
W0975,52.8068,10.7498,87.0
W0976,52.8068,10.7794,73.0
W0977,52.8068,10.8089,115.0
W0978,52.8068,10.868,74.0
W0979,52.8068,10.8975,58.0
W0980,52.8068,10.9566,39.0
W0981,52.8068,11.0452,38.0
W0982,52.8068,11.0747,46.0
W0983,52.8068,11.1043,80.0
W0984,52.8068,11.1338,50.0
W0985,52.8248,10.1,55.0
W0986,52.8248,10.1295,83.0
W0987,52.8248,10.1591,101.0
W0988,52.8248,10.1886,118.0
W0989,52.8248,10.2182,80.0
W0990,52.8248,10.2477,104.0
W0991,52.8248,10.2772,133.0
W0992,52.8248,10.3068,119.0
W0993,52.8248,10.3363,126.0
W0994,52.8248,10.3658,139.0
W0995,52.8248,10.3954,135.0
W0996,52.8248,10.4249,129.0
W0997,52.8248,10.4545,141.0
W0998,52.8248,10.484,147.0
W0999,52.8248,10.5135,136.0
W1000,52.8248,10.5431,110.0
W1001,52.8248,10.5726,97.0
W1002,52.8248,10.6021,99.0
W1003,52.8248,10.6317,72.0
W1004,52.8248,10.7203,76.0
W1005,52.8248,10.7498,73.0
W1006,52.8248,10.7794,76.0
W1007,52.8248,10.8089,77.0
W1008,52.8248,10.868,58.0
W1009,52.8248,10.8975,63.0
W1010,52.8248,10.9271,62.0
W1011,52.8248,10.9566,47.0
W1012,52.8248,10.9861,33.0
W1013,52.8248,11.0452,51.0
W1014,52.8248,11.1043,44.0
W1015,52.8248,11.1338,32.0
W1016,52.8428,10.1,56.0
W1017,52.8428,10.1295,73.0
W1018,52.8428,10.1591,94.0
W1019,52.8428,10.1886,102.0
W1020,52.8428,10.2182,112.0
W1021,52.8428,10.2477,121.0
W1022,52.8428,10.2772,119.0
W1023,52.8428,10.3068,107.0
W1024,52.8428,10.3363,127.0
W1025,52.8428,10.3658,120.0
W1026,52.8428,10.3954,121.0
W1027,52.8428,10.4249,118.0
W1028,52.8428,10.4545,113.0
W1029,52.8428,10.484,129.0
W1030,52.8428,10.5135,123.0
W1031,52.8428,10.5431,89.0
W1032,52.8428,10.5726,87.0
W1033,52.8428,10.6021,91.0
W1034,52.8428,10.6317,101.0
W1035,52.8428,10.6612,89.0
W1036,52.8428,10.7203,69.0
W1037,52.8428,10.7498,93.0
W1038,52.8428,10.7794,87.0
W1039,52.8428,10.8089,119.0
W1040,52.8428,10.8384,96.0
W1041,52.8428,10.868,58.0
W1042,52.8428,10.8975,58.0
W1043,52.8428,10.9271,56.0
W1044,52.8428,10.9566,43.0
W1045,52.8428,10.9861,34.0
W1046,52.05901,10.2626,114.0
W1047,52.05901,10.29217,148.0
W1048,52.05901,10.43999,105.0
W1049,52.05901,10.46955,129.0
W1050,52.05901,10.55825,83.0
W1051,52.05901,10.58781,103.0
W1052,52.05901,10.61737,96.0
W1053,52.05901,10.64694,111.0
W1054,52.05901,10.6765,90.0
W1055,52.05901,10.70607,99.0
W1056,52.05901,10.73563,123.0
W1057,52.05901,10.76519,100.0
W1058,52.05901,10.79476,90.0
W1059,52.05901,10.82432,85.0
W1060,52.05901,10.85389,94.0
W1061,52.05901,10.88345,84.0
W1062,52.05901,10.91302,84.0
W1063,52.05901,10.94258,82.0
W1064,52.05901,10.97214,81.0
W1065,52.05901,11.00171,93.0
W1066,52.05901,11.03127,82.0
W1067,52.05901,11.06084,87.0
W1068,52.05901,11.0904,105.0
W1069,52.05901,11.11997,110.0
W1070,52.05901,11.14953,119.0
W1071,52.07703,10.14435,102.0
W1072,52.07703,10.23304,126.0
W1073,52.07703,10.2626,128.0
W1074,52.07703,10.41042,121.0
W1075,52.07703,10.43999,112.0
W1076,52.07703,10.46955,119.0
W1077,52.07703,10.58781,111.0
W1078,52.07703,10.64694,97.0
W1079,52.07703,10.6765,103.0
W1080,52.07703,10.70607,118.0
W1081,52.07703,10.73563,106.0
W1082,52.07703,10.76519,98.0
W1083,52.07703,10.82432,107.0
W1084,52.07703,10.85389,95.0
W1085,52.07703,10.88345,136.0
W1086,52.07703,10.91302,99.0
W1087,52.07703,10.94258,106.0
W1088,52.07703,10.97214,84.0
W1089,52.07703,11.00171,86.0
W1090,52.07703,11.03127,108.0
W1091,52.07703,11.06084,110.0
W1092,52.07703,11.0904,103.0
W1093,52.07703,11.14953,120.0
W1094,52.09505,10.11478,108.0
W1095,52.09505,10.14435,93.0
W1096,52.09505,10.17391,122.0
W1097,52.09505,10.20347,103.0
W1098,52.09505,10.23304,125.0
W1099,52.09505,10.2626,171.0
W1100,52.09505,10.29217,125.0
W1101,52.09505,10.32173,174.0
W1102,52.09505,10.38086,124.0
W1103,52.09505,10.41042,107.0
W1104,52.09505,10.43999,101.0
W1105,52.09505,10.46955,112.0
W1106,52.09505,10.49912,169.0
W1107,52.09505,10.52868,188.0
W1108,52.09505,10.55825,84.0
W1109,52.09505,10.58781,82.0
W1110,52.09505,10.61737,110.0
W1111,52.09505,10.64694,102.0
W1112,52.09505,10.6765,111.0
W1113,52.09505,10.70607,114.0
W1114,52.09505,10.73563,142.0
W1115,52.09505,10.76519,117.0
W1116,52.09505,10.82432,124.0
W1117,52.09505,10.85389,140.0
W1118,52.09505,10.91302,94.0
W1119,52.09505,10.97214,109.0
W1120,52.09505,11.00171,138.0
W1121,52.09505,11.03127,130.0
W1122,52.09505,11.06084,114.0
W1123,52.09505,11.0904,128.0
W1124,52.09505,11.11997,117.0
W1125,52.09505,11.14953,142.0
W1126,52.11306,10.17391,106.0
W1127,52.11306,10.38086,106.0
W1128,52.11306,10.41042,96.0
W1129,52.11306,10.43999,100.0
W1130,52.11306,10.55825,83.0
W1131,52.11306,10.58781,105.0
W1132,52.11306,10.61737,89.0
W1133,52.11306,10.6765,137.0
W1134,52.11306,10.70607,160.0
W1135,52.11306,10.73563,151.0
W1136,52.11306,10.76519,118.0
W1137,52.11306,10.79476,102.0
W1138,52.11306,10.82432,128.0
W1139,52.11306,10.85389,131.0
W1140,52.11306,10.88345,113.0
W1141,52.11306,10.91302,114.0
W1142,52.11306,10.94258,113.0
W1143,52.11306,10.97214,90.0
W1144,52.11306,11.00171,91.0
W1145,52.11306,11.03127,105.0
W1146,52.11306,11.06084,121.0
W1147,52.11306,11.0904,144.0
W1148,52.11306,11.11997,137.0
W1149,52.11306,11.14953,176.0
W1150,52.13108,10.3513,97.0
W1151,52.13108,10.41042,101.0
W1152,52.13108,10.43999,102.0
W1153,52.13108,10.58781,117.0
W1154,52.13108,10.70607,159.0
W1155,52.13108,10.73563,128.0
W1156,52.13108,10.79476,111.0
W1157,52.13108,10.82432,159.0
W1158,52.13108,10.85389,159.0
W1159,52.13108,10.88345,138.0
W1160,52.13108,10.91302,171.0
W1161,52.13108,10.94258,174.0
W1162,52.13108,11.06084,104.0
W1163,52.13108,11.0904,132.0
W1164,52.13108,11.11997,150.0
W1165,52.13108,11.14953,170.0
W1166,52.1491,10.23304,106.0
W1167,52.1491,10.2626,92.0
W1168,52.1491,10.29217,90.0
W1169,52.1491,10.32173,98.0
W1170,52.1491,10.43999,94.0
W1171,52.1491,10.58781,81.0
W1172,52.1491,10.73563,108.0
W1173,52.1491,10.76519,106.0
W1174,52.1491,10.79476,126.0
W1175,52.1491,11.06084,107.0
W1176,52.1491,11.11997,167.0
W1177,52.1491,11.14953,165.0
W1178,52.16712,10.14435,100.0
W1179,52.16712,10.17391,112.0
W1180,52.16712,10.23304,112.0
W1181,52.16712,10.2626,99.0
W1182,52.16712,10.29217,93.0
W1183,52.16712,10.32173,90.0
W1184,52.16712,10.38086,113.0
W1185,52.16712,10.49912,89.0
W1186,52.16712,10.55825,99.0
W1187,52.16712,10.58781,112.0
W1188,52.16712,10.61737,102.0
W1189,52.16712,10.64694,86.0
W1190,52.16712,10.70607,135.0
W1191,52.16712,11.06084,119.0
W1192,52.16712,11.11997,209.0
W1193,52.16712,11.14953,184.0
W1194,52.18514,10.14435,93.0
W1195,52.18514,10.20347,114.0
W1196,52.18514,10.23304,109.0
W1197,52.18514,10.2626,128.0
W1198,52.18514,10.3513,85.0
W1199,52.18514,10.38086,95.0
W1500,52.49144,10.17391,45.0
W1501,52.49144,10.20347,45.0
W1502,52.49144,10.23304,48.0
W1503,52.49144,10.2626,64.0
W1504,52.49144,10.29217,49.0
W1505,52.49144,10.32173,56.0
W1506,52.49144,10.3513,50.0
W1507,52.49144,10.38086,64.0
W1508,52.49144,10.41042,50.0
W1509,52.49144,10.43999,56.0
W1510,52.49144,10.46955,49.0
W1511,52.49144,10.49912,54.0
W1512,52.49144,10.52868,67.0
W1513,52.49144,10.55825,53.0
W1514,52.49144,10.58781,61.0
W1515,52.49144,10.61737,55.0
W1516,52.49144,10.64694,60.0
W1517,52.49144,10.6765,62.0
W1518,52.49144,10.70607,62.0
W1519,52.49144,10.73563,86.0
W1520,52.49144,10.76519,61.0
W1521,52.49144,10.79476,76.0
W1522,52.49144,10.82432,78.0
W1523,52.49144,10.85389,72.0
W1524,52.49144,10.88345,68.0
W1525,52.49144,10.91302,58.0
W1526,52.49144,10.94258,56.0
W1527,52.49144,10.97214,65.0
W1528,52.49144,11.00171,56.0
W1529,52.49144,11.03127,57.0
W1530,52.49144,11.06084,56.0
W1531,52.49144,11.0904,58.0
W1532,52.49144,11.11997,56.0
W1533,52.49144,11.14953,60.0
W1534,52.50946,10.20347,44.0
W1535,52.50946,10.32173,56.0
W1536,52.50946,10.3513,48.0
W1537,52.50946,10.61737,62.0
W1538,52.50946,10.76519,82.0
W1539,52.50946,11.00171,56.0
W1540,52.50946,11.03127,56.0
W1541,52.50946,11.06084,60.0
W1542,52.50946,11.11997,58.0
W1543,52.50946,11.14953,60.0
W1544,52.52748,10.17391,42.0
W1545,52.52748,10.20347,43.0
W1546,52.52748,10.32173,49.0
W1547,52.52748,10.3513,49.0
W1548,52.52748,10.46955,73.0
W1549,52.52748,10.79476,63.0
W1550,52.52748,11.03127,56.0
W1551,52.52748,11.06084,58.0
W1552,52.52748,11.0904,58.0
W1553,52.52748,11.11997,58.0
W1554,52.52748,11.14953,61.0
W1555,52.5455,10.14435,41.0
W1556,52.5455,10.17391,42.0
W1557,52.5455,10.3513,47.0
W1558,52.5455,10.97214,58.0
W1559,52.5455,11.00171,59.0
W1560,52.5455,11.03127,57.0
W1561,52.5455,11.14953,60.0
W1562,52.56351,10.11478,40.0
W1563,52.56351,10.23304,43.0
W1564,52.56351,10.94258,62.0
W1565,52.56351,10.97214,68.0
W1566,52.56351,11.00171,63.0
W1567,52.56351,11.03127,59.0
W1568,52.56351,11.0904,61.0
W1569,52.56351,11.14953,63.0
W1570,52.58153,10.11478,45.0
W1571,52.58153,10.3513,47.0
W1572,52.58153,10.38086,51.0
W1573,52.58153,10.41042,50.0
W1574,52.58153,10.58781,66.0
W1575,52.58153,10.88345,76.0
W1576,52.58153,10.91302,78.0
W1577,52.58153,10.97214,75.0
W1578,52.58153,11.06084,65.0
W1579,52.58153,11.0904,66.0
W1580,52.58153,11.14953,102.0
W1581,52.59955,10.11478,42.0
W1582,52.59955,10.14435,48.0
W1583,52.59955,10.17391,42.0
W1584,52.59955,10.20347,54.0
W1585,52.59955,10.23304,59.0
W1586,52.59955,10.2626,58.0
W1587,52.59955,10.29217,47.0
W1588,52.59955,10.32173,56.0
W1589,52.59955,10.3513,55.0
W1590,52.59955,10.38086,58.0
W1591,52.59955,10.41042,61.0
W1592,52.59955,10.43999,63.0
W1593,52.59955,10.46955,63.0
W1594,52.59955,10.49912,64.0
W1595,52.59955,10.52868,62.0
W1596,52.59955,10.55825,59.0
W1597,52.59955,10.58781,67.0
W1598,52.59955,10.61737,57.0
W1599,52.59955,10.64694,82.0
W1600,52.59955,10.6765,62.0
W1601,52.59955,10.70607,84.0
W1602,52.59955,10.76519,83.0
W1603,52.59955,10.79476,102.0
W1604,52.59955,10.85389,104.0
W1605,52.59955,10.88345,78.0
W1606,52.59955,10.91302,84.0
W1607,52.59955,10.94258,70.0
W1608,52.59955,10.97214,73.0
W1609,52.59955,11.00171,78.0
W1610,52.59955,11.03127,66.0
W1611,52.59955,11.06084,83.0
W1612,52.59955,11.0904,107.0
W1613,52.59955,11.11997,92.0
W1614,52.59955,11.14953,80.0
W1615,52.61757,10.32173,58.0
W1616,52.61757,10.43999,71.0
W1617,52.61757,10.55825,76.0
W1618,52.61757,10.88345,85.0
W1619,52.61757,10.91302,70.0
W1620,52.61757,11.14953,56.0
W1621,52.63559,10.29217,57.0
W1622,52.63559,10.32173,62.0
W1623,52.63559,10.52868,67.0
W1624,52.63559,10.88345,72.0
W1625,52.63559,10.91302,75.0
W1626,52.63559,11.06084,63.0
W1627,52.63559,11.14953,64.0
W1628,52.6536,10.23304,66.0
W1629,52.6536,10.46955,78.0
W1630,52.6536,11.14953,75.0
W1631,52.67162,10.32173,67.0
W1632,52.67162,10.52868,80.0
W1633,52.67162,10.82432,79.0
W1634,52.67162,10.85389,79.0
W1635,52.67162,11.00171,57.0
W1636,52.67162,11.06084,56.0
W1637,52.67162,11.0904,39.0
W1638,52.67162,11.11997,43.0
W1639,52.67162,11.14953,75.0
W1640,52.68964,10.32173,69.0
W1641,52.68964,10.6765,65.0
W1642,52.68964,10.73563,96.0
W1643,52.68964,10.76519,87.0
W1644,52.68964,10.79476,95.0
W1645,52.68964,11.00171,48.0
W1646,52.68964,11.14953,59.0
W1647,52.70766,10.11478,65.0
W1648,52.70766,10.14435,77.0
W1649,52.70766,10.17391,73.0
W1650,52.70766,10.20347,73.0
W1651,52.70766,10.23304,73.0
W1652,52.70766,10.2626,80.0
W1653,52.70766,10.29217,75.0
W1654,52.70766,10.32173,71.0
W1655,52.70766,10.3513,66.0
W1656,52.70766,10.38086,73.0
W1657,52.70766,10.41042,84.0
W1658,52.70766,10.43999,87.0
W1659,52.70766,10.46955,83.0
W1660,52.70766,10.49912,96.0
W1661,52.70766,10.52868,112.0
W1662,52.70766,10.55825,118.0
W1663,52.70766,10.58781,104.0
W1664,52.70766,10.61737,103.0
W1665,52.70766,10.64694,75.0
W1666,52.70766,10.6765,80.0
W1667,52.70766,10.70607,72.0
W1668,52.70766,10.73563,84.0
W1669,52.70766,10.76519,89.0
W1670,52.70766,10.79476,85.0
W1671,52.70766,10.82432,79.0
W1672,52.70766,10.85389,87.0
W1673,52.70766,10.88345,105.0
W1674,52.70766,10.91302,96.0
W1675,52.70766,10.94258,92.0
W1676,52.70766,10.97214,75.0
W1677,52.70766,11.00171,49.0
W1678,52.70766,11.03127,36.0
W1679,52.70766,11.06084,33.0
W1680,52.70766,11.0904,38.0
W1681,52.70766,11.11997,35.0
W1682,52.70766,11.14953,46.0
W1683,52.72568,10.61737,97.0
W1684,52.72568,10.70607,75.0
W1685,52.72568,10.73563,84.0
W1686,52.72568,10.76519,90.0
W1687,52.72568,10.94258,73.0
W1688,52.72568,10.97214,62.0
W1689,52.72568,11.00171,49.0
W1690,52.72568,11.03127,45.0
W1691,52.72568,11.0904,28.0
W1692,52.72568,11.14953,36.0
W1693,52.74369,10.2626,69.0
W1694,52.74369,10.61737,86.0
W1695,52.74369,10.6765,71.0
W1696,52.74369,10.70607,81.0
W1697,52.74369,10.73563,82.0
W1698,52.74369,10.76519,77.0
W1699,52.74369,11.14953,25.0
W1700,52.76171,11.06084,59.0
W1701,52.76171,11.0904,36.0
W1702,52.76171,11.11997,36.0
W1703,52.76171,11.14953,43.0
W1704,52.77973,10.61737,73.0
W1705,52.77973,10.97214,43.0
W1706,52.77973,11.14953,34.0
W1707,52.79775,10.11478,58.0
W1708,52.79775,10.49912,123.0
W1709,52.79775,10.52868,115.0
W1710,52.79775,10.55825,96.0
W1711,52.79775,10.58781,94.0
W1712,52.79775,10.61737,73.0
W1713,52.79775,10.64694,72.0
W1714,52.79775,10.6765,60.0
W1715,52.79775,10.70607,73.0
W1716,52.79775,10.73563,75.0
W1717,52.79775,10.76519,73.0
W1718,52.79775,10.82432,89.0
W1719,52.79775,10.85389,57.0
W1720,52.79775,10.88345,64.0
W1721,52.79775,10.91302,51.0
W1722,52.79775,10.94258,53.0
W1723,52.79775,10.97214,42.0
W1724,52.79775,11.00171,52.0
W1725,52.79775,11.03127,33.0
W1726,52.79775,11.06084,57.0
W1727,52.79775,11.0904,52.0
W1728,52.79775,11.11997,51.0
W1729,52.79775,11.14953,40.0
W1730,52.81577,10.82432,83.0
W1731,52.81577,10.91302,52.0
W1732,52.81577,10.97214,33.0
W1733,52.81577,11.00171,31.0
W1734,52.81577,11.14953,48.0
W1735,52.83378,10.64694,68.0
W1736,52.83378,10.6765,69.0
W1737,52.83378,10.82432,68.0
W1738,52.83378,11.00171,30.0
W1739,52.83378,11.06084,34.0
W1740,52.83378,11.14953,29.0
W1200,52.18514,10.41042,89.0
W1201,52.18514,10.43999,90.0
W1202,52.18514,10.46955,103.0
W1203,52.18514,10.49912,79.0
W1204,52.18514,10.55825,129.0
W1205,52.18514,10.58781,95.0
W1206,52.18514,10.64694,102.0
W1207,52.18514,11.00171,143.0
W1208,52.18514,11.11997,201.0
W1209,52.18514,11.14953,151.0
W1210,52.20315,10.11478,82.0
W1211,52.20315,10.14435,90.0
W1212,52.20315,10.17391,89.0
W1213,52.20315,10.23304,90.0
W1214,52.20315,10.2626,89.0
W1215,52.20315,10.29217,80.0
W1216,52.20315,10.32173,87.0
W1217,52.20315,10.3513,102.0
W1218,52.20315,10.38086,76.0
W1219,52.20315,10.41042,88.0
W1220,52.20315,10.43999,83.0
W1221,52.20315,10.46955,94.0
W1222,52.20315,10.49912,76.0
W1223,52.20315,10.52868,78.0
W1224,52.20315,10.55825,103.0
W1225,52.20315,10.58781,88.0
W1226,52.20315,10.61737,88.0
W1227,52.20315,10.64694,94.0
W1228,52.20315,10.6765,122.0
W1229,52.20315,10.70607,149.0
W1230,52.20315,10.76519,294.0
W1231,52.20315,10.88345,133.0
W1232,52.20315,10.91302,117.0
W1233,52.20315,10.94258,140.0
W1234,52.20315,10.97214,175.0
W1235,52.20315,11.00171,129.0
W1236,52.20315,11.03127,135.0
W1237,52.20315,11.06084,186.0
W1238,52.20315,11.0904,190.0
W1239,52.20315,11.11997,153.0
W1240,52.20315,11.14953,116.0
W1241,52.22117,10.14435,85.0
W1242,52.22117,10.20347,74.0
W1243,52.22117,10.23304,80.0
W1244,52.22117,10.2626,83.0
W1245,52.22117,10.29217,87.0
W1246,52.22117,10.3513,88.0
W1247,52.22117,10.38086,77.0
W1248,52.22117,10.41042,78.0
W1249,52.22117,10.43999,81.0
W1250,52.22117,10.46955,91.0
W1251,52.22117,10.49912,78.0
W1252,52.22117,10.61737,87.0
W1253,52.22117,10.64694,111.0
W1254,52.22117,10.6765,117.0
W1255,52.22117,11.14953,167.0
W1256,52.23919,10.11478,98.0
W1257,52.23919,10.14435,79.0
W1258,52.23919,10.17391,81.0
W1259,52.23919,10.20347,85.0
W1260,52.23919,10.23304,100.0
W1261,52.23919,10.2626,89.0
W1262,52.23919,10.29217,80.0
W1263,52.23919,10.32173,81.0
W1264,52.23919,10.3513,82.0
W1265,52.23919,10.38086,77.0
W1266,52.23919,10.41042,82.0
W1267,52.23919,10.43999,90.0
W1268,52.23919,10.46955,79.0
W1269,52.23919,10.49912,87.0
W1270,52.23919,10.6765,127.0
W1271,52.23919,10.85389,118.0
W1272,52.23919,10.88345,115.0
W1273,52.23919,10.91302,101.0
W1274,52.23919,10.94258,119.0
W1275,52.23919,10.97214,108.0
W1276,52.23919,11.11997,121.0
W1277,52.23919,11.14953,125.0
W1278,52.25721,10.11478,91.0
W1279,52.25721,10.20347,71.0
W1280,52.25721,10.32173,81.0
W1281,52.25721,10.3513,84.0
W1282,52.25721,10.38086,77.0
W1283,52.25721,10.41042,81.0
W1285,52.25721,10.46955,86.0
W1287,52.25721,10.52868,75.0
W1288,52.25721,10.55825,93.0
W1293,52.25721,10.82432,122.0
W1294,52.25721,10.91302,103.0
W1295,52.27523,10.14435,81.0
W1296,52.27523,10.20347,73.0
W1297,52.27523,10.2626,94.0
W1298,52.27523,10.29217,78.0
W1299,52.27523,10.41042,71.0
W1300,52.27523,10.46955,77.0
W1301,52.27523,10.64694,84.0
W1302,52.27523,10.6765,92.0
W1303,52.27523,10.73563,135.0
W1304,52.27523,10.76519,116.0
W1305,52.27523,10.91302,138.0
W1306,52.27523,10.94258,116.0
W1307,52.27523,10.97214,142.0
W1308,52.27523,11.14953,151.0
W1309,52.29324,10.11478,73.0
W1310,52.29324,10.14435,74.0
W1311,52.29324,10.17391,87.0
W1312,52.29324,10.20347,68.0
W1313,52.29324,10.23304,72.0
W1314,52.29324,10.2626,86.0
W1315,52.29324,10.29217,77.0
W1316,52.29324,10.32173,74.0
W1317,52.29324,10.3513,89.0
W1318,52.29324,10.38086,68.0
W1319,52.29324,10.41042,75.0
W1320,52.29324,10.43999,88.0
W1321,52.29324,10.46955,87.0
W1322,52.29324,10.49912,67.0
W1323,52.29324,10.52868,85.0
W1324,52.29324,10.55825,74.0
W1325,52.29324,10.58781,73.0
W1326,52.29324,10.61737,76.0
W1327,52.29324,10.64694,96.0
W1328,52.29324,10.6765,101.0
W1329,52.29324,10.70607,95.0
W1330,52.29324,10.73563,106.0
W1331,52.29324,10.76519,104.0
W1332,52.29324,10.79476,97.0
W1333,52.29324,10.82432,93.0
W1334,52.29324,10.85389,96.0
W1335,52.29324,10.88345,118.0
W1336,52.29324,10.91302,110.0
W1337,52.29324,10.94258,128.0
W1338,52.29324,10.97214,132.0
W1339,52.29324,11.00171,163.0
W1340,52.29324,11.03127,156.0
W1341,52.29324,11.06084,103.0
W1342,52.29324,11.0904,146.0
W1343,52.29324,11.11997,136.0
W1344,52.29324,11.14953,145.0
W1345,52.31126,10.11478,72.0
W1346,52.31126,10.14435,75.0
W1347,52.31126,10.20347,79.0
W1348,52.31126,10.23304,71.0
W1349,52.31126,10.38086,67.0
W1350,52.31126,10.43999,70.0
W1351,52.31126,10.46955,64.0
W1352,52.31126,10.49912,72.0
W1353,52.31126,10.58781,82.0
W1354,52.31126,10.73563,95.0
W1355,52.31126,10.76519,109.0
W1356,52.31126,10.94258,154.0
W1357,52.31126,11.14953,135.0
W1358,52.32928,10.11478,68.0
W1359,52.32928,10.14435,74.0
W1360,52.32928,10.17391,67.0
W1361,52.32928,10.23304,68.0
W1362,52.32928,10.2626,69.0
W1363,52.32928,10.3513,79.0
W1364,52.32928,10.38086,70.0
W1365,52.32928,10.41042,67.0
W1366,52.32928,10.43999,64.0
W1367,52.32928,10.46955,68.0
W1368,52.32928,10.49912,68.0
W1369,52.32928,10.52868,76.0
W1370,52.32928,10.76519,87.0
W1371,52.32928,10.79476,98.0
W1372,52.32928,10.88345,117.0
W1373,52.32928,11.00171,135.0
W1374,52.32928,11.06084,95.0
W1375,52.32928,11.0904,82.0
W1376,52.32928,11.11997,108.0
W1377,52.32928,11.14953,122.0
W1378,52.3473,10.14435,70.0
W1379,52.3473,10.17391,66.0
W1380,52.3473,10.20347,63.0
W1381,52.3473,10.23304,71.0
W1382,52.3473,10.38086,64.0
W1383,52.3473,10.43999,73.0
W1384,52.3473,10.52868,87.0
W1385,52.3473,10.76519,84.0
W1386,52.3473,11.14953,143.0
W1387,52.36532,10.14435,65.0
W1388,52.36532,10.20347,80.0
W1389,52.36532,10.23304,67.0
W1390,52.36532,10.2626,72.0
W1391,52.36532,10.43999,71.0
W1392,52.36532,10.46955,78.0
W1393,52.36532,10.52868,87.0
W1394,52.36532,10.58781,85.0
W1395,52.36532,10.61737,95.0
W1396,52.36532,10.91302,119.0
W1397,52.36532,10.94258,93.0
W1398,52.36532,11.11997,80.0
W1399,52.36532,11.14953,91.0
W1400,52.38333,10.11478,67.0
W1401,52.38333,10.14435,66.0
W1402,52.38333,10.17391,60.0
W1403,52.38333,10.2626,71.0
W1404,52.38333,10.29217,65.0
W1405,52.38333,10.41042,58.0
W1406,52.38333,10.52868,80.0
W1407,52.38333,10.55825,78.0
W1408,52.38333,10.61737,77.0
W1409,52.38333,10.82432,104.0
W1410,52.38333,10.91302,85.0
W1411,52.38333,10.94258,91.0
W1412,52.38333,10.97214,79.0
W1413,52.38333,11.0904,79.0
W1414,52.38333,11.11997,74.0
W1415,52.38333,11.14953,78.0
W1416,52.40135,10.11478,63.0
W1417,52.40135,10.14435,62.0
W1418,52.40135,10.17391,59.0
W1419,52.40135,10.20347,63.0
W1420,52.40135,10.23304,97.0
W1421,52.40135,10.2626,75.0
W1422,52.40135,10.29217,72.0
W1423,52.40135,10.32173,67.0
W1424,52.40135,10.3513,72.0
W1425,52.40135,10.38086,60.0
W1426,52.40135,10.41042,67.0
W1427,52.40135,10.43999,66.0
W1428,52.40135,10.46955,69.0
W1429,52.40135,10.49912,88.0
W1430,52.40135,10.52868,73.0
W1431,52.40135,10.55825,70.0
W1432,52.40135,10.58781,69.0
W1433,52.40135,10.61737,77.0
W1434,52.40135,10.64694,81.0
W1435,52.40135,10.6765,82.0
W1436,52.40135,10.70607,96.0
W1437,52.40135,10.73563,111.0
W1438,52.40135,10.76519,119.0
W1439,52.40135,10.79476,116.0
W1440,52.40135,10.82432,91.0
W1441,52.40135,10.85389,89.0
W1442,52.40135,10.88345,111.0
W1443,52.40135,10.91302,90.0
W1444,52.40135,10.94258,70.0
W1445,52.40135,10.97214,66.0
W1446,52.40135,11.00171,70.0
W1447,52.40135,11.03127,77.0
W1448,52.40135,11.06084,76.0
W1449,52.40135,11.0904,77.0
W1450,52.40135,11.11997,72.0
W1451,52.40135,11.14953,69.0
W1452,52.41937,10.14435,61.0
W1453,52.41937,10.29217,77.0
W1454,52.41937,10.38086,58.0
W1455,52.41937,10.55825,85.0
W1456,52.41937,10.58781,69.0
W1457,52.41937,10.61737,61.0
W1458,52.41937,10.64694,66.0
W1459,52.41937,10.6765,67.0
W1460,52.41937,10.70607,61.0
W1461,52.41937,10.82432,67.0
W1462,52.41937,10.97214,69.0
W1463,52.41937,11.00171,68.0
W1464,52.41937,11.06084,64.0
W1465,52.41937,11.0904,56.0
W1466,52.41937,11.11997,55.0
W1467,52.41937,11.14953,61.0
W1468,52.43739,10.38086,55.0
W1469,52.43739,10.41042,65.0
W1470,52.43739,10.58781,63.0
W1471,52.43739,10.6765,57.0
W1472,52.43739,10.70607,55.0
W1473,52.43739,10.76519,57.0
W1474,52.43739,10.79476,63.0
W1475,52.43739,10.82432,56.0
W1476,52.43739,10.97214,61.0
W1477,52.43739,11.06084,56.0
W1478,52.43739,11.0904,69.0
W1479,52.43739,11.14953,57.0
W1481,52.45541,10.73563,63.0
W1482,52.45541,10.97214,58.0
W1483,52.45541,11.06084,56.0
W1484,52.45541,11.14953,56.0
W1485,52.47342,10.20347,47.0
W1486,52.47342,10.32173,52.0
W1487,52.47342,10.3513,55.0
W1488,52.47342,10.52868,56.0
W1489,52.47342,10.73563,70.0
W1490,52.47342,10.82432,67.0
W1491,52.47342,10.85389,60.0
W1492,52.47342,10.88345,56.0
W1493,52.47342,10.91302,56.0
W1494,52.47342,11.06084,56.0
W1495,52.47342,11.0904,57.0
W1496,52.47342,11.11997,64.0
W1497,52.47342,11.14953,60.0
W1498,52.49144,10.11478,47.0
W1499,52.49144,10.14435,43.0
W1742,52.58153,10.88345,76.0
W1743,52.58153,10.91302,78.0
W1744,52.58153,10.97214,75.0
W1745,52.58153,11.06084,65.0
W1746,52.58153,11.0904,66.0
W1747,52.58153,11.14953,102.0
W1748,52.59955,10.11478,42.0
W1749,52.59955,10.14435,48.0
W1750,52.59955,10.17391,42.0
W1751,52.59955,10.20347,54.0
W1752,52.59955,10.23304,59.0
W1753,52.59955,10.2626,58.0
W1754,52.59955,10.29217,47.0
W1755,52.59955,10.32173,56.0
W1756,52.59955,10.3513,55.0
W1757,52.59955,10.38086,58.0
W1758,52.59955,10.41042,61.0
W1759,52.59955,10.43999,63.0
W1760,52.59955,10.46955,63.0
W1761,52.59955,10.49912,64.0
W1762,52.59955,10.52868,62.0
W1763,52.59955,10.55825,59.0
W1764,52.59955,10.58781,67.0
W1765,52.59955,10.61737,57.0
W1766,52.59955,10.91302,84.0
W1767,52.59955,10.94258,70.0
W1768,52.59955,11.00171,78.0
W1769,52.59955,11.03127,66.0
W1770,52.59955,11.06084,83.0
W1771,52.79775,10.14435,98.0
W1772,52.79775,10.17391,117.0
W1773,52.79775,10.20347,119.0
W1774,52.79775,10.23304,117.0
W1775,52.79775,10.2626,109.0
W1776,52.79775,10.29217,87.0
W1777,52.79775,10.32173,119.0
W1778,52.79775,10.3513,128.0
W1779,52.79775,10.38086,96.0
W1780,52.79775,10.41042,119.0
W1781,52.79775,10.43999,138.0
W1782,52.79775,10.46955,134.0
W1783,52.79775,10.79476,110.0
W1741,52.8428,11.0747,33.0
W1784,52.8518,10.6765,58.0
W1785,52.8518,11.00171,31.0
W1786,52.8518,11.03127,62.0
W1787,52.8518,11.0904,47.0
W1788,52.8518,11.11997,28.0
W1789,52.8518,11.14953,24.0
