id,lat,lon
W0013,52.068,10.1295
W0014,52.068,10.1591
W0015,52.068,10.1886
W0016,52.068,10.2182
W0005,52.05,10.2477
W1046,52.05901,10.2626
W1047,52.05901,10.29217
W0017,52.068,10.3363
W0018,52.068,10.3658
W0019,52.068,10.3954
W0020,52.068,10.4249
W1048,52.05901,10.43999
W1049,52.05901,10.46955
W0021,52.068,10.5135
W0022,52.068,10.5431
W1050,52.05901,10.55825
W1051,52.05901,10.58781
W0010,52.05,10.6317
W1053,52.05901,10.64694
W1054,52.05901,10.6765
W1055,52.05901,10.70607
W1056,52.05901,10.73563
W1057,52.05901,10.76519
W0011,52.05,10.8089
W1059,52.05901,10.82432
W1060,52.05901,10.85389
W1061,52.05901,10.88345
W1062,52.05901,10.91302
W1063,52.05901,10.94258
W1064,52.05901,10.97214
W1065,52.05901,11.00171
W1066,52.05901,11.03127
W1067,52.05901,11.06084
W1068,52.05901,11.0904
W1069,52.05901,11.11997
W1070,52.05901,11.14953
W0024,52.086,10.1295
W1071,52.07703,10.14435
W0025,52.086,10.1886
W0026,52.086,10.2182
W1072,52.07703,10.23304
W1073,52.07703,10.2626
W1575,52.07703,10.29217
W0027,52.086,10.3363
W0028,52.086,10.3658
W0029,52.086,10.3954
W1074,52.07703,10.41042
W1075,52.07703,10.43999
W1076,52.07703,10.46955
W0030,52.086,10.5135
W0031,52.086,10.5431
W0032,52.086,10.5726
W1077,52.07703,10.58781
W1576,52.07703,10.61737
W1078,52.07703,10.64694
W1079,52.07703,10.6765
W1080,52.07703,10.70607
W1081,52.07703,10.73563
W1082,52.07703,10.76519
W1577,52.07703,10.79476
W1083,52.07703,10.82432
W1084,52.07703,10.85389
W1085,52.07703,10.88345
W1086,52.07703,10.91302
W1087,52.07703,10.94258
W1088,52.07703,10.97214
W1089,52.07703,11.00171
W1090,52.07703,11.03127
W1091,52.07703,11.06084
W1092,52.07703,11.0904
W0033,52.086,11.1338
W1093,52.07703,11.14953
W1094,52.09505,10.11478
W1095,52.09505,10.14435
W1096,52.09505,10.17391
W1097,52.09505,10.20347
W1098,52.09505,10.23304
W1099,52.09505,10.2626
W1100,52.09505,10.29217
W1101,52.09505,10.32173
W1578,52.09505,10.3513
W1102,52.09505,10.38086
W1103,52.09505,10.41042
W1104,52.09505,10.43999
W1105,52.09505,10.46955
W1106,52.09505,10.49912
W1107,52.09505,10.52868
W1108,52.09505,10.55825
W1109,52.09505,10.58781
W1110,52.09505,10.61737
W1111,52.09505,10.64694
W1112,52.09505,10.6765
W1113,52.09505,10.70607
W1114,52.09505,10.73563
W1115,52.09505,10.76519
W1579,52.09505,10.79476
W1116,52.09505,10.82432
W1117,52.09505,10.85389
W1580,52.09505,10.88345
W1118,52.09505,10.91302
W1581,52.09505,10.94258
W1119,52.09505,10.97214
W1120,52.09505,11.00171
W1121,52.09505,11.03127
W1122,52.09505,11.06084
W1123,52.09505,11.0904
W1124,52.09505,11.11997
W1125,52.09505,11.14953
W0034,52.1041,10.1295
W0035,52.1041,10.1591
W1126,52.11306,10.17391
W0036,52.1041,10.2182
W0037,52.1041,10.2477
W0038,52.1041,10.2772
W0039,52.1041,10.3068
W0040,52.1041,10.3363
W0041,52.1041,10.3658
W1127,52.11306,10.38086
W1128,52.11306,10.41042
W1129,52.11306,10.43999
W0042,52.1041,10.484
W0043,52.1041,10.5135
W0044,52.1041,10.5431
W1130,52.11306,10.55825
W1131,52.11306,10.58781
W1132,52.11306,10.61737
W1582,52.11306,10.64694
W1133,52.11306,10.6765
W1134,52.11306,10.70607
W1135,52.11306,10.73563
W1136,52.11306,10.76519
W1137,52.11306,10.79476
W1138,52.11306,10.82432
W1139,52.11306,10.85389
W1140,52.11306,10.88345
W1141,52.11306,10.91302
W1142,52.11306,10.94258
W1143,52.11306,10.97214
W1144,52.11306,11.00171
W1145,52.11306,11.03127
W1146,52.11306,11.06084
W1147,52.11306,11.0904
W1148,52.11306,11.11997
W1149,52.11306,11.14953
W0046,52.1221,10.1295
W0047,52.1221,10.1591
W0048,52.1221,10.1886
W0049,52.1221,10.2182
W0050,52.1221,10.2477
W0051,52.1221,10.2772
W0052,52.1221,10.3068
W0053,52.1221,10.3363
W1150,52.13108,10.3513
W0054,52.1221,10.3954
W1151,52.13108,10.41042
W1152,52.13108,10.43999
W0055,52.1221,10.484
W0056,52.1221,10.5135
W0057,52.1221,10.5431
W0058,52.1221,10.5726
W1153,52.13108,10.58781
W1583,52.13108,10.61737
W0059,52.1221,10.6612
W0060,52.1221,10.6908
W1154,52.13108,10.70607
W1155,52.13108,10.73563
W1584,52.13108,10.76519
W1156,52.13108,10.79476
W1157,52.13108,10.82432
W1158,52.13108,10.85389
W1159,52.13108,10.88345
W1160,52.13108,10.91302
W1161,52.13108,10.94258
W0061,52.1221,10.9861
W0062,52.1221,11.0157
W0063,52.1221,11.0452
W1162,52.13108,11.06084
W1163,52.13108,11.0904
W1164,52.13108,11.11997
W1165,52.13108,11.14953
W0065,52.1401,10.1295
W0066,52.1401,10.1591
W0067,52.1401,10.1886
W0068,52.1401,10.2182
W1166,52.1491,10.23304
W1167,52.1491,10.2626
W1168,52.1491,10.29217
W1169,52.1491,10.32173
W0069,52.1401,10.3658
W0084,52.1581,10.3954
W0085,52.1581,10.4249
W1170,52.1491,10.43999
W0070,52.1401,10.484
W0071,52.1401,10.5135
W0072,52.1401,10.5431
W0073,52.1401,10.5726
W1171,52.1491,10.58781
W0074,52.1401,10.6317
W0075,52.1401,10.6612
W0076,52.1401,10.6908
W0077,52.1401,10.7203
W1172,52.1491,10.73563
W1173,52.1491,10.76519
W1174,52.1491,10.79476
W0090,52.1581,10.8384
W0078,52.1401,10.868
W0079,52.1401,10.8975
W0080,52.1401,10.9271
W0081,52.1401,10.9566
W0095,52.1581,10.9861
W0096,52.1581,11.0157
W0082,52.1401,11.0452
W1175,52.1491,11.06084
W0098,52.1581,11.1043
W1176,52.1491,11.11997
W1177,52.1491,11.14953
W1585,52.16712,10.11478
W1178,52.16712,10.14435
W1179,52.16712,10.17391
W0099,52.1761,10.2182
W1180,52.16712,10.23304
W1181,52.16712,10.2626
W1182,52.16712,10.29217
W1183,52.16712,10.32173
W0100,52.1761,10.3658
W1184,52.16712,10.38086
W0101,52.1761,10.4249
W0102,52.1761,10.4545
W0103,52.1761,10.484
W1185,52.16712,10.49912
W0104,52.1761,10.5431
W1186,52.16712,10.55825
W1187,52.16712,10.58781
W1188,52.16712,10.61737
W1189,52.16712,10.64694
W1586,52.16712,10.6765
W1190,52.16712,10.70607
W1587,52.16712,10.73563
W0105,52.1761,10.7794
W0106,52.1761,10.8089
W0107,52.1761,10.8384
W0108,52.1761,10.868
W0109,52.1761,10.8975
W0110,52.1761,10.9271
W0111,52.1761,10.9566
W0112,52.1761,10.9861
W0113,52.1761,11.0157
W0114,52.1761,11.0452
W1191,52.16712,11.06084
W0115,52.1761,11.1043
W1192,52.16712,11.11997
W1193,52.16712,11.14953
W0116,52.1941,10.1
W1194,52.18514,10.14435
W1588,52.18514,10.17391
W1195,52.18514,10.20347
W1196,52.18514,10.23304
W1197,52.18514,10.2626
W0117,52.1941,10.3068
W0118,52.1941,10.3363
W1198,52.18514,10.3513
W1199,52.18514,10.38086
W1200,52.18514,10.41042
W1201,52.18514,10.43999
W1202,52.18514,10.46955
W1203,52.18514,10.49912
W0119,52.1941,10.5431
W1204,52.18514,10.55825
W1205,52.18514,10.58781
W0120,52.1941,10.6317
W1206,52.18514,10.64694
W0121,52.1941,10.6908
W0122,52.1941,10.7203
W0123,52.1941,10.7498
W0124,52.1941,10.7794
W0125,52.1941,10.8089
W0126,52.1941,10.8384
W0127,52.1941,10.868
W1589,52.18514,10.88345
W0128,52.1941,10.9271
W0129,52.1941,10.9566
W1590,52.18514,10.97214
W1207,52.18514,11.00171
W0130,52.1941,11.0452
W0131,52.1941,11.0747
W0132,52.1941,11.1043
W1208,52.18514,11.11997
W1209,52.18514,11.14953
W1210,52.20315,10.11478
W1211,52.20315,10.14435
W1212,52.20315,10.17391
W1591,52.20315,10.20347
W1213,52.20315,10.23304
W1214,52.20315,10.2626
W1215,52.20315,10.29217
W1216,52.20315,10.32173
W1217,52.20315,10.3513
W1218,52.20315,10.38086
W1219,52.20315,10.41042
W1220,52.20315,10.43999
W1221,52.20315,10.46955
W1222,52.20315,10.49912
W1223,52.20315,10.52868
W1224,52.20315,10.55825
W1225,52.20315,10.58781
W1226,52.20315,10.61737
W1227,52.20315,10.64694
W1228,52.20315,10.6765
W1229,52.20315,10.70607
W1592,52.20315,10.73563
W1230,52.20315,10.76519
W1593,52.20315,10.79476
W1594,52.20315,10.82432
W1595,52.20315,10.85389
W1231,52.20315,10.88345
W1232,52.20315,10.91302
W1233,52.20315,10.94258
W1234,52.20315,10.97214
W1235,52.20315,11.00171
W1236,52.20315,11.03127
W1237,52.20315,11.06084
W1238,52.20315,11.0904
W1239,52.20315,11.11997
W1240,52.20315,11.14953
W1596,52.22117,10.11478
W1241,52.22117,10.14435
W1597,52.22117,10.17391
W1242,52.22117,10.20347
W1243,52.22117,10.23304
W1244,52.22117,10.2626
W1245,52.22117,10.29217
W0133,52.2122,10.3363
W1246,52.22117,10.3513
W1247,52.22117,10.38086
W1248,52.22117,10.41042
W1249,52.22117,10.43999
W1250,52.22117,10.46955
W1251,52.22117,10.49912
W0134,52.2122,10.5431
W0135,52.2122,10.5726
W0136,52.2122,10.6021
W1252,52.22117,10.61737
W1253,52.22117,10.64694
W1254,52.22117,10.6765
W0137,52.2122,10.7203
W0138,52.2122,10.7498
W0139,52.2122,10.7794
W0140,52.2122,10.8089
W0141,52.2122,10.8384
W1598,52.22117,10.85389
W0142,52.2122,10.8975
W0143,52.2122,10.9271
W0144,52.2122,10.9566
W0145,52.2122,10.9861
W0146,52.2122,11.0157
W0147,52.2122,11.0452
W0148,52.2122,11.0747
W0149,52.2122,11.1043
W0150,52.2122,11.1338
W1255,52.22117,11.14953
W1256,52.23919,10.11478
W1257,52.23919,10.14435
W1258,52.23919,10.17391
W1259,52.23919,10.20347
W1260,52.23919,10.23304
W1261,52.23919,10.2626
W1262,52.23919,10.29217
W1263,52.23919,10.32173
W1264,52.23919,10.3513
W1265,52.23919,10.38086
W1266,52.23919,10.41042
W1267,52.23919,10.43999
W1268,52.23919,10.46955
W1269,52.23919,10.49912
W0151,52.2302,10.5431
W0152,52.2302,10.5726
W0153,52.2302,10.6021
W0154,52.2302,10.6317
W0155,52.2302,10.6612
W1270,52.23919,10.6765
W0156,52.2302,10.7203
W0157,52.2302,10.7498
W0158,52.2302,10.7794
W0159,52.2302,10.8089
W0160,52.2302,10.8384
W1271,52.23919,10.85389
W1272,52.23919,10.88345
W1273,52.23919,10.91302
W1274,52.23919,10.94258
W1275,52.23919,10.97214
W0161,52.2302,11.0157
W0162,52.2302,11.0452
W0163,52.2302,11.0747
W0164,52.2302,11.1043
W1276,52.23919,11.11997
W1277,52.23919,11.14953
W1278,52.25721,10.11478
W0165,52.2482,10.1591
W0181,52.2662,10.1886
W1279,52.25721,10.20347
W0182,52.2662,10.2477
W0183,52.2662,10.2772
W0184,52.2662,10.3068
W1280,52.25721,10.32173
W1281,52.25721,10.3513
W1282,52.25721,10.38086
W1283,52.25721,10.41042
W0166,52.2482,10.4545
W1285,52.25721,10.46955
W0167,52.2482,10.5135
W1287,52.25721,10.52868
W1288,52.25721,10.55825
W0185,52.2662,10.6021
W0186,52.2662,10.6317
W0187,52.2662,10.6612
W0170,52.2482,10.6908
W0188,52.2662,10.7203
W0171,52.2482,10.7498
W0172,52.2482,10.7794
W0173,52.2482,10.8089
W1293,52.25721,10.82432
W0189,52.2662,10.868
W0190,52.2662,10.8975
W1294,52.25721,10.91302
W0191,52.2662,10.9566
W0192,52.2662,10.9861
W0193,52.2662,11.0157
W0194,52.2662,11.0452
W0195,52.2662,11.0747
W0196,52.2662,11.1043
W0197,52.2662,11.1338
W1606,52.25721,11.14953
W0198,52.2842,10.1
W1295,52.27523,10.14435
W0199,52.2842,10.1886
W1296,52.27523,10.20347
W0200,52.2842,10.2477
W1297,52.27523,10.2626
W1298,52.27523,10.29217
W0201,52.2842,10.3363
W0202,52.2842,10.3658
W0203,52.2842,10.3954
W1299,52.27523,10.41042
W0204,52.2842,10.4545
W1300,52.27523,10.46955
W0205,52.2842,10.5135
W0206,52.2842,10.5431
W0207,52.2842,10.5726
W0208,52.2842,10.6021
W0209,52.2842,10.6317
W1301,52.27523,10.64694
W1302,52.27523,10.6765
W0210,52.2842,10.7203
W1303,52.27523,10.73563
W1304,52.27523,10.76519
W0211,52.2842,10.8089
W0212,52.2842,10.8384
W0213,52.2842,10.868
W0214,52.2842,10.8975
W1305,52.27523,10.91302
W1306,52.27523,10.94258
W1307,52.27523,10.97214
W0215,52.2842,11.0157
W0216,52.2842,11.0452
W0217,52.2842,11.0747
W0218,52.2842,11.1043
W0219,52.2842,11.1338
W1308,52.27523,11.14953
W1309,52.29324,10.11478
W1310,52.29324,10.14435
W1311,52.29324,10.17391
W1312,52.29324,10.20347
W1313,52.29324,10.23304
W1314,52.29324,10.2626
W1315,52.29324,10.29217
W1316,52.29324,10.32173
W1317,52.29324,10.3513
W1318,52.29324,10.38086
W1319,52.29324,10.41042
W1320,52.29324,10.43999
W1321,52.29324,10.46955
W1322,52.29324,10.49912
W1323,52.29324,10.52868
W1324,52.29324,10.55825
W1325,52.29324,10.58781
W1326,52.29324,10.61737
W1327,52.29324,10.64694
W1328,52.29324,10.6765
W1329,52.29324,10.70607
W1330,52.29324,10.73563
W1331,52.29324,10.76519
W1332,52.29324,10.79476
W1333,52.29324,10.82432
W1334,52.29324,10.85389
W1335,52.29324,10.88345
W1336,52.29324,10.91302
W1337,52.29324,10.94258
W1338,52.29324,10.97214
W1339,52.29324,11.00171
W1340,52.29324,11.03127
W1341,52.29324,11.06084
W1342,52.29324,11.0904
W1343,52.29324,11.11997
W1344,52.29324,11.14953
W1345,52.31126,10.11478
W1346,52.31126,10.14435
W0220,52.3023,10.1886
W1347,52.31126,10.20347
W1348,52.31126,10.23304
W0221,52.3023,10.2772
W0222,52.3023,10.3068
W0223,52.3023,10.3363
W0224,52.3023,10.3658
W1349,52.31126,10.38086
W0225,52.3023,10.4249
W1350,52.31126,10.43999
W1351,52.31126,10.46955
W1352,52.31126,10.49912
W0226,52.3023,10.5431
W0227,52.3023,10.5726
W1353,52.31126,10.58781
W0228,52.3023,10.6317
W0229,52.3023,10.6612
W0230,52.3023,10.6908
W0231,52.3023,10.7203
W1354,52.31126,10.73563
W1355,52.31126,10.76519
W0232,52.3023,10.8089
W0233,52.3023,10.8384
W0234,52.3023,10.868
W0235,52.3023,10.8975
W0236,52.3023,10.9271
W1356,52.31126,10.94258
W0237,52.3023,10.9861
W0238,52.3023,11.0157
W0239,52.3023,11.0452
W0240,52.3023,11.0747
W0241,52.3023,11.1043
W0242,52.3023,11.1338
W1357,52.31126,11.14953
W1358,52.32928,10.11478
W1359,52.32928,10.14435
W1360,52.32928,10.17391
W0243,52.3203,10.2182
W1361,52.32928,10.23304
W1362,52.32928,10.2626
W0244,52.3203,10.3068
W0245,52.3203,10.3363
W1363,52.32928,10.3513
W1364,52.32928,10.38086
W1365,52.32928,10.41042
W1366,52.32928,10.43999
W1367,52.32928,10.46955
W1368,52.32928,10.49912
W1369,52.32928,10.52868
W0246,52.3203,10.5726
W0247,52.3203,10.6021
W0248,52.3203,10.6317
W0249,52.3203,10.6612
W0250,52.3203,10.6908
W0251,52.3203,10.7203
W0252,52.3203,10.7498
W1370,52.32928,10.76519
W1371,52.32928,10.79476
W0253,52.3203,10.8384
W0254,52.3203,10.868
W1372,52.32928,10.88345
W0255,52.3203,10.9271
W0256,52.3203,10.9566
W0257,52.3203,10.9861
W1373,52.32928,11.00171
W0258,52.3203,11.0452
W1374,52.32928,11.06084
W1375,52.32928,11.0904
W1376,52.32928,11.11997
W1377,52.32928,11.14953
W0260,52.3383,10.1295
W1378,52.3473,10.14435
W1379,52.3473,10.17391
W1380,52.3473,10.20347
W1381,52.3473,10.23304
W0281,52.3563,10.2772
W0282,52.3563,10.3068
W0261,52.3383,10.3363
W0262,52.3383,10.3658
W1382,52.3473,10.38086
W0285,52.3563,10.4249
W1383,52.3473,10.43999
W0263,52.3383,10.484
W0264,52.3383,10.5135
W1384,52.3473,10.52868
W0265,52.3383,10.5726
W0266,52.3383,10.6021
W0267,52.3383,10.6317
W0268,52.3383,10.6612
W0269,52.3383,10.6908
W0270,52.3383,10.7203
W0271,52.3383,10.7498
W1385,52.3473,10.76519
W0293,52.3563,10.8089
W0294,52.3563,10.8384
W0272,52.3383,10.868
W0273,52.3383,10.8975
W0274,52.3383,10.9271
W0275,52.3383,10.9566
W0276,52.3383,10.9861
W0297,52.3563,11.0157
W0298,52.3563,11.0452
W0299,52.3563,11.0747
W0277,52.3383,11.1043
W0278,52.3383,11.1338
W1386,52.3473,11.14953
W0302,52.3743,10.1
W1387,52.36532,10.14435
W0303,52.3743,10.1886
W1388,52.36532,10.20347
W1389,52.36532,10.23304
W1390,52.36532,10.2626
W0304,52.3743,10.3068
W0305,52.3743,10.3363
W0306,52.3743,10.3658
W0307,52.3743,10.3954
W0308,52.3743,10.4249
W1391,52.36532,10.43999
W1392,52.36532,10.46955
W0309,52.3743,10.5135
W1393,52.36532,10.52868
W0310,52.3743,10.5726
W1394,52.36532,10.58781
W1395,52.36532,10.61737
W0311,52.3743,10.6612
W0312,52.3743,10.6908
W0313,52.3743,10.7203
W0314,52.3743,10.7498
W0315,52.3743,10.7794
W0316,52.3743,10.8089
W0317,52.3743,10.8384
W0318,52.3743,10.868
W0319,52.3743,10.8975
W1396,52.36532,10.91302
W1397,52.36532,10.94258
W0320,52.3743,10.9861
W0321,52.3743,11.0157
W0322,52.3743,11.0452
W0323,52.3743,11.0747
W1607,52.36532,11.0904
W1398,52.36532,11.11997
W1399,52.36532,11.14953
W1400,52.38333,10.11478
W1401,52.38333,10.14435
W1402,52.38333,10.17391
W0324,52.3923,10.2182
W0325,52.3923,10.2477
W1403,52.38333,10.2626
W1404,52.38333,10.29217
W0326,52.3923,10.3363
W0327,52.3923,10.3658
W0328,52.3923,10.3954
W1405,52.38333,10.41042
W0329,52.3923,10.4545
W0330,52.3923,10.484
W0331,52.3923,10.5135
W1406,52.38333,10.52868
W1407,52.38333,10.55825
W0332,52.3923,10.6021
W1408,52.38333,10.61737
W0333,52.3923,10.6612
W0334,52.3923,10.6908
W0335,52.3923,10.7203
W0336,52.3923,10.7498
W0337,52.3923,10.7794
W0338,52.3923,10.8089
W1409,52.38333,10.82432
W0339,52.3923,10.868
W0340,52.3923,10.8975
W1410,52.38333,10.91302
W1411,52.38333,10.94258
W1412,52.38333,10.97214
W0341,52.3923,11.0157
W0342,52.3923,11.0452
W0343,52.3923,11.0747
W1413,52.38333,11.0904
W1414,52.38333,11.11997
W1415,52.38333,11.14953
W1416,52.40135,10.11478
W1417,52.40135,10.14435
W1418,52.40135,10.17391
W1419,52.40135,10.20347
W1420,52.40135,10.23304
W1421,52.40135,10.2626
W1422,52.40135,10.29217
W1423,52.40135,10.32173
W1424,52.40135,10.3513
W1425,52.40135,10.38086
W1426,52.40135,10.41042
W1427,52.40135,10.43999
W1428,52.40135,10.46955
W1429,52.40135,10.49912
W1430,52.40135,10.52868
W1431,52.40135,10.55825
W1432,52.40135,10.58781
W1433,52.40135,10.61737
W1434,52.40135,10.64694
W1435,52.40135,10.6765
W1436,52.40135,10.70607
W1437,52.40135,10.73563
W1438,52.40135,10.76519
W1439,52.40135,10.79476
W1440,52.40135,10.82432
W1441,52.40135,10.85389
W1442,52.40135,10.88345
W1443,52.40135,10.91302
W1444,52.40135,10.94258
W1445,52.40135,10.97214
W1446,52.40135,11.00171
W1447,52.40135,11.03127
W1448,52.40135,11.06084
W1449,52.40135,11.0904
W1450,52.40135,11.11997
W1451,52.40135,11.14953
W0345,52.4104,10.1295
W1452,52.41937,10.14435
W0346,52.4104,10.1886
W0347,52.4104,10.2182
W0348,52.4104,10.2477
W0349,52.4104,10.2772
W1453,52.41937,10.29217
W0350,52.4104,10.3363
W0351,52.4104,10.3658
W1454,52.41937,10.38086
W0352,52.4104,10.4249
W0353,52.4104,10.4545
W0354,52.4104,10.484
W0355,52.4104,10.5135
W0356,52.4104,10.5431
W1455,52.41937,10.55825
W1456,52.41937,10.58781
W1457,52.41937,10.61737
W1458,52.41937,10.64694
W1459,52.41937,10.6765
W1460,52.41937,10.70607
W0357,52.4104,10.7498
W0358,52.4104,10.7794
W0359,52.4104,10.8089
W1461,52.41937,10.82432
W0360,52.4104,10.868
W0361,52.4104,10.8975
W0362,52.4104,10.9271
W0363,52.4104,10.9566
W1462,52.41937,10.97214
W1463,52.41937,11.00171
W0364,52.4104,11.0452
W1464,52.41937,11.06084
W1465,52.41937,11.0904
W1466,52.41937,11.11997
W1467,52.41937,11.14953
W0366,52.4284,10.1295
W0367,52.4284,10.1591
W0368,52.4284,10.1886
W0369,52.4284,10.2182
W0370,52.4284,10.2477
W0371,52.4284,10.2772
W0372,52.4284,10.3068
W0373,52.4284,10.3363
W0374,52.4284,10.3658
W1468,52.43739,10.38086
W1469,52.43739,10.41042
W0375,52.4284,10.4545
W0376,52.4284,10.484
W0377,52.4284,10.5135
W0378,52.4284,10.5431
W0379,52.4284,10.5726
W1470,52.43739,10.58781
W0380,52.4284,10.6317
W0381,52.4284,10.6612
W1471,52.43739,10.6765
W1472,52.43739,10.70607
W0382,52.4284,10.7498
W1473,52.43739,10.76519
W1474,52.43739,10.79476
W1475,52.43739,10.82432
W0383,52.4284,10.868
W0384,52.4284,10.8975
W0385,52.4284,10.9271
W0386,52.4284,10.9566
W1476,52.43739,10.97214
W0387,52.4284,11.0157
W0388,52.4284,11.0452
W1477,52.43739,11.06084
W1478,52.43739,11.0904
W0389,52.4284,11.1338
W1479,52.43739,11.14953
W0416,52.4644,10.1295
W0417,52.4644,10.1591
W0418,52.4644,10.1886
W0419,52.4644,10.2182
W0420,52.4644,10.2477
W0421,52.4644,10.2772
W0422,52.4644,10.3068
W0423,52.4644,10.3363
W0424,52.4644,10.3658
W0425,52.4644,10.3954
W0426,52.4644,10.4249
W0427,52.4644,10.4545
W0428,52.4644,10.484
W0429,52.4644,10.5135
W0430,52.4644,10.5431
W0431,52.4644,10.5726
W0432,52.4644,10.6021
W0433,52.4644,10.6317
W0434,52.4644,10.6612
W0435,52.4644,10.6908
W0408,52.4464,10.7203
W1481,52.45541,10.73563
W0436,52.4644,10.7794
W0437,52.4644,10.8089
W0438,52.4644,10.8384
W0439,52.4644,10.868
W0440,52.4644,10.8975
W0441,52.4644,10.9271
W0442,52.4644,10.9566
W1482,52.45541,10.97214
W1609,52.45541,11.00171
W0443,52.4644,11.0452
W1483,52.45541,11.06084
W0444,52.4644,11.1043
W0445,52.4644,11.1338
W1484,52.45541,11.14953
W0446,52.4824,10.1295
W0447,52.4824,10.1591
W0448,52.4824,10.1886
W1485,52.47342,10.20347
W0449,52.4824,10.2477
W0450,52.4824,10.2772
W0451,52.4824,10.3068
W1486,52.47342,10.32173
W1487,52.47342,10.3513
W0452,52.4824,10.3954
W0453,52.4824,10.4249
W0454,52.4824,10.4545
W0455,52.4824,10.484
W0456,52.4824,10.5135
W1488,52.47342,10.52868
W0457,52.4824,10.5726
W0458,52.4824,10.6021
W0459,52.4824,10.6317
W0460,52.4824,10.6612
W0461,52.4824,10.6908
W0462,52.4824,10.7203
W1489,52.47342,10.73563
W0463,52.4824,10.7794
W0464,52.4824,10.8089
W1490,52.47342,10.82432
W1491,52.47342,10.85389
W1492,52.47342,10.88345
W1493,52.47342,10.91302
W0465,52.4824,10.9566
W0466,52.4824,10.9861
W0467,52.4824,11.0157
W0468,52.4824,11.0452
W1494,52.47342,11.06084
W1495,52.47342,11.0904
W1496,52.47342,11.11997
W1497,52.47342,11.14953
W1498,52.49144,10.11478
W1499,52.49144,10.14435
W1500,52.49144,10.17391
W1501,52.49144,10.20347
W1502,52.49144,10.23304
W1503,52.49144,10.2626
W1504,52.49144,10.29217
W1505,52.49144,10.32173
W1506,52.49144,10.3513
W1507,52.49144,10.38086
W1508,52.49144,10.41042
W1509,52.49144,10.43999
W1510,52.49144,10.46955
W1511,52.49144,10.49912
W1512,52.49144,10.52868
W1513,52.49144,10.55825
W1514,52.49144,10.58781
W1515,52.49144,10.61737
W1516,52.49144,10.64694
W1517,52.49144,10.6765
W1518,52.49144,10.70607
W1519,52.49144,10.73563
W1520,52.49144,10.76519
W1521,52.49144,10.79476
W1522,52.49144,10.82432
W1523,52.49144,10.85389
W1524,52.49144,10.88345
W1525,52.49144,10.91302
W1526,52.49144,10.94258
W1527,52.49144,10.97214
W1528,52.49144,11.00171
W1529,52.49144,11.03127
W1530,52.49144,11.06084
W1531,52.49144,11.0904
W1532,52.49144,11.11997
W1533,52.49144,11.14953
W0470,52.5005,10.1295
W0471,52.5005,10.1591
W0472,52.5005,10.1886
W1534,52.50946,10.20347
W0473,52.5005,10.2477
W0474,52.5005,10.2772
W0475,52.5005,10.3068
W1535,52.50946,10.32173
W1536,52.50946,10.3513
W0476,52.5005,10.3954
W0477,52.5005,10.4249
W0478,52.5005,10.4545
W0479,52.5005,10.484
W0480,52.5005,10.5135
W0481,52.5005,10.5431
W0482,52.5005,10.5726
W0483,52.5005,10.6021
W1537,52.50946,10.61737
W0484,52.5005,10.6612
W0485,52.5005,10.6908
W0486,52.5005,10.7203
W0487,52.5005,10.7498
W1538,52.50946,10.76519
W0488,52.5005,10.8089
W0489,52.5005,10.8384
W0490,52.5005,10.868
W0491,52.5005,10.8975
W0492,52.5005,10.9271
W0493,52.5005,10.9566
W0494,52.5005,10.9861
W1539,52.50946,11.00171
W1540,52.50946,11.03127
W1541,52.50946,11.06084
W0495,52.5005,11.1043
W1542,52.50946,11.11997
W1543,52.50946,11.14953
W0497,52.5185,10.1295
W0498,52.5185,10.1591
W1544,52.52748,10.17391
W1545,52.52748,10.20347
W0499,52.5185,10.2477
W0500,52.5185,10.2772
W0501,52.5185,10.3068
W1546,52.52748,10.32173
W1547,52.52748,10.3513
W0502,52.5185,10.3954
W0503,52.5185,10.4249
W0504,52.5185,10.4545
W1548,52.52748,10.46955
W0505,52.5185,10.5135
W0506,52.5185,10.5431
W0507,52.5185,10.5726
W0508,52.5185,10.6021
W0509,52.5185,10.6317
W0510,52.5185,10.6612
W0511,52.5185,10.6908
W0512,52.5185,10.7203
W0513,52.5185,10.7498
W0514,52.5185,10.7794
W1549,52.52748,10.79476
W0515,52.5185,10.8384
W0516,52.5185,10.868
W0517,52.5185,10.8975
W0518,52.5185,10.9271
W0519,52.5185,10.9566
W0520,52.5185,10.9861
W0521,52.5185,11.0157
W1550,52.52748,11.03127
W1551,52.52748,11.06084
W1552,52.52748,11.0904
W1553,52.52748,11.11997
W1554,52.52748,11.14953
W0523,52.5365,10.1295
W1555,52.5455,10.14435
W1556,52.5455,10.17391
W0524,52.5365,10.2182
W0525,52.5365,10.2477
W0526,52.5365,10.2772
W0527,52.5365,10.3068
W0547,52.5545,10.3363
W1557,52.5455,10.3513
W0548,52.5545,10.3954
W0549,52.5545,10.4249
W0528,52.5365,10.4545
W0529,52.5365,10.484
W0530,52.5365,10.5135
W0531,52.5365,10.5431
W0532,52.5365,10.5726
W0533,52.5365,10.6021
W0534,52.5365,10.6317
W0535,52.5365,10.6612
W0536,52.5365,10.6908
W0537,52.5365,10.7203
W0538,52.5365,10.7498
W0539,52.5365,10.7794
W0540,52.5365,10.8089
W0562,52.5545,10.8384
W0563,52.5545,10.868
W0564,52.5545,10.8975
W0541,52.5365,10.9271
W0542,52.5365,10.9566
W1558,52.5455,10.97214
W1559,52.5455,11.00171
W1560,52.5455,11.03127
W0543,52.5365,11.0747
W0544,52.5365,11.1043
W0567,52.5545,11.1338
W1561,52.5455,11.14953
W1562,52.56351,10.11478
W0568,52.5725,10.1591
W0569,52.5725,10.1886
W0570,52.5725,10.2182
W1563,52.56351,10.23304
W0571,52.5725,10.2772
W0572,52.5725,10.3068
W0573,52.5725,10.3363
W0574,52.5725,10.3658
W0575,52.5725,10.3954
W0576,52.5725,10.4249
W0577,52.5725,10.4545
W0578,52.5725,10.484
W0579,52.5725,10.5135
W0580,52.5725,10.5431
W0581,52.5725,10.5726
W0582,52.5725,10.6021
W0583,52.5725,10.6317
W0584,52.5725,10.6612
W0585,52.5725,10.6908
W0586,52.5725,10.7203
W0587,52.5725,10.7498
W0588,52.5725,10.7794
W0589,52.5725,10.8089
W0590,52.5725,10.8384
W0591,52.5725,10.868
W0592,52.5725,10.8975
W0593,52.5725,10.9271
W1564,52.56351,10.94258
W1565,52.56351,10.97214
W1566,52.56351,11.00171
W1567,52.56351,11.03127
W0594,52.5725,11.0747
W1568,52.56351,11.0904
W0595,52.5725,11.1338
W1569,52.56351,11.14953
W1570,52.58153,10.11478
W0596,52.5905,10.1591
W0597,52.5905,10.1886
W0598,52.5905,10.2182
W0599,52.5905,10.2477
W0600,52.5905,10.2772
W0601,52.5905,10.3068
W0602,52.5905,10.3363
W1571,52.58153,10.3513
W1572,52.58153,10.38086
W1573,52.58153,10.41042
W0603,52.5905,10.4545
W0604,52.5905,10.484
W0605,52.5905,10.5135
W0606,52.5905,10.5431
W0607,52.5905,10.5726
W1574,52.58153,10.58781
W0608,52.5905,10.6317
W0609,52.5905,10.6612
W0610,52.5905,10.6908
W0611,52.5905,10.7203
W0612,52.5905,10.7498
W0613,52.5905,10.7794
W0614,52.5905,10.8089
W0615,52.5905,10.8384
W0616,52.5905,10.868
W1575,52.58153,10.88345
W1576,52.58153,10.91302
W0617,52.5905,10.9566
W1577,52.58153,10.97214
W0618,52.5905,11.0157
W0619,52.5905,11.0452
W1578,52.58153,11.06084
W1579,52.58153,11.0904
W0620,52.5905,11.1338
W1580,52.58153,11.14953
W1581,52.59955,10.11478
W1582,52.59955,10.14435
W1583,52.59955,10.17391
W1584,52.59955,10.20347
W1585,52.59955,10.23304
W1586,52.59955,10.2626
W1587,52.59955,10.29217
W1588,52.59955,10.32173
W1589,52.59955,10.3513
W1590,52.59955,10.38086
W1591,52.59955,10.41042
W1592,52.59955,10.43999
W1593,52.59955,10.46955
W1594,52.59955,10.49912
W1595,52.59955,10.52868
W1596,52.59955,10.55825
W1597,52.59955,10.58781
W1598,52.59955,10.61737
W1599,52.59955,10.64694
W1600,52.59955,10.6765
W1601,52.59955,10.70607
W1610,52.59955,10.73563
W1602,52.59955,10.76519
W1603,52.59955,10.79476
W1611,52.59955,10.82432
W1604,52.59955,10.85389
W1605,52.59955,10.88345
W1606,52.59955,10.91302
W1607,52.59955,10.94258
W1608,52.59955,10.97214
W1609,52.59955,11.00171
W1610,52.59955,11.03127
W1611,52.59955,11.06084
W1612,52.59955,11.0904
W1613,52.59955,11.11997
W1614,52.59955,11.14953
W0621,52.6086,10.1295
W0622,52.6086,10.1591
W0623,52.6086,10.1886
W0624,52.6086,10.2182
W0625,52.6086,10.2477
W0626,52.6086,10.2772
W0627,52.6086,10.3068
W1615,52.61757,10.32173
W0628,52.6086,10.3658
W0629,52.6086,10.3954
W0630,52.6086,10.4249
W1616,52.61757,10.43999
W0631,52.6086,10.484
W0632,52.6086,10.5135
W0633,52.6086,10.5431
W1617,52.61757,10.55825
W0634,52.6086,10.6021
W0635,52.6086,10.6317
W0636,52.6086,10.6612
W0637,52.6086,10.6908
W0638,52.6086,10.7203
W0639,52.6086,10.7498
W0640,52.6086,10.7794
W0641,52.6086,10.8089
W0642,52.6086,10.8384
W0643,52.6086,10.868
W1618,52.61757,10.88345
W1619,52.61757,10.91302
W0644,52.6086,10.9566
W0645,52.6086,10.9861
W0646,52.6086,11.0157
W0647,52.6086,11.0452
W0648,52.6086,11.0747
W0649,52.6086,11.1043
W0650,52.6086,11.1338
W1620,52.61757,11.14953
W0652,52.6266,10.1295
W0653,52.6266,10.1591
W0654,52.6266,10.1886
W0655,52.6266,10.2182
W0656,52.6266,10.2477
W0657,52.6266,10.2772
W1621,52.63559,10.29217
W1622,52.63559,10.32173
W0658,52.6266,10.3658
W0659,52.6266,10.3954
W0660,52.6266,10.4249
W0661,52.6266,10.4545
W0662,52.6266,10.484
W0663,52.6266,10.5135
W1623,52.63559,10.52868
W0664,52.6266,10.5726
W0665,52.6266,10.6021
W0666,52.6266,10.6317
W0667,52.6266,10.6612
W0668,52.6266,10.6908
W0669,52.6266,10.7203
W0670,52.6266,10.7498
W0671,52.6266,10.7794
W0672,52.6266,10.8089
W0673,52.6266,10.8384
W0674,52.6266,10.868
W1624,52.63559,10.88345
W1625,52.63559,10.91302
W0675,52.6266,10.9566
W0676,52.6266,10.9861
W0677,52.6266,11.0157
W0678,52.6266,11.0452
W1626,52.63559,11.06084
W0679,52.6266,11.1043
W0680,52.6266,11.1338
W1627,52.63559,11.14953
W0707,52.6626,10.1
W0709,52.6626,10.1591
W0710,52.6626,10.1886
W0711,52.6626,10.2182
W1628,52.6536,10.23304
W0712,52.6626,10.2772
W0684,52.6446,10.3068
W0713,52.6626,10.3363
W0714,52.6626,10.3658
W0715,52.6626,10.3954
W0716,52.6626,10.4249
W0717,52.6626,10.4545
W1629,52.6536,10.46955
W0718,52.6626,10.5135
W0719,52.6626,10.5431
W0720,52.6626,10.5726
W0721,52.6626,10.6021
W0722,52.6626,10.6317
W0723,52.6626,10.6612
W0724,52.6626,10.6908
W0725,52.6626,10.7203
W0726,52.6626,10.7498
W0727,52.6626,10.7794
W0728,52.6626,10.8089
W0729,52.6626,10.8384
W0730,52.6626,10.868
W0731,52.6626,10.8975
W0732,52.6626,10.9271
W0733,52.6626,10.9566
W0734,52.6626,10.9861
W0735,52.6626,11.0157
W0736,52.6626,11.0452
W0737,52.6626,11.0747
W0705,52.6446,11.1043
W0738,52.6626,11.1338
W1630,52.6536,11.14953
W0740,52.6806,10.1295
W0741,52.6806,10.1591
W0742,52.6806,10.1886
W0743,52.6806,10.2182
W0744,52.6806,10.2477
W0745,52.6806,10.2772
W0746,52.6806,10.3068
W1631,52.67162,10.32173
W0747,52.6806,10.3658
W0748,52.6806,10.3954
W0749,52.6806,10.4249
W0750,52.6806,10.4545
W0751,52.6806,10.484
W0752,52.6806,10.5135
W1632,52.67162,10.52868
W0753,52.6806,10.5726
W0754,52.6806,10.6021
W0755,52.6806,10.6317
W0756,52.6806,10.6612
W0757,52.6806,10.6908
W0758,52.6806,10.7203
W0759,52.6806,10.7498
W0760,52.6806,10.7794
W0761,52.6806,10.8089
W1633,52.67162,10.82432
W1634,52.67162,10.85389
W0762,52.6806,10.8975
W0763,52.6806,10.9271
W0764,52.6806,10.9566
W0765,52.6806,10.9861
W1635,52.67162,11.00171
W0766,52.6806,11.0452
W1636,52.67162,11.06084
W1637,52.67162,11.0904
W1638,52.67162,11.11997
W1639,52.67162,11.14953
W0768,52.6986,10.1295
W0769,52.6986,10.1591
W0770,52.6986,10.1886
W0771,52.6986,10.2182
W0772,52.6986,10.2477
W0773,52.6986,10.2772
W0774,52.6986,10.3068
W1640,52.68964,10.32173
W0775,52.6986,10.3658
W0776,52.6986,10.3954
W0777,52.6986,10.4249
W0778,52.6986,10.4545
W0779,52.6986,10.484
W0780,52.6986,10.5135
W0781,52.6986,10.5431
W0782,52.6986,10.5726
W0783,52.6986,10.6021
W0784,52.6986,10.6317
W0785,52.6986,10.6612
W1641,52.68964,10.6765
W0786,52.6986,10.7203
W1642,52.68964,10.73563
W1643,52.68964,10.76519
W1644,52.68964,10.79476
W0787,52.6986,10.8384
W0788,52.6986,10.868
W0789,52.6986,10.8975
W0790,52.6986,10.9271
W0791,52.6986,10.9566
W0792,52.6986,10.9861
W1645,52.68964,11.00171
W0793,52.6986,11.0452
W0794,52.6986,11.0747
W0795,52.6986,11.1043
W0796,52.6986,11.1338
W1646,52.68964,11.14953
W1647,52.70766,10.11478
W1648,52.70766,10.14435
W1649,52.70766,10.17391
W1650,52.70766,10.20347
W1651,52.70766,10.23304
W1652,52.70766,10.2626
W1653,52.70766,10.29217
W1654,52.70766,10.32173
W1655,52.70766,10.3513
W1656,52.70766,10.38086
W1657,52.70766,10.41042
W1658,52.70766,10.43999
W1659,52.70766,10.46955
W1660,52.70766,10.49912
W1661,52.70766,10.52868
W1662,52.70766,10.55825
W1663,52.70766,10.58781
W1664,52.70766,10.61737
W1665,52.70766,10.64694
W1666,52.70766,10.6765
W1667,52.70766,10.70607
W1668,52.70766,10.73563
W1669,52.70766,10.76519
W1670,52.70766,10.79476
W1671,52.70766,10.82432
W1672,52.70766,10.85389
W1673,52.70766,10.88345
W1674,52.70766,10.91302
W1675,52.70766,10.94258
W1676,52.70766,10.97214
W1677,52.70766,11.00171
W1678,52.70766,11.03127
W1679,52.70766,11.06084
W1680,52.70766,11.0904
W1681,52.70766,11.11997
W1682,52.70766,11.14953
W0798,52.7167,10.1295
W0799,52.7167,10.1591
W0800,52.7167,10.1886
W0801,52.7167,10.2182
W0802,52.7167,10.2477
W0803,52.7167,10.2772
W0804,52.7167,10.3068
W0805,52.7167,10.3363
W0806,52.7167,10.3658
W0807,52.7167,10.3954
W0808,52.7167,10.4249
W0809,52.7167,10.4545
W0810,52.7167,10.484
W0811,52.7167,10.5135
W0812,52.7167,10.5431
W0813,52.7167,10.5726
W0814,52.7167,10.6021
W1683,52.72568,10.61737
W0815,52.7167,10.6612
W0816,52.7167,10.6908
W1684,52.72568,10.70607
W1685,52.72568,10.73563
W1686,52.72568,10.76519
W0817,52.7167,10.8089
W0818,52.7167,10.8384
W0819,52.7167,10.868
W0820,52.7167,10.8975
W0821,52.7167,10.9271
W1687,52.72568,10.94258
W1688,52.72568,10.97214
W1689,52.72568,11.00171
W1690,52.72568,11.03127
W0822,52.7167,11.0747
W1691,52.72568,11.0904
W0823,52.7167,11.1338
W1692,52.72568,11.14953
W0825,52.7347,10.1295
W0826,52.7347,10.1591
W0827,52.7347,10.1886
W0828,52.7347,10.2182
W0829,52.7347,10.2477
W0860,52.7527,10.2772
W0830,52.7347,10.3068
W0831,52.7347,10.3363
W0832,52.7347,10.3658
W0833,52.7347,10.3954
W0834,52.7347,10.4249
W0835,52.7347,10.4545
W0836,52.7347,10.484
W0837,52.7347,10.5135
W0838,52.7347,10.5431
W0839,52.7347,10.5726
W0840,52.7347,10.6021
W1694,52.74369,10.61737
W0841,52.7347,10.6612
W1695,52.74369,10.6765
W0872,52.7527,10.7203
W0873,52.7527,10.7498
W0874,52.7527,10.7794
W0842,52.7347,10.8089
W0843,52.7347,10.8384
W0844,52.7347,10.868
W0845,52.7347,10.8975
W0846,52.7347,10.9271
W0847,52.7347,10.9566
W0848,52.7347,10.9861
W0849,52.7347,11.0157
W0850,52.7347,11.0452
W0851,52.7347,11.0747
W0852,52.7347,11.1043
W0853,52.7347,11.1338
W1699,52.74369,11.14953
W0887,52.7707,10.1295
W0888,52.7707,10.1591
W0889,52.7707,10.1886
W0890,52.7707,10.2182
W0891,52.7707,10.2477
W0892,52.7707,10.2772
W0893,52.7707,10.3068
W0894,52.7707,10.3363
W0895,52.7707,10.3658
W0896,52.7707,10.3954
W0897,52.7707,10.4249
W0898,52.7707,10.4545
W0899,52.7707,10.484
W0900,52.7707,10.5135
W0901,52.7707,10.5431
W0902,52.7707,10.5726
W0903,52.7707,10.6021
W0904,52.7707,10.6317
W0905,52.7707,10.6612
W0906,52.7707,10.6908
W0907,52.7707,10.7203
W0908,52.7707,10.7498
W0909,52.7707,10.7794
W0910,52.7707,10.8089
W0911,52.7707,10.8384
W0912,52.7707,10.868
W0913,52.7707,10.8975
W0914,52.7707,10.9271
W0915,52.7707,10.9566
W0916,52.7707,10.9861
W0917,52.7707,11.0157
W0918,52.7707,11.0452
W1700,52.76171,11.06084
W1701,52.76171,11.0904
W1702,52.76171,11.11997
W1703,52.76171,11.14953
W0920,52.7887,10.1295
W0921,52.7887,10.1591
W0922,52.7887,10.1886
W0923,52.7887,10.2182
W0924,52.7887,10.2477
W0925,52.7887,10.2772
W0926,52.7887,10.3068
W0927,52.7887,10.3363
W0928,52.7887,10.3658
W0929,52.7887,10.3954
W0930,52.7887,10.4249
W0931,52.7887,10.4545
W0932,52.7887,10.484
W0933,52.7887,10.5135
W0934,52.7887,10.5431
W0935,52.7887,10.5726
W0936,52.7887,10.6021
W1704,52.77973,10.61737
W0937,52.7887,10.6612
W0938,52.7887,10.6908
W0939,52.7887,10.7203
W0940,52.7887,10.7498
W0941,52.7887,10.7794
W0942,52.7887,10.8089
W0943,52.7887,10.8384
W0944,52.7887,10.868
W0945,52.7887,10.8975
W0946,52.7887,10.9271
W0947,52.7887,10.9566
W1705,52.77973,10.97214
W0948,52.7887,11.0157
W0949,52.7887,11.0452
W0950,52.7887,11.0747
W0951,52.7887,11.1043
W0952,52.7887,11.1338
W1706,52.77973,11.14953
W1707,52.79775,10.11478
W1616,52.79775,10.14435
W1617,52.79775,10.17391
W1618,52.79775,10.20347
W1619,52.79775,10.23304
W1620,52.79775,10.2626
W1621,52.79775,10.29217
W1622,52.79775,10.32173
W1623,52.79775,10.3513
W1624,52.79775,10.38086
W1625,52.79775,10.41042
W1626,52.79775,10.43999
W1627,52.79775,10.46955
W1708,52.79775,10.49912
W1709,52.79775,10.52868
W1710,52.79775,10.55825
W1711,52.79775,10.58781
W1712,52.79775,10.61737
W1713,52.79775,10.64694
W1714,52.79775,10.6765
W1715,52.79775,10.70607
W1716,52.79775,10.73563
W1717,52.79775,10.76519
W1628,52.79775,10.79476
W1718,52.79775,10.82432
W1719,52.79775,10.85389
W1720,52.79775,10.88345
W1721,52.79775,10.91302
W1722,52.79775,10.94258
W1723,52.79775,10.97214
W1724,52.79775,11.00171
W1725,52.79775,11.03127
W1726,52.79775,11.06084
W1727,52.79775,11.0904
W1728,52.79775,11.11997
W1729,52.79775,11.14953
W0954,52.8068,10.1295
W0955,52.8068,10.1591
W0956,52.8068,10.1886
W0957,52.8068,10.2182
W0958,52.8068,10.2477
W0959,52.8068,10.2772
W0960,52.8068,10.3068
W0961,52.8068,10.3363
W0962,52.8068,10.3658
W0963,52.8068,10.3954
W0964,52.8068,10.4249
W0965,52.8068,10.4545
W0966,52.8068,10.484
W0967,52.8068,10.5135
W0968,52.8068,10.5431
W0969,52.8068,10.5726
W0970,52.8068,10.6021
W0971,52.8068,10.6317
W0972,52.8068,10.6612
W0973,52.8068,10.6908
W0974,52.8068,10.7203
W0975,52.8068,10.7498
W0976,52.8068,10.7794
W0977,52.8068,10.8089
W1730,52.81577,10.82432
W0978,52.8068,10.868
W0979,52.8068,10.8975
W1731,52.81577,10.91302
W0980,52.8068,10.9566
W1732,52.81577,10.97214
W1733,52.81577,11.00171
W0981,52.8068,11.0452
W0982,52.8068,11.0747
W0983,52.8068,11.1043
W0984,52.8068,11.1338
W1734,52.81577,11.14953
W0986,52.8248,10.1295
W0987,52.8248,10.1591
W0988,52.8248,10.1886
W0989,52.8248,10.2182
W0990,52.8248,10.2477
W0991,52.8248,10.2772
W0992,52.8248,10.3068
W0993,52.8248,10.3363
W0994,52.8248,10.3658
W0995,52.8248,10.3954
W0996,52.8248,10.4249
W0997,52.8248,10.4545
W0998,52.8248,10.484
W0999,52.8248,10.5135
W1000,52.8248,10.5431
W1001,52.8248,10.5726
W1002,52.8248,10.6021
W1003,52.8248,10.6317
W1735,52.83378,10.64694
W1736,52.83378,10.6765
W1004,52.8248,10.7203
W1005,52.8248,10.7498
W1006,52.8248,10.7794
W1007,52.8248,10.8089
W1737,52.83378,10.82432
W1008,52.8248,10.868
W1009,52.8248,10.8975
W1010,52.8248,10.9271
W1011,52.8248,10.9566
W1012,52.8248,10.9861
W1738,52.83378,11.00171
W1013,52.8248,11.0452
W1739,52.83378,11.06084
W1014,52.8248,11.1043
W1015,52.8248,11.1338
W1740,52.83378,11.14953
W1017,52.8428,10.1295
W1018,52.8428,10.1591
W1019,52.8428,10.1886
W1020,52.8428,10.2182
W1021,52.8428,10.2477
W1022,52.8428,10.2772
W1023,52.8428,10.3068
W1024,52.8428,10.3363
W1025,52.8428,10.3658
W1026,52.8428,10.3954
W1027,52.8428,10.4249
W1028,52.8428,10.4545
W1029,52.8428,10.484
W1030,52.8428,10.5135
W1031,52.8428,10.5431
W1032,52.8428,10.5726
W1033,52.8428,10.6021
W1034,52.8428,10.6317
W1035,52.8428,10.6612
W1036,52.8428,10.7203
W1037,52.8428,10.7498
W1038,52.8428,10.7794
W1039,52.8428,10.8089
W1040,52.8428,10.8384
W1041,52.8428,10.868
W1042,52.8428,10.8975
W1043,52.8428,10.9271
W1044,52.8428,10.9566
W1045,52.8428,10.9861
W1046,52.8428,11.0747
