datum,ort,lat,lon,regen_icon,regen_era5,temperatur,bt07,bf07,bt728,bf728,et0,quelle
2026-08-01,W0001,52.05,10.1,0.2,,18.1,21.1,0.128,21.1,0.141,3.83,icon_d2
2026-08-01,W0002,52.05,10.1591,1.1,,17.9,21.1,0.128,21.1,0.141,3.66,icon_d2
2026-08-01,W0003,52.05,10.1886,1.9,,18.4,21.1,0.14,21.1,0.145,3.66,icon_d2
2026-08-01,W0004,52.05,10.2182,2.2,,17.7,21.1,0.14,21.1,0.145,3.49,icon_d2
2026-08-01,W0005,52.05,10.2477,2.6,,18.5,21.1,0.14,21.1,0.145,3.58,icon_d2
2026-08-01,W0006,52.05,10.2772,3.1,,18.6,21.1,0.14,21.1,0.145,3.57,icon_d2
2026-08-01,W0007,52.05,10.3363,2.6,,18.4,21.1,0.14,21.1,0.145,3.55,icon_d2
2026-08-01,W0008,52.05,10.3658,2.6,,18.6,21.4,0.145,21.3,0.146,3.56,icon_d2
2026-08-01,W0009,52.05,10.5135,1.4,,19.1,21.3,0.161,21.3,0.141,3.62,icon_d2
2026-08-01,W0010,52.05,10.6317,7.1,,19.2,21.3,0.161,21.3,0.141,3.68,icon_d2
2026-08-01,W0011,52.05,10.8089,16.6,,19.5,21.4,0.195,21.4,0.146,3.63,icon_d2
2026-08-01,W0012,52.068,10.1,0.2,,18.2,21.1,0.128,21.1,0.141,3.72,icon_d2
2026-08-01,W0013,52.068,10.1295,0.2,,18.4,21.1,0.128,21.1,0.141,3.74,icon_d2
2026-08-01,W0014,52.068,10.1591,0.6,,18.5,21.1,0.128,21.1,0.141,3.71,icon_d2
2026-08-01,W0015,52.068,10.1886,0.6,,18.6,21.1,0.14,21.1,0.145,3.69,icon_d2
2026-08-01,W0016,52.068,10.2182,1.6,,18.2,21.1,0.14,21.1,0.145,3.66,icon_d2
2026-08-01,W0017,52.068,10.3363,2.8,,18.2,21.1,0.14,21.1,0.145,3.58,icon_d2
2026-08-01,W0018,52.068,10.3658,2.5,,18.5,20.7,0.145,20.6,0.146,3.57,icon_d2
2026-08-01,W0019,52.068,10.3954,2.4,,18.4,21.4,0.145,21.3,0.146,3.54,icon_d2
2026-08-01,W0020,52.068,10.4249,2.1,,18.6,21.4,0.145,21.3,0.146,3.57,icon_d2
2026-08-01,W0021,52.068,10.5135,1.2,,18.6,21.3,0.161,21.3,0.141,3.62,icon_d2
2026-08-01,W0022,52.068,10.5431,1.0,,18.9,21.3,0.161,21.3,0.141,3.7,icon_d2
2026-08-01,W0023,52.086,10.1,0.3,,17.9,21.1,0.128,21.1,0.141,3.66,icon_d2
2026-08-01,W0024,52.086,10.1295,0.2,,18.1,21.1,0.131,21.2,0.146,3.72,icon_d2
2026-08-01,W0025,52.086,10.1886,0.3,,18.5,21.1,0.14,21.1,0.145,3.72,icon_d2
2026-08-01,W0026,52.086,10.2182,0.2,,18.7,21.1,0.14,21.1,0.145,3.73,icon_d2
2026-08-01,W0027,52.086,10.3363,2.4,,18.0,21.0,0.142,21.2,0.148,3.55,icon_d2
2026-08-01,W0028,52.086,10.3658,2.7,,17.7,20.7,0.145,20.6,0.146,3.44,icon_d2
2026-08-01,W0029,52.086,10.3954,2.4,,18.6,21.4,0.145,21.3,0.146,3.55,icon_d2
2026-08-01,W0030,52.086,10.5135,1.2,,18.3,20.7,0.159,21.0,0.148,3.76,icon_d2
2026-08-01,W0031,52.086,10.5431,1.0,,19.1,21.3,0.161,21.3,0.141,3.9,icon_d2
2026-08-01,W0032,52.086,10.5726,0.8,,19.2,21.3,0.161,21.3,0.141,3.84,icon_d2
2026-08-01,W0033,52.086,11.1338,0.3,,19.2,22.3,0.201,22.5,0.148,3.47,icon_d2
2026-08-01,W0034,52.1041,10.1295,0.2,,18.6,21.1,0.131,21.2,0.146,3.77,icon_d2
2026-08-01,W0035,52.1041,10.1591,0.2,,18.7,21.1,0.131,21.2,0.146,3.76,icon_d2
2026-08-01,W0036,52.1041,10.2182,0.3,,18.5,21.1,0.14,21.1,0.145,3.7,icon_d2
2026-08-01,W0037,52.1041,10.2477,0.3,,18.3,21.0,0.142,21.2,0.148,3.6,icon_d2
2026-08-01,W0038,52.1041,10.2772,0.5,,17.9,20.3,0.142,20.5,0.148,3.57,icon_d2
2026-08-01,W0039,52.1041,10.3068,0.7,,18.3,21.0,0.142,21.2,0.148,3.49,icon_d2
2026-08-01,W0040,52.1041,10.3363,1.7,,17.9,21.0,0.142,21.2,0.148,3.5,icon_d2
2026-08-01,W0041,52.1041,10.3658,2.1,,18.5,21.4,0.145,21.3,0.146,3.53,icon_d2
2026-08-01,W0042,52.1041,10.484,1.8,,18.8,21.3,0.159,21.6,0.148,3.75,icon_d2
2026-08-01,W0043,52.1041,10.5135,1.5,,18.2,20.6,0.159,20.9,0.148,3.74,icon_d2
2026-08-01,W0044,52.1041,10.5431,1.5,,18.7,21.3,0.161,21.3,0.141,3.78,icon_d2
2026-08-01,W0045,52.1221,10.1,0.4,,18.4,21.1,0.131,21.2,0.146,3.79,icon_d2
2026-08-01,W0046,52.1221,10.1295,0.4,,18.2,21.1,0.131,21.2,0.146,3.78,icon_d2
2026-08-01,W0047,52.1221,10.1591,0.1,,18.2,21.1,0.131,21.2,0.146,3.65,icon_d2
2026-08-01,W0048,52.1221,10.1886,0.3,,18.7,21.1,0.131,21.2,0.146,3.71,icon_d2
2026-08-01,W0049,52.1221,10.2182,0.2,,18.7,21.0,0.142,21.2,0.148,3.7,icon_d2
2026-08-01,W0050,52.1221,10.2477,0.3,,18.5,21.0,0.142,21.2,0.148,3.6,icon_d2
2026-08-01,W0051,52.1221,10.2772,0.3,,18.0,21.0,0.142,21.2,0.148,3.45,icon_d2
2026-08-01,W0052,52.1221,10.3068,0.3,,18.2,21.0,0.142,21.2,0.148,3.46,icon_d2
2026-08-01,W0053,52.1221,10.3363,1.0,,18.6,21.0,0.142,21.2,0.148,3.54,icon_d2
2026-08-01,W0054,52.1221,10.3954,1.9,,19.1,21.3,0.159,21.6,0.148,3.59,icon_d2
2026-08-01,W0055,52.1221,10.484,2.6,,18.7,21.3,0.159,21.6,0.148,3.68,icon_d2
2026-08-01,W0056,52.1221,10.5135,2.0,,18.1,21.3,0.159,21.6,0.148,3.61,icon_d2
2026-08-01,W0057,52.1221,10.5431,1.5,,19.1,21.2,0.162,21.2,0.147,3.84,icon_d2
2026-08-01,W0058,52.1221,10.5726,1.8,,19.2,21.2,0.162,21.2,0.147,3.75,icon_d2
2026-08-01,W0059,52.1221,10.6612,0.8,,18.8,21.2,0.162,21.2,0.147,3.61,icon_d2
2026-08-01,W0060,52.1221,10.6908,1.1,,18.5,20.6,0.176,20.4,0.155,3.58,icon_d2
2026-08-01,W0061,52.1221,10.9861,13.9,,19.4,22.0,0.185,22.1,0.149,3.5,icon_d2
2026-08-01,W0062,52.1221,11.0157,13.4,,19.2,22.0,0.185,22.1,0.149,3.43,icon_d2
2026-08-01,W0063,52.1221,11.0452,11.3,,19.0,22.3,0.201,22.5,0.148,3.42,icon_d2
2026-08-01,W0064,52.1401,10.1,0.5,,18.0,21.1,0.131,21.2,0.146,3.73,icon_d2
2026-08-01,W0065,52.1401,10.1295,0.5,,18.3,21.1,0.131,21.2,0.146,3.75,icon_d2
2026-08-01,W0066,52.1401,10.1591,0.4,,17.8,21.1,0.131,21.2,0.146,3.6,icon_d2
2026-08-01,W0067,52.1401,10.1886,0.1,,18.3,21.1,0.131,21.2,0.146,3.68,icon_d2
2026-08-01,W0068,52.1401,10.2182,0.0,,18.7,21.0,0.142,21.2,0.148,3.68,icon_d2
2026-08-01,W0069,52.1401,10.3658,0.6,,19.0,21.3,0.159,21.6,0.148,3.63,icon_d2
2026-08-01,W0070,52.1401,10.484,2.4,,18.8,21.3,0.159,21.6,0.148,3.62,icon_d2
2026-08-01,W0071,52.1401,10.5135,2.2,,18.6,21.3,0.159,21.6,0.148,3.63,icon_d2
2026-08-01,W0072,52.1401,10.5431,1.9,,19.2,21.2,0.162,21.2,0.147,3.74,icon_d2
2026-08-01,W0073,52.1401,10.5726,1.7,,19.1,21.2,0.162,21.2,0.147,3.64,icon_d2
2026-08-01,W0074,52.1401,10.6317,1.4,,18.2,20.5,0.162,20.5,0.147,3.43,icon_d2
2026-08-01,W0075,52.1401,10.6612,1.0,,18.2,20.4,0.162,20.4,0.147,3.46,icon_d2
2026-08-01,W0076,52.1401,10.6908,0.8,,19.1,20.6,0.176,20.4,0.155,3.59,icon_d2
2026-08-01,W0077,52.1401,10.7203,0.9,,19.1,20.6,0.176,20.4,0.155,3.68,icon_d2
2026-08-01,W0078,52.1401,10.868,4.3,,19.0,22.0,0.185,22.1,0.149,3.52,icon_d2
2026-08-01,W0079,52.1401,10.8975,7.7,,18.7,22.0,0.185,22.1,0.149,3.53,icon_d2
2026-08-01,W0080,52.1401,10.9271,5.9,,18.0,21.2,0.185,21.4,0.149,3.28,icon_d2
2026-08-01,W0081,52.1401,10.9566,7.6,,18.7,22.0,0.185,22.1,0.149,3.43,icon_d2
2026-08-01,W0082,52.1401,11.0452,11.1,,19.0,22.3,0.201,22.5,0.148,3.42,icon_d2
2026-08-01,W0083,52.1581,10.3658,0.2,,18.9,21.5,0.141,21.7,0.142,3.59,icon_d2
2026-08-01,W0084,52.1581,10.3954,0.4,,19.2,21.3,0.159,21.6,0.148,3.64,icon_d2
2026-08-01,W0085,52.1581,10.4249,0.4,,19.2,21.3,0.159,21.6,0.148,3.64,icon_d2
2026-08-01,W0086,52.1581,10.484,1.5,,18.9,20.9,0.172,21.0,0.141,3.58,icon_d2
2026-08-01,W0087,52.1581,10.5135,2.2,,19.4,20.9,0.172,21.0,0.141,3.72,icon_d2
2026-08-01,W0088,52.1581,10.5431,2.4,,19.3,21.2,0.162,21.2,0.147,3.73,icon_d2
2026-08-01,W0089,52.1581,10.6317,1.4,,19.0,20.2,0.208,19.9,0.143,3.5,icon_d2
2026-08-01,W0090,52.1581,10.8384,1.5,,18.3,20.5,0.145,20.7,0.148,3.39,icon_d2
2026-08-01,W0091,52.1581,10.868,3.0,,18.2,21.2,0.185,21.3,0.149,3.37,icon_d2
2026-08-01,W0092,52.1581,10.8975,5.5,,17.8,21.0,0.185,21.1,0.149,3.25,icon_d2
2026-08-01,W0093,52.1581,10.9271,5.9,,17.9,21.2,0.185,21.3,0.149,3.28,icon_d2
2026-08-01,W0094,52.1581,10.9566,7.3,,19.1,22.0,0.185,22.1,0.149,3.53,icon_d2
2026-08-01,W0095,52.1581,10.9861,7.3,,19.1,21.9,0.168,21.7,0.145,3.53,icon_d2
2026-08-01,W0096,52.1581,11.0157,7.1,,18.7,21.9,0.168,21.7,0.145,3.41,icon_d2
2026-08-01,W0097,52.1581,11.0452,7.1,,18.9,22.3,0.201,22.5,0.148,3.42,icon_d2
2026-08-01,W0098,52.1581,11.1043,10.0,,18.5,22.3,0.201,22.5,0.148,3.37,icon_d2
2026-08-01,W0099,52.1761,10.2182,0.4,,18.2,21.0,0.142,21.2,0.148,3.69,icon_d2
2026-08-01,W0100,52.1761,10.3658,0.0,,18.9,21.5,0.141,21.7,0.142,3.64,icon_d2
2026-08-01,W0101,52.1761,10.4249,0.4,,19.1,20.9,0.172,21.0,0.141,3.6,icon_d2
2026-08-01,W0102,52.1761,10.4545,0.8,,18.9,20.9,0.172,21.0,0.141,3.57,icon_d2
2026-08-01,W0103,52.1761,10.484,0.8,,19.0,20.9,0.172,21.0,0.141,3.58,icon_d2
2026-08-01,W0104,52.1761,10.5431,1.7,,19.2,21.2,0.162,21.2,0.147,3.61,icon_d2
2026-08-01,W0105,52.1761,10.7794,0.9,,18.2,20.5,0.145,20.7,0.148,3.46,icon_d2
2026-08-01,W0106,52.1761,10.8089,0.9,,18.1,20.5,0.145,20.7,0.148,3.45,icon_d2
2026-08-01,W0107,52.1761,10.8384,1.2,,18.3,20.5,0.145,20.7,0.148,3.36,icon_d2
2026-08-01,W0108,52.1761,10.868,1.4,,18.2,20.5,0.145,20.7,0.148,3.35,icon_d2
2026-08-01,W0109,52.1761,10.8975,3.4,,18.3,22.0,0.185,22.1,0.149,3.35,icon_d2
2026-08-01,W0110,52.1761,10.9271,3.4,,18.7,21.9,0.168,21.7,0.145,3.39,icon_d2
2026-08-01,W0111,52.1761,10.9566,4.5,,18.8,21.9,0.168,21.7,0.145,3.41,icon_d2
2026-08-01,W0112,52.1761,10.9861,5.4,,19.1,21.9,0.168,21.7,0.145,3.48,icon_d2
2026-08-01,W0113,52.1761,11.0157,5.3,,18.8,21.9,0.168,21.7,0.145,3.41,icon_d2
2026-08-01,W0114,52.1761,11.0452,7.2,,18.8,22.3,0.201,22.5,0.148,3.44,icon_d2
2026-08-01,W0115,52.1761,11.1043,6.4,,18.5,21.8,0.194,22.1,0.15,3.32,icon_d2
2026-08-01,W0116,52.1941,10.1,0.3,,18.6,21.3,0.145,21.2,0.146,3.91,icon_d2
2026-08-01,W0117,52.1941,10.3068,0.3,,18.7,21.5,0.141,21.7,0.142,3.86,icon_d2
2026-08-01,W0118,52.1941,10.3363,0.0,,18.8,21.5,0.141,21.7,0.142,3.79,icon_d2
2026-08-01,W0119,52.1941,10.5431,1.4,,19.0,20.9,0.172,21.0,0.141,3.63,icon_d2
2026-08-01,W0120,52.1941,10.6317,1.8,,19.1,20.2,0.208,19.9,0.143,3.65,icon_d2
2026-08-01,W0121,52.1941,10.6908,1.5,,18.8,20.2,0.208,19.9,0.143,3.63,icon_d2
2026-08-01,W0122,52.1941,10.7203,1.4,,18.4,20.5,0.145,20.7,0.148,3.56,icon_d2
2026-08-01,W0123,52.1941,10.7498,0.7,,17.3,19.3,0.145,19.6,0.148,3.36,icon_d2
2026-08-01,W0124,52.1941,10.7794,0.7,,17.7,19.7,0.145,19.9,0.148,3.39,icon_d2
2026-08-01,W0125,52.1941,10.8089,0.8,,17.7,19.6,0.145,19.8,0.148,3.34,icon_d2
2026-08-01,W0126,52.1941,10.8384,0.6,,17.9,20.5,0.145,20.7,0.148,3.41,icon_d2
2026-08-01,W0127,52.1941,10.868,1.0,,18.7,20.5,0.145,20.7,0.148,3.52,icon_d2
2026-08-01,W0128,52.1941,10.9271,2.3,,18.9,21.9,0.168,21.7,0.145,3.45,icon_d2
2026-08-01,W0129,52.1941,10.9566,4.0,,18.6,21.9,0.168,21.7,0.145,3.39,icon_d2
2026-08-01,W0130,52.1941,11.0452,3.6,,18.8,21.8,0.194,22.1,0.15,3.39,icon_d2
2026-08-01,W0131,52.1941,11.0747,4.5,,18.5,21.8,0.194,22.1,0.15,3.29,icon_d2
2026-08-01,W0132,52.1941,11.1043,4.5,,18.7,21.8,0.194,22.1,0.15,3.3,icon_d2
2026-08-01,W0133,52.2122,10.3363,0.4,,18.7,21.5,0.141,21.7,0.142,3.7,icon_d2
2026-08-01,W0134,52.2122,10.5431,0.7,,19.2,21.2,0.147,21.4,0.142,3.84,icon_d2
2026-08-01,W0135,52.2122,10.5726,1.0,,19.0,20.2,0.208,19.9,0.143,3.71,icon_d2
2026-08-01,W0136,52.2122,10.6021,1.0,,19.2,20.2,0.208,19.9,0.143,3.73,icon_d2
2026-08-01,W0137,52.2122,10.7203,1.6,,17.8,19.7,0.145,20.0,0.148,3.42,icon_d2
2026-08-01,W0138,52.2122,10.7498,1.6,,17.9,20.5,0.145,20.7,0.148,3.44,icon_d2
2026-08-01,W0139,52.2122,10.7794,1.0,,17.3,19.4,0.145,19.7,0.148,3.32,icon_d2
2026-08-01,W0140,52.2122,10.8089,0.9,,17.4,19.6,0.145,19.8,0.148,3.34,icon_d2
2026-08-01,W0141,52.2122,10.8384,0.7,,18.2,20.5,0.145,20.7,0.148,3.52,icon_d2
2026-08-01,W0142,52.2122,10.8975,0.7,,18.6,21.9,0.168,21.7,0.145,3.51,icon_d2
2026-08-01,W0143,52.2122,10.9271,0.5,,18.7,21.9,0.168,21.7,0.145,3.42,icon_d2
2026-08-01,W0144,52.2122,10.9566,1.6,,18.5,21.9,0.168,21.7,0.145,3.37,icon_d2
2026-08-01,W0145,52.2122,10.9861,3.0,,18.8,21.9,0.168,21.7,0.145,3.41,icon_d2
2026-08-01,W0146,52.2122,11.0157,2.7,,19.4,21.9,0.168,21.7,0.145,3.39,icon_d2
2026-08-01,W0147,52.2122,11.0452,2.8,,18.5,21.8,0.194,22.1,0.15,3.3,icon_d2
2026-08-01,W0148,52.2122,11.0747,3.2,,18.5,21.8,0.194,22.1,0.15,3.26,icon_d2
2026-08-01,W0149,52.2122,11.1043,2.3,,18.9,21.8,0.194,22.1,0.15,3.38,icon_d2
2026-08-01,W0150,52.2122,11.1338,3.0,,19.0,21.8,0.194,22.1,0.15,3.41,icon_d2
2026-08-01,W0151,52.2302,10.5431,0.4,,19.2,21.2,0.147,21.4,0.142,3.77,icon_d2
2026-08-01,W0152,52.2302,10.5726,0.6,,19.1,20.2,0.208,19.9,0.143,3.72,icon_d2
2026-08-01,W0153,52.2302,10.6021,1.1,,19.1,20.2,0.208,19.9,0.143,3.66,icon_d2
2026-08-01,W0154,52.2302,10.6317,0.9,,18.9,20.2,0.208,19.9,0.143,3.55,icon_d2
2026-08-01,W0155,52.2302,10.6612,1.4,,18.7,20.2,0.206,20.1,0.145,3.53,icon_d2
2026-08-01,W0156,52.2302,10.7203,1.9,,18.4,20.5,0.145,20.7,0.148,3.46,icon_d2
2026-08-01,W0157,52.2302,10.7498,1.7,,17.9,19.8,0.145,20.0,0.148,3.35,icon_d2
2026-08-01,W0158,52.2302,10.7794,1.6,,17.5,19.6,0.145,19.8,0.148,3.31,icon_d2
2026-08-01,W0159,52.2302,10.8089,1.3,,18.0,20.5,0.145,20.7,0.148,3.43,icon_d2
2026-08-01,W0160,52.2302,10.8384,1.2,,18.5,20.5,0.173,20.5,0.151,3.59,icon_d2
2026-08-01,W0161,52.2302,11.0157,2.0,,18.8,21.4,0.166,21.6,0.148,3.24,icon_d2
2026-08-01,W0162,52.2302,11.0452,1.7,,18.4,21.4,0.166,21.6,0.148,3.2,icon_d2
2026-08-01,W0163,52.2302,11.0747,1.8,,18.6,21.8,0.194,22.1,0.15,3.25,icon_d2
2026-08-01,W0164,52.2302,11.1043,1.4,,19.0,21.8,0.194,22.1,0.15,3.38,icon_d2
2026-08-01,W0165,52.2482,10.1591,0.2,,18.5,20.8,0.17,20.9,0.149,3.87,icon_d2
2026-08-01,W0166,52.2482,10.4545,0.2,,19.0,21.2,0.147,21.4,0.142,3.8,icon_d2
2026-08-01,W0167,52.2482,10.5135,0.0,,19.5,21.2,0.147,21.4,0.142,3.84,icon_d2
2026-08-01,W0168,52.2482,10.6317,0.9,,19.0,20.2,0.206,20.1,0.145,3.56,icon_d2
2026-08-01,W0169,52.2482,10.6612,1.4,,18.8,20.2,0.206,20.1,0.145,3.53,icon_d2
2026-08-01,W0170,52.2482,10.6908,1.9,,18.8,20.2,0.206,20.1,0.145,3.5,icon_d2
2026-08-01,W0171,52.2482,10.7498,1.7,,18.3,20.5,0.173,20.5,0.151,3.39,icon_d2
2026-08-01,W0172,52.2482,10.7794,1.6,,18.1,20.5,0.173,20.5,0.151,3.36,icon_d2
2026-08-01,W0173,52.2482,10.8089,1.3,,18.5,20.5,0.173,20.5,0.151,3.48,icon_d2
2026-08-01,W0174,52.2482,10.9566,1.1,,19.0,21.4,0.166,21.6,0.148,3.38,icon_d2
2026-08-01,W0175,52.2482,10.9861,1.1,,18.9,21.4,0.166,21.6,0.148,3.37,icon_d2
2026-08-01,W0176,52.2482,11.0157,2.0,,18.5,21.4,0.166,21.6,0.148,3.22,icon_d2
2026-08-01,W0177,52.2482,11.0452,1.7,,18.5,21.4,0.166,21.6,0.148,3.21,icon_d2
2026-08-01,W0178,52.2482,11.0747,1.8,,18.7,21.8,0.194,22.1,0.15,3.26,icon_d2
2026-08-01,W0179,52.2482,11.1043,1.4,,19.1,21.3,0.197,21.8,0.137,3.39,icon_d2
2026-08-01,W0180,52.2482,11.1338,1.1,,18.9,21.3,0.197,21.8,0.137,3.42,icon_d2
2026-08-01,W0181,52.2662,10.1886,0.4,,18.6,20.8,0.17,20.9,0.149,3.82,icon_d2
2026-08-01,W0182,52.2662,10.2477,0.3,,18.6,21.2,0.149,21.2,0.142,3.74,icon_d2
2026-08-01,W0183,52.2662,10.2772,0.5,,18.5,21.2,0.149,21.2,0.142,3.65,icon_d2
2026-08-01,W0184,52.2662,10.3068,0.5,,18.7,21.2,0.149,21.2,0.142,3.66,icon_d2
2026-08-01,W0185,52.2662,10.6021,0.3,,18.8,20.2,0.206,20.1,0.145,3.6,icon_d2
2026-08-01,W0186,52.2662,10.6317,0.9,,19.1,20.2,0.206,20.1,0.145,3.57,icon_d2
2026-08-01,W0187,52.2662,10.6612,0.9,,18.9,20.2,0.206,20.1,0.145,3.55,icon_d2
2026-08-01,W0188,52.2662,10.7203,1.4,,18.8,20.2,0.206,20.1,0.145,3.55,icon_d2
2026-08-01,W0189,52.2662,10.868,1.3,,19.0,20.5,0.173,20.5,0.151,3.59,icon_d2
2026-08-01,W0190,52.2662,10.8975,0.7,,18.6,21.4,0.166,21.6,0.148,3.4,icon_d2
2026-08-01,W0191,52.2662,10.9566,0.6,,18.8,21.4,0.166,21.6,0.148,3.35,icon_d2
2026-08-01,W0192,52.2662,10.9861,1.1,,18.6,21.4,0.166,21.6,0.148,3.35,icon_d2
2026-08-01,W0193,52.2662,11.0157,0.7,,18.5,21.4,0.166,21.6,0.148,3.18,icon_d2
2026-08-01,W0194,52.2662,11.0452,1.2,,18.6,21.4,0.166,21.6,0.148,3.22,icon_d2
2026-08-01,W0195,52.2662,11.0747,1.0,,19.0,21.3,0.197,21.8,0.137,3.3,icon_d2
2026-08-01,W0196,52.2662,11.1043,1.2,,18.8,21.3,0.197,21.8,0.137,3.34,icon_d2
2026-08-01,W0197,52.2662,11.1338,0.8,,18.3,21.3,0.197,21.8,0.137,3.32,icon_d2
2026-08-01,W0198,52.2842,10.1,0.5,,18.4,20.8,0.17,20.9,0.149,3.79,icon_d2
2026-08-01,W0199,52.2842,10.1886,0.4,,18.4,20.8,0.17,20.9,0.149,3.78,icon_d2
2026-08-01,W0200,52.2842,10.2477,0.5,,18.6,21.2,0.149,21.2,0.142,3.77,icon_d2
2026-08-01,W0201,52.2842,10.3363,0.8,,18.7,21.2,0.149,21.2,0.142,3.63,icon_d2
2026-08-01,W0202,52.2842,10.3658,1.0,,18.8,21.2,0.149,21.2,0.142,3.74,icon_d2
2026-08-01,W0203,52.2842,10.3954,1.3,,18.9,20.7,0.173,20.5,0.136,3.86,icon_d2
2026-08-01,W0204,52.2842,10.4545,1.6,,19.0,21.2,0.147,21.4,0.142,3.79,icon_d2
2026-08-01,W0205,52.2842,10.5135,0.6,,19.4,21.2,0.147,21.4,0.142,3.8,icon_d2
2026-08-01,W0206,52.2842,10.5431,0.2,,19.3,21.2,0.147,21.4,0.142,3.75,icon_d2
2026-08-01,W0207,52.2842,10.5726,0.2,,19.1,20.2,0.206,20.1,0.145,3.76,icon_d2
2026-08-01,W0208,52.2842,10.6021,0.1,,18.9,20.2,0.206,20.1,0.145,3.69,icon_d2
2026-08-01,W0209,52.2842,10.6317,0.1,,18.9,20.2,0.206,20.1,0.145,3.65,icon_d2
2026-08-01,W0210,52.2842,10.7203,1.1,,18.9,20.2,0.206,20.1,0.145,3.64,icon_d2
2026-08-01,W0211,52.2842,10.8089,0.9,,18.8,20.5,0.173,20.5,0.151,3.62,icon_d2
2026-08-01,W0212,52.2842,10.8384,1.1,,19.0,20.5,0.173,20.5,0.151,3.61,icon_d2
2026-08-01,W0213,52.2842,10.868,1.2,,18.3,20.5,0.173,20.5,0.151,3.49,icon_d2
2026-08-01,W0214,52.2842,10.8975,1.2,,18.7,21.1,0.163,20.9,0.143,3.46,icon_d2
2026-08-01,W0215,52.2842,11.0157,0.9,,18.3,21.4,0.166,21.6,0.148,3.15,icon_d2
2026-08-01,W0216,52.2842,11.0452,0.9,,18.7,21.4,0.166,21.6,0.148,3.19,icon_d2
2026-08-01,W0217,52.2842,11.0747,0.7,,18.7,21.3,0.197,21.8,0.137,3.28,icon_d2
2026-08-01,W0218,52.2842,11.1043,0.7,,18.8,21.3,0.197,21.8,0.137,3.28,icon_d2
2026-08-01,W0219,52.2842,11.1338,0.8,,18.7,21.3,0.197,21.8,0.137,3.25,icon_d2
2026-08-01,W0220,52.3023,10.1886,0.5,,18.5,20.5,0.167,20.7,0.146,3.74,icon_d2
2026-08-01,W0221,52.3023,10.2772,0.2,,18.7,21.2,0.149,21.2,0.142,3.72,icon_d2
2026-08-01,W0222,52.3023,10.3068,0.1,,18.7,21.2,0.149,21.2,0.142,3.76,icon_d2
2026-08-01,W0223,52.3023,10.3363,0.6,,18.6,20.7,0.173,20.5,0.136,3.75,icon_d2
2026-08-01,W0224,52.3023,10.3658,0.6,,18.8,20.7,0.173,20.5,0.136,3.77,icon_d2
2026-08-01,W0225,52.3023,10.4249,1.3,,18.9,21.2,0.147,21.4,0.142,3.7,icon_d2
2026-08-01,W0226,52.3023,10.5431,0.7,,19.0,21.1,0.164,21.1,0.146,3.71,icon_d2
2026-08-01,W0227,52.3023,10.5726,0.2,,18.8,21.1,0.164,21.1,0.146,3.7,icon_d2
2026-08-01,W0228,52.3023,10.6317,0.1,,19.0,20.2,0.206,20.1,0.145,3.7,icon_d2
2026-08-01,W0229,52.3023,10.6612,0.1,,18.9,21.3,0.141,21.2,0.143,3.68,icon_d2
2026-08-01,W0230,52.3023,10.6908,0.4,,18.8,21.3,0.141,21.2,0.143,3.71,icon_d2
2026-08-01,W0231,52.3023,10.7203,0.4,,18.9,21.3,0.141,21.2,0.143,3.72,icon_d2
2026-08-01,W0232,52.3023,10.8089,0.9,,18.9,20.5,0.173,20.5,0.151,3.66,icon_d2
2026-08-01,W0233,52.3023,10.8384,0.7,,19.0,21.1,0.163,20.9,0.143,3.62,icon_d2
2026-08-01,W0234,52.3023,10.868,0.7,,18.9,21.1,0.163,20.9,0.143,3.62,icon_d2
2026-08-01,W0235,52.3023,10.8975,0.8,,18.9,21.1,0.163,20.9,0.143,3.53,icon_d2
2026-08-01,W0236,52.3023,10.9271,0.8,,18.7,21.4,0.166,21.6,0.148,3.44,icon_d2
2026-08-01,W0237,52.3023,10.9861,0.7,,18.5,21.4,0.166,21.6,0.148,3.22,icon_d2
2026-08-01,W0238,52.3023,11.0157,0.4,,18.8,20.9,0.171,20.8,0.135,3.27,icon_d2
2026-08-01,W0239,52.3023,11.0452,0.5,,18.9,20.9,0.171,20.8,0.135,3.24,icon_d2
2026-08-01,W0240,52.3023,11.0747,0.6,,18.7,21.3,0.197,21.8,0.137,3.26,icon_d2
2026-08-01,W0241,52.3023,11.1043,0.6,,18.8,21.3,0.197,21.8,0.137,3.29,icon_d2
2026-08-01,W0242,52.3023,11.1338,0.4,,18.4,21.3,0.197,21.8,0.137,3.28,icon_d2
2026-08-01,W0243,52.3203,10.2182,0.5,,18.6,20.5,0.167,20.7,0.146,3.71,icon_d2
2026-08-01,W0244,52.3203,10.3068,0.1,,18.5,20.7,0.173,20.5,0.136,3.76,icon_d2
2026-08-01,W0245,52.3203,10.3363,0.2,,18.8,20.7,0.173,20.5,0.136,3.84,icon_d2
2026-08-01,W0246,52.3203,10.5726,1.0,,18.8,21.1,0.164,21.1,0.146,3.77,icon_d2
2026-08-01,W0247,52.3203,10.6021,0.3,,19.0,21.3,0.141,21.2,0.143,3.77,icon_d2
2026-08-01,W0248,52.3203,10.6317,0.1,,19.1,21.3,0.141,21.2,0.143,3.76,icon_d2
2026-08-01,W0249,52.3203,10.6612,0.1,,18.9,21.3,0.141,21.2,0.143,3.74,icon_d2
2026-08-01,W0250,52.3203,10.6908,0.2,,19.1,21.3,0.141,21.2,0.143,3.72,icon_d2
2026-08-01,W0251,52.3203,10.7203,0.2,,18.9,21.3,0.141,21.2,0.143,3.7,icon_d2
2026-08-01,W0252,52.3203,10.7498,0.3,,19.0,20.5,0.173,20.5,0.151,3.66,icon_d2
2026-08-01,W0253,52.3203,10.8384,0.6,,18.9,21.1,0.163,20.9,0.143,3.61,icon_d2
2026-08-01,W0254,52.3203,10.868,0.8,,18.9,21.1,0.163,20.9,0.143,3.6,icon_d2
2026-08-01,W0255,52.3203,10.9271,0.6,,18.5,21.4,0.166,21.6,0.148,3.46,icon_d2
2026-08-01,W0256,52.3203,10.9566,0.6,,18.4,20.9,0.171,20.8,0.135,3.34,icon_d2
2026-08-01,W0257,52.3203,10.9861,0.6,,18.7,20.9,0.171,20.8,0.135,3.36,icon_d2
2026-08-01,W0258,52.3203,11.0452,0.3,,18.6,20.9,0.171,20.8,0.135,3.28,icon_d2
2026-08-01,W0259,52.3383,10.1,0.1,,18.6,20.5,0.167,20.7,0.146,3.82,icon_d2
2026-08-01,W0260,52.3383,10.1295,0.3,,18.7,20.5,0.167,20.7,0.146,3.85,icon_d2
2026-08-01,W0261,52.3383,10.3363,0.2,,18.7,20.7,0.173,20.5,0.136,3.9,icon_d2
2026-08-01,W0262,52.3383,10.3658,0.1,,18.9,20.7,0.173,20.5,0.136,3.97,icon_d2
2026-08-01,W0263,52.3383,10.484,1.1,,19.2,21.1,0.164,21.1,0.146,4.1,icon_d2
2026-08-01,W0264,52.3383,10.5135,1.5,,19.1,21.1,0.164,21.1,0.146,3.91,icon_d2
2026-08-01,W0265,52.3383,10.5726,0.9,,18.7,21.1,0.164,21.1,0.146,3.7,icon_d2
2026-08-01,W0266,52.3383,10.6021,0.9,,18.6,21.3,0.141,21.2,0.143,3.69,icon_d2
2026-08-01,W0267,52.3383,10.6317,0.6,,18.8,21.3,0.141,21.2,0.143,3.73,icon_d2
2026-08-01,W0268,52.3383,10.6612,0.6,,18.9,21.3,0.141,21.2,0.143,3.74,icon_d2
2026-08-01,W0269,52.3383,10.6908,0.2,,19.1,21.3,0.141,21.2,0.143,3.79,icon_d2
2026-08-01,W0270,52.3383,10.7203,0.2,,18.9,21.3,0.141,21.2,0.143,3.7,icon_d2
2026-08-01,W0271,52.3383,10.7498,0.1,,19.0,21.3,0.141,21.2,0.143,3.65,icon_d2
2026-08-01,W0272,52.3383,10.868,0.4,,18.9,21.1,0.163,20.9,0.143,3.6,icon_d2
2026-08-01,W0273,52.3383,10.8975,0.5,,18.8,21.1,0.163,20.9,0.143,3.55,icon_d2
2026-08-01,W0274,52.3383,10.9271,0.5,,19.0,20.9,0.171,20.8,0.135,3.57,icon_d2
2026-08-01,W0275,52.3383,10.9566,0.3,,19.0,20.9,0.171,20.8,0.135,3.5,icon_d2
2026-08-01,W0276,52.3383,10.9861,0.3,,18.9,20.9,0.171,20.8,0.135,3.45,icon_d2
2026-08-01,W0277,52.3383,11.1043,0.2,,18.9,21.2,0.23,21.9,0.149,3.28,icon_d2
2026-08-01,W0278,52.3383,11.1338,0.4,,18.7,21.2,0.23,21.9,0.149,3.27,icon_d2
2026-08-01,W0279,52.3563,10.1,0.1,,18.5,20.5,0.167,20.7,0.146,3.88,icon_d2
2026-08-01,W0280,52.3563,10.1295,0.1,,18.6,20.5,0.167,20.7,0.146,3.89,icon_d2
2026-08-01,W0281,52.3563,10.2772,0.6,,18.6,20.7,0.173,20.5,0.136,3.84,icon_d2
2026-08-01,W0282,52.3563,10.3068,0.5,,18.7,20.7,0.173,20.5,0.136,3.77,icon_d2
2026-08-01,W0283,52.3563,10.3363,0.2,,18.8,20.7,0.173,20.5,0.136,3.92,icon_d2
2026-08-01,W0284,52.3563,10.3658,0.1,,18.9,20.7,0.173,20.5,0.136,3.98,icon_d2
2026-08-01,W0285,52.3563,10.4249,0.1,,18.9,21.1,0.164,21.1,0.146,3.99,icon_d2
2026-08-01,W0286,52.3563,10.484,0.6,,19.1,21.1,0.164,21.1,0.146,4.01,icon_d2
2026-08-01,W0287,52.3563,10.5135,0.9,,18.8,21.1,0.164,21.1,0.146,3.92,icon_d2
2026-08-01,W0288,52.3563,10.5726,1.6,,18.9,20.4,0.233,20.5,0.145,3.78,icon_d2
2026-08-01,W0289,52.3563,10.6021,1.3,,18.9,21.3,0.141,21.2,0.143,3.74,icon_d2
2026-08-01,W0290,52.3563,10.6317,1.2,,18.7,21.3,0.141,21.2,0.143,3.68,icon_d2
2026-08-01,W0291,52.3563,10.6612,0.4,,18.9,21.3,0.141,21.2,0.143,3.81,icon_d2
2026-08-01,W0292,52.3563,10.6908,0.2,,19.0,21.3,0.141,21.2,0.143,3.7,icon_d2
2026-08-01,W0293,52.3563,10.8089,0.2,,19.0,21.1,0.163,20.9,0.143,3.52,icon_d2
2026-08-01,W0294,52.3563,10.8384,0.2,,18.8,21.1,0.163,20.9,0.143,3.46,icon_d2
2026-08-01,W0295,52.3563,10.868,0.3,,18.9,21.1,0.163,20.9,0.143,3.53,icon_d2
2026-08-01,W0296,52.3563,10.9861,0.3,,18.9,20.9,0.171,20.8,0.135,3.45,icon_d2
2026-08-01,W0297,52.3563,11.0157,0.3,,19.0,20.9,0.171,20.8,0.135,3.47,icon_d2
2026-08-01,W0298,52.3563,11.0452,0.3,,19.0,20.9,0.171,20.8,0.135,3.47,icon_d2
2026-08-01,W0299,52.3563,11.0747,0.6,,18.9,21.2,0.179,21.3,0.135,3.35,icon_d2
2026-08-01,W0300,52.3563,11.1043,0.4,,18.8,21.2,0.23,21.9,0.149,3.36,icon_d2
2026-08-01,W0301,52.3563,11.1338,0.4,,18.8,21.2,0.23,21.9,0.149,3.3,icon_d2
2026-08-01,W0302,52.3743,10.1,0.0,,18.5,20.5,0.167,20.7,0.146,3.93,icon_d2
2026-08-01,W0303,52.3743,10.1886,0.1,,18.6,19.8,0.228,20.0,0.162,3.88,icon_d2
2026-08-01,W0304,52.3743,10.3068,0.6,,18.8,20.7,0.173,20.5,0.136,3.74,icon_d2
2026-08-01,W0305,52.3743,10.3363,0.8,,18.6,20.7,0.173,20.5,0.136,3.75,icon_d2
2026-08-01,W0306,52.3743,10.3658,0.8,,18.7,19.9,0.252,20.1,0.162,3.77,icon_d2
2026-08-01,W0307,52.3743,10.3954,0.2,,18.9,19.9,0.252,20.1,0.162,3.97,icon_d2
2026-08-01,W0308,52.3743,10.4249,0.1,,19.0,19.9,0.252,20.1,0.162,4.02,icon_d2
2026-08-01,W0309,52.3743,10.5135,0.7,,19.0,20.4,0.233,20.5,0.145,3.98,icon_d2
2026-08-01,W0310,52.3743,10.5726,1.3,,18.9,20.4,0.233,20.5,0.145,3.86,icon_d2
2026-08-01,W0311,52.3743,10.6612,1.1,,18.9,21.3,0.141,21.2,0.143,3.91,icon_d2
2026-08-01,W0312,52.3743,10.6908,0.5,,19.1,20.5,0.198,20.5,0.143,3.78,icon_d2
2026-08-01,W0313,52.3743,10.7203,0.5,,18.8,20.5,0.198,20.5,0.143,3.77,icon_d2
2026-08-01,W0314,52.3743,10.7498,0.2,,18.9,20.5,0.198,20.5,0.143,3.66,icon_d2
2026-08-01,W0315,52.3743,10.7794,0.3,,18.7,21.1,0.163,20.9,0.143,3.48,icon_d2
2026-08-01,W0316,52.3743,10.8089,0.3,,18.7,21.1,0.163,20.9,0.143,3.48,icon_d2
2026-08-01,W0317,52.3743,10.8384,0.2,,18.9,21.3,0.142,21.4,0.149,3.5,icon_d2
2026-08-01,W0318,52.3743,10.868,0.2,,18.8,21.3,0.142,21.4,0.149,3.49,icon_d2
2026-08-01,W0319,52.3743,10.8975,0.2,,19.2,21.3,0.142,21.4,0.149,3.62,icon_d2
2026-08-01,W0320,52.3743,10.9861,0.2,,19.2,20.9,0.171,20.8,0.135,3.68,icon_d2
2026-08-01,W0321,52.3743,11.0157,0.2,,18.9,21.2,0.179,21.3,0.135,3.51,icon_d2
2026-08-01,W0322,52.3743,11.0452,0.3,,19.1,21.2,0.179,21.3,0.135,3.47,icon_d2
2026-08-01,W0323,52.3743,11.0747,0.6,,19.0,21.2,0.179,21.3,0.135,3.45,icon_d2
2026-08-01,W0324,52.3923,10.2182,0.0,,18.6,19.8,0.228,20.0,0.162,3.9,icon_d2
2026-08-01,W0325,52.3923,10.2477,0.1,,18.6,19.8,0.228,20.0,0.162,3.86,icon_d2
2026-08-01,W0326,52.3923,10.3363,0.6,,18.7,19.9,0.252,20.1,0.162,3.85,icon_d2
2026-08-01,W0327,52.3923,10.3658,0.6,,18.6,19.9,0.252,20.1,0.162,3.84,icon_d2
2026-08-01,W0328,52.3923,10.3954,0.7,,18.9,19.9,0.252,20.1,0.162,3.91,icon_d2
2026-08-01,W0329,52.3923,10.4545,0.0,,19.0,20.4,0.233,20.5,0.145,3.92,icon_d2
2026-08-01,W0330,52.3923,10.484,0.0,,19.1,20.4,0.233,20.5,0.145,3.92,icon_d2
2026-08-01,W0331,52.3923,10.5135,0.1,,18.8,20.4,0.233,20.5,0.145,3.91,icon_d2
2026-08-01,W0332,52.3923,10.6021,1.1,,19.1,20.4,0.233,20.5,0.145,3.92,icon_d2
2026-08-01,W0333,52.3923,10.6612,1.3,,19.0,20.5,0.198,20.5,0.143,3.92,icon_d2
2026-08-01,W0334,52.3923,10.6908,1.0,,19.1,20.5,0.198,20.5,0.143,3.88,icon_d2
2026-08-01,W0335,52.3923,10.7203,0.4,,19.1,20.5,0.198,20.5,0.143,3.69,icon_d2
2026-08-01,W0336,52.3923,10.7498,0.4,,19.1,20.5,0.198,20.5,0.143,3.69,icon_d2
2026-08-01,W0337,52.3923,10.7794,0.2,,18.8,21.3,0.142,21.4,0.149,3.52,icon_d2
2026-08-01,W0338,52.3923,10.8089,0.2,,18.9,21.3,0.142,21.4,0.149,3.54,icon_d2
2026-08-01,W0339,52.3923,10.868,0.2,,19.0,21.3,0.142,21.4,0.149,3.54,icon_d2
2026-08-01,W0340,52.3923,10.8975,0.2,,19.0,21.3,0.142,21.4,0.149,3.58,icon_d2
2026-08-01,W0341,52.3923,11.0157,0.3,,19.1,21.2,0.179,21.3,0.135,3.6,icon_d2
2026-08-01,W0342,52.3923,11.0452,0.3,,19.0,21.2,0.179,21.3,0.135,3.6,icon_d2
2026-08-01,W0343,52.3923,11.0747,0.4,,18.9,21.2,0.179,21.3,0.135,3.55,icon_d2
2026-08-01,W0344,52.4104,10.1,0.0,,18.4,19.6,0.2,19.7,0.142,3.81,icon_d2
2026-08-01,W0345,52.4104,10.1295,0.0,,18.4,19.8,0.228,20.0,0.162,3.76,icon_d2
2026-08-01,W0346,52.4104,10.1886,0.0,,18.6,19.8,0.228,20.0,0.162,3.83,icon_d2
2026-08-01,W0347,52.4104,10.2182,0.0,,18.6,19.8,0.228,20.0,0.162,3.85,icon_d2
2026-08-01,W0348,52.4104,10.2477,0.0,,18.5,19.8,0.228,20.0,0.162,3.84,icon_d2
2026-08-01,W0349,52.4104,10.2772,0.0,,18.6,19.9,0.252,20.1,0.162,3.74,icon_d2
2026-08-01,W0350,52.4104,10.3363,0.3,,18.8,19.9,0.252,20.1,0.162,3.88,icon_d2
2026-08-01,W0351,52.4104,10.3658,0.3,,18.7,19.9,0.252,20.1,0.162,3.8,icon_d2
2026-08-01,W0352,52.4104,10.4249,0.3,,18.9,19.9,0.252,20.1,0.162,3.8,icon_d2
2026-08-01,W0353,52.4104,10.4545,0.2,,18.8,20.4,0.233,20.5,0.145,3.76,icon_d2
2026-08-01,W0354,52.4104,10.484,0.0,,19.0,20.4,0.233,20.5,0.145,3.82,icon_d2
2026-08-01,W0355,52.4104,10.5135,0.0,,18.9,20.4,0.233,20.5,0.145,3.81,icon_d2
2026-08-01,W0356,52.4104,10.5431,0.3,,19.0,20.4,0.233,20.5,0.145,3.95,icon_d2
2026-08-01,W0357,52.4104,10.7498,0.7,,19.3,20.5,0.198,20.5,0.143,3.66,icon_d2
2026-08-01,W0358,52.4104,10.7794,0.4,,19.2,21.3,0.142,21.4,0.149,3.59,icon_d2
2026-08-01,W0359,52.4104,10.8089,0.3,,19.3,21.3,0.142,21.4,0.149,3.73,icon_d2
2026-08-01,W0360,52.4104,10.868,0.2,,19.0,21.3,0.142,21.4,0.149,3.61,icon_d2
2026-08-01,W0361,52.4104,10.8975,0.2,,18.9,21.3,0.142,21.4,0.149,3.59,icon_d2
2026-08-01,W0362,52.4104,10.9271,0.2,,18.9,21.3,0.142,21.4,0.149,3.59,icon_d2
2026-08-01,W0363,52.4104,10.9566,0.2,,19.0,21.2,0.179,21.3,0.135,3.57,icon_d2
2026-08-01,W0364,52.4104,11.0452,0.3,,18.9,21.2,0.179,21.3,0.135,3.63,icon_d2
2026-08-01,W0365,52.4284,10.1,0.0,,18.4,19.7,0.157,20.2,0.087,3.81,icon_d2
2026-08-01,W0366,52.4284,10.1295,0.0,,18.4,19.8,0.228,20.0,0.162,3.75,icon_d2
2026-08-01,W0367,52.4284,10.1591,0.0,,18.5,19.8,0.228,20.0,0.162,3.73,icon_d2
2026-08-01,W0368,52.4284,10.1886,0.0,,18.6,19.8,0.228,20.0,0.162,3.83,icon_d2
2026-08-01,W0369,52.4284,10.2182,0.0,,18.6,19.8,0.228,20.0,0.162,3.85,icon_d2
2026-08-01,W0370,52.4284,10.2477,0.0,,18.6,19.8,0.228,20.0,0.162,3.85,icon_d2
2026-08-01,W0371,52.4284,10.2772,0.0,,18.7,19.9,0.252,20.1,0.162,3.75,icon_d2
2026-08-01,W0372,52.4284,10.3068,0.0,,18.6,19.9,0.252,20.1,0.162,3.75,icon_d2
2026-08-01,W0373,52.4284,10.3363,0.3,,18.7,19.9,0.252,20.1,0.162,3.88,icon_d2
2026-08-01,W0374,52.4284,10.3658,0.3,,18.8,19.9,0.252,20.1,0.162,3.81,icon_d2
2026-08-01,W0375,52.4284,10.4545,0.2,,18.9,20.4,0.233,20.5,0.145,3.77,icon_d2
2026-08-01,W0376,52.4284,10.484,0.0,,19.1,20.4,0.233,20.5,0.145,3.82,icon_d2
2026-08-01,W0377,52.4284,10.5135,0.0,,18.9,20.4,0.233,20.5,0.145,3.81,icon_d2
2026-08-01,W0378,52.4284,10.5431,0.3,,19.0,20.4,0.233,20.5,0.145,3.95,icon_d2
2026-08-01,W0379,52.4284,10.5726,0.5,,19.3,20.4,0.233,20.5,0.145,4.01,icon_d2
2026-08-01,W0380,52.4284,10.6317,0.8,,19.3,20.5,0.198,20.5,0.143,3.89,icon_d2
2026-08-01,W0381,52.4284,10.6612,0.8,,19.3,20.5,0.198,20.5,0.143,3.89,icon_d2
2026-08-01,W0382,52.4284,10.7498,0.7,,19.5,20.0,0.248,20.0,0.141,3.68,icon_d2
2026-08-01,W0383,52.4284,10.868,0.2,,19.3,21.3,0.142,21.4,0.149,3.63,icon_d2
2026-08-01,W0384,52.4284,10.8975,0.2,,19.1,21.3,0.142,21.4,0.149,3.6,icon_d2
2026-08-01,W0385,52.4284,10.9271,0.2,,19.2,21.0,0.16,20.9,0.147,3.61,icon_d2
2026-08-01,W0386,52.4284,10.9566,0.2,,19.1,21.2,0.179,21.3,0.135,3.58,icon_d2
2026-08-01,W0387,52.4284,11.0157,0.4,,19.2,21.2,0.179,21.3,0.135,3.68,icon_d2
2026-08-01,W0388,52.4284,11.0452,0.3,,19.0,21.2,0.179,21.3,0.135,3.63,icon_d2
2026-08-01,W0389,52.4284,11.1338,0.2,,19.2,21.2,0.216,21.3,0.151,3.62,icon_d2
2026-08-01,W0390,52.4464,10.1,0.0,,18.4,19.7,0.157,20.2,0.087,3.78,icon_d2
2026-08-01,W0391,52.4464,10.1295,0.0,,18.4,19.8,0.228,20.0,0.162,3.74,icon_d2
2026-08-01,W0392,52.4464,10.1591,0.0,,18.5,19.8,0.228,20.0,0.162,3.76,icon_d2
2026-08-01,W0393,52.4464,10.2477,0.0,,18.5,19.6,0.181,20.1,0.099,3.84,icon_d2
2026-08-01,W0394,52.4464,10.2772,0.0,,18.6,19.6,0.181,20.1,0.099,3.73,icon_d2
2026-08-01,W0395,52.4464,10.3068,0.1,,18.7,19.9,0.252,20.1,0.162,3.77,icon_d2
2026-08-01,W0396,52.4464,10.3363,0.0,,18.7,19.9,0.252,20.1,0.162,3.73,icon_d2
2026-08-01,W0397,52.4464,10.3658,0.0,,18.9,19.7,0.287,20.2,0.174,3.74,icon_d2
2026-08-01,W0398,52.4464,10.3954,0.3,,18.9,19.7,0.287,20.2,0.174,3.74,icon_d2
2026-08-01,W0399,52.4464,10.4545,0.1,,19.1,20.4,0.233,20.5,0.145,3.86,icon_d2
2026-08-01,W0400,52.4464,10.484,0.1,,19.0,20.4,0.233,20.5,0.145,3.83,icon_d2
2026-08-01,W0401,52.4464,10.5135,0.0,,19.2,20.4,0.233,20.5,0.145,3.92,icon_d2
2026-08-01,W0402,52.4464,10.5431,0.0,,19.1,20.2,0.259,20.6,0.155,3.91,icon_d2
2026-08-01,W0403,52.4464,10.5726,0.1,,19.3,20.2,0.259,20.6,0.155,3.99,icon_d2
2026-08-01,W0404,52.4464,10.6021,0.5,,19.4,20.2,0.259,20.6,0.155,4.02,icon_d2
2026-08-01,W0405,52.4464,10.6317,0.6,,19.1,20.5,0.198,20.5,0.143,3.85,icon_d2
2026-08-01,W0406,52.4464,10.6612,0.8,,19.1,20.5,0.198,20.5,0.143,3.76,icon_d2
2026-08-01,W0407,52.4464,10.6908,0.9,,19.0,20.0,0.248,20.0,0.141,3.78,icon_d2
2026-08-01,W0408,52.4464,10.7203,0.9,,19.0,20.0,0.248,20.0,0.141,3.74,icon_d2
2026-08-01,W0409,52.4464,10.7794,0.8,,19.4,20.0,0.248,20.0,0.141,3.73,icon_d2
2026-08-01,W0410,52.4464,10.8089,0.8,,19.2,21.3,0.142,21.4,0.149,3.81,icon_d2
2026-08-01,W0411,52.4464,10.8975,0.3,,19.3,21.0,0.16,20.9,0.147,3.66,icon_d2
2026-08-01,W0412,52.4464,10.9271,0.3,,19.2,21.0,0.16,20.9,0.147,3.62,icon_d2
2026-08-01,W0413,52.4464,11.1043,0.2,,19.1,20.6,0.186,20.5,0.168,3.66,icon_d2
2026-08-01,W0414,52.4464,11.1338,0.2,,19.2,21.2,0.216,21.3,0.151,3.64,icon_d2
2026-08-01,W0415,52.4644,10.1,0.1,,18.4,19.7,0.157,20.2,0.087,3.86,icon_d2
2026-08-01,W0416,52.4644,10.1295,0.0,,18.4,19.6,0.181,20.1,0.099,3.77,icon_d2
2026-08-01,W0417,52.4644,10.1591,0.0,,18.4,19.6,0.181,20.1,0.099,3.62,icon_d2
2026-08-01,W0418,52.4644,10.1886,0.0,,18.5,19.6,0.181,20.1,0.099,3.75,icon_d2
2026-08-01,W0419,52.4644,10.2182,0.0,,18.6,19.6,0.181,20.1,0.099,3.85,icon_d2
2026-08-01,W0420,52.4644,10.2477,0.0,,18.6,19.6,0.181,20.1,0.099,3.76,icon_d2
2026-08-01,W0421,52.4644,10.2772,0.0,,18.6,19.6,0.181,20.1,0.099,3.73,icon_d2
2026-08-01,W0422,52.4644,10.3068,0.0,,18.5,19.7,0.287,20.2,0.174,3.72,icon_d2
2026-08-01,W0423,52.4644,10.3363,0.0,,18.7,19.7,0.287,20.2,0.174,3.73,icon_d2
2026-08-01,W0424,52.4644,10.3658,0.0,,18.7,19.7,0.287,20.2,0.174,3.74,icon_d2
2026-08-01,W0425,52.4644,10.3954,0.0,,18.7,19.7,0.287,20.2,0.174,3.65,icon_d2
2026-08-01,W0426,52.4644,10.4249,0.1,,18.8,19.7,0.287,20.2,0.174,3.75,icon_d2
2026-08-01,W0427,52.4644,10.4545,0.1,,18.8,19.7,0.287,20.2,0.174,3.76,icon_d2
2026-08-01,W0428,52.4644,10.484,0.1,,18.7,20.2,0.259,20.6,0.155,3.78,icon_d2
2026-08-01,W0429,52.4644,10.5135,0.1,,19.0,20.2,0.259,20.6,0.155,3.77,icon_d2
2026-08-01,W0430,52.4644,10.5431,0.1,,19.5,20.2,0.259,20.6,0.155,3.94,icon_d2
2026-08-01,W0431,52.4644,10.5726,0.1,,19.3,20.2,0.259,20.6,0.155,3.93,icon_d2
2026-08-01,W0432,52.4644,10.6021,0.2,,19.2,20.2,0.259,20.6,0.155,3.88,icon_d2
2026-08-01,W0433,52.4644,10.6317,0.5,,19.0,20.0,0.248,20.0,0.141,3.81,icon_d2
2026-08-01,W0434,52.4644,10.6612,0.5,,19.0,20.0,0.248,20.0,0.141,3.81,icon_d2
2026-08-01,W0435,52.4644,10.6908,0.9,,18.9,20.0,0.248,20.0,0.141,3.77,icon_d2
2026-08-01,W0436,52.4644,10.7794,0.8,,18.8,20.0,0.248,20.0,0.141,3.66,icon_d2
2026-08-01,W0437,52.4644,10.8089,0.7,,18.7,21.0,0.16,20.9,0.147,3.77,icon_d2
2026-08-01,W0438,52.4644,10.8384,0.6,,19.2,21.0,0.16,20.9,0.147,3.84,icon_d2
2026-08-01,W0439,52.4644,10.868,0.6,,19.2,21.0,0.16,20.9,0.147,3.85,icon_d2
2026-08-01,W0440,52.4644,10.8975,0.5,,19.2,21.0,0.16,20.9,0.147,3.65,icon_d2
2026-08-01,W0441,52.4644,10.9271,0.3,,19.2,21.0,0.16,20.9,0.147,3.68,icon_d2
2026-08-01,W0442,52.4644,10.9566,0.3,,19.2,21.0,0.16,20.9,0.147,3.72,icon_d2
2026-08-01,W0443,52.4644,11.0452,0.3,,19.2,20.6,0.186,20.5,0.168,3.79,icon_d2
2026-08-01,W0444,52.4644,11.1043,0.2,,19.1,20.6,0.186,20.5,0.168,3.62,icon_d2
2026-08-01,W0445,52.4644,11.1338,0.2,,19.0,21.2,0.182,21.5,0.138,3.55,icon_d2
2026-08-01,W0446,52.4824,10.1295,0.0,,18.3,19.6,0.181,20.1,0.099,3.77,icon_d2
2026-08-01,W0447,52.4824,10.1591,0.0,,18.3,19.6,0.181,20.1,0.099,3.59,icon_d2
2026-08-01,W0448,52.4824,10.1886,0.0,,18.2,19.6,0.181,20.1,0.099,3.59,icon_d2
2026-08-01,W0449,52.4824,10.2477,0.0,,18.5,19.6,0.181,20.1,0.099,3.69,icon_d2
2026-08-01,W0450,52.4824,10.2772,0.0,,18.5,19.6,0.181,20.1,0.099,3.69,icon_d2
2026-08-01,W0451,52.4824,10.3068,0.0,,18.6,19.7,0.287,20.2,0.174,3.73,icon_d2
2026-08-01,W0452,52.4824,10.3954,0.0,,18.7,19.7,0.287,20.2,0.174,3.65,icon_d2
2026-08-01,W0453,52.4824,10.4249,0.0,,18.7,19.7,0.287,20.2,0.174,3.71,icon_d2
2026-08-01,W0454,52.4824,10.4545,0.1,,18.8,19.7,0.287,20.2,0.174,3.75,icon_d2
2026-08-01,W0455,52.4824,10.484,0.1,,18.8,20.2,0.259,20.6,0.155,3.76,icon_d2
2026-08-01,W0456,52.4824,10.5135,0.1,,18.9,20.2,0.259,20.6,0.155,3.68,icon_d2
2026-08-01,W0457,52.4824,10.5726,0.1,,19.4,20.2,0.259,20.6,0.155,3.81,icon_d2
2026-08-01,W0458,52.4824,10.6021,0.1,,19.0,20.2,0.259,20.6,0.155,3.73,icon_d2
2026-08-01,W0459,52.4824,10.6317,0.2,,19.1,20.0,0.248,20.0,0.141,3.9,icon_d2
2026-08-01,W0460,52.4824,10.6612,0.5,,18.9,20.0,0.248,20.0,0.141,3.86,icon_d2
2026-08-01,W0461,52.4824,10.6908,0.3,,19.0,20.0,0.248,20.0,0.141,3.89,icon_d2
2026-08-01,W0462,52.4824,10.7203,0.8,,19.0,20.0,0.248,20.0,0.141,3.88,icon_d2
2026-08-01,W0463,52.4824,10.7794,0.8,,18.9,20.0,0.248,20.0,0.141,3.66,icon_d2
2026-08-01,W0464,52.4824,10.8089,0.8,,18.8,21.0,0.16,20.9,0.147,3.65,icon_d2
2026-08-01,W0465,52.4824,10.9566,0.3,,19.2,21.0,0.16,20.9,0.147,3.74,icon_d2
2026-08-01,W0466,52.4824,10.9861,0.2,,19.3,20.6,0.186,20.5,0.168,3.76,icon_d2
2026-08-01,W0467,52.4824,11.0157,0.3,,19.2,20.6,0.186,20.5,0.168,3.75,icon_d2
2026-08-01,W0468,52.4824,11.0452,0.3,,19.3,20.6,0.186,20.5,0.168,3.79,icon_d2
2026-08-01,W0469,52.5005,10.1,0.0,,18.5,19.5,0.166,19.9,0.116,3.8,icon_d2
2026-08-01,W0470,52.5005,10.1295,0.0,,18.5,19.6,0.181,20.1,0.099,3.78,icon_d2
2026-08-01,W0471,52.5005,10.1591,0.0,,18.5,19.6,0.181,20.1,0.099,3.62,icon_d2
2026-08-01,W0472,52.5005,10.1886,0.0,,18.3,19.6,0.181,20.1,0.099,3.6,icon_d2
2026-08-01,W0473,52.5005,10.2477,0.0,,18.3,19.6,0.181,20.1,0.099,3.5,icon_d2
2026-08-01,W0474,52.5005,10.2772,0.0,,18.5,19.8,0.155,20.2,0.091,3.62,icon_d2
2026-08-01,W0475,52.5005,10.3068,0.0,,18.6,19.7,0.287,20.2,0.174,3.81,icon_d2
2026-08-01,W0476,52.5005,10.3954,0.0,,18.7,19.7,0.287,20.2,0.174,3.63,icon_d2
2026-08-01,W0477,52.5005,10.4249,0.0,,18.7,19.7,0.287,20.2,0.174,3.63,icon_d2
2026-08-01,W0478,52.5005,10.4545,0.0,,18.7,19.2,0.198,19.6,0.14,3.72,icon_d2
2026-08-01,W0479,52.5005,10.484,0.1,,18.8,20.2,0.259,20.6,0.155,3.76,icon_d2
2026-08-01,W0480,52.5005,10.5135,0.0,,18.8,20.2,0.259,20.6,0.155,3.77,icon_d2
2026-08-01,W0481,52.5005,10.5431,0.1,,18.8,20.2,0.259,20.6,0.155,3.68,icon_d2
2026-08-01,W0482,52.5005,10.5726,0.3,,18.8,20.2,0.259,20.6,0.155,3.72,icon_d2
2026-08-01,W0483,52.5005,10.6021,0.3,,18.9,19.5,0.197,19.8,0.122,3.72,icon_d2
2026-08-01,W0484,52.5005,10.6612,0.0,,18.9,20.0,0.248,20.0,0.141,3.78,icon_d2
2026-08-01,W0485,52.5005,10.6908,0.2,,18.9,20.0,0.248,20.0,0.141,3.82,icon_d2
2026-08-01,W0486,52.5005,10.7203,0.2,,18.9,20.0,0.248,20.0,0.141,3.77,icon_d2
2026-08-01,W0487,52.5005,10.7498,0.7,,18.9,20.0,0.248,20.0,0.141,3.82,icon_d2
2026-08-01,W0488,52.5005,10.8089,0.8,,18.9,21.0,0.16,20.9,0.147,3.7,icon_d2
2026-08-01,W0489,52.5005,10.8384,0.7,,18.9,21.0,0.16,20.9,0.147,3.69,icon_d2
2026-08-01,W0490,52.5005,10.868,0.7,,18.9,21.0,0.16,20.9,0.147,3.69,icon_d2
2026-08-01,W0491,52.5005,10.8975,0.6,,19.0,21.0,0.16,20.9,0.147,3.67,icon_d2
2026-08-01,W0492,52.5005,10.9271,0.6,,19.0,21.0,0.16,20.9,0.147,3.67,icon_d2
2026-08-01,W0493,52.5005,10.9566,0.4,,19.0,21.0,0.167,20.9,0.134,3.75,icon_d2
2026-08-01,W0494,52.5005,10.9861,0.3,,19.1,20.6,0.186,20.5,0.168,3.76,icon_d2
2026-08-01,W0495,52.5005,11.1043,0.2,,19.1,21.6,0.151,21.7,0.149,3.77,icon_d2
2026-08-01,W0496,52.5185,10.1,0.0,,18.3,19.5,0.166,19.9,0.116,3.68,icon_d2
2026-08-01,W0497,52.5185,10.1295,0.0,,18.4,19.5,0.166,19.9,0.116,3.65,icon_d2
2026-08-01,W0498,52.5185,10.1591,0.0,,18.4,19.6,0.181,20.1,0.099,3.73,icon_d2
2026-08-01,W0499,52.5185,10.2477,0.0,,18.5,19.8,0.155,20.2,0.091,3.59,icon_d2
2026-08-01,W0500,52.5185,10.2772,0.0,,18.5,19.8,0.155,20.2,0.091,3.6,icon_d2
2026-08-01,W0501,52.5185,10.3068,0.0,,18.7,19.7,0.287,20.2,0.174,3.85,icon_d2
2026-08-01,W0502,52.5185,10.3954,0.0,,18.5,19.2,0.198,19.6,0.14,3.6,icon_d2
2026-08-01,W0503,52.5185,10.4249,0.0,,18.6,19.2,0.198,19.6,0.14,3.6,icon_d2
2026-08-01,W0504,52.5185,10.4545,0.0,,18.7,19.2,0.198,19.6,0.14,3.72,icon_d2
2026-08-01,W0505,52.5185,10.5135,0.1,,18.8,20.2,0.259,20.6,0.155,3.74,icon_d2
2026-08-01,W0506,52.5185,10.5431,0.1,,18.8,19.5,0.197,19.8,0.122,3.74,icon_d2
2026-08-01,W0507,52.5185,10.5726,0.4,,18.6,19.5,0.197,19.8,0.122,3.65,icon_d2
2026-08-01,W0508,52.5185,10.6021,0.2,,18.9,19.5,0.197,19.8,0.122,3.77,icon_d2
2026-08-01,W0509,52.5185,10.6317,0.2,,18.9,19.5,0.197,19.8,0.122,3.78,icon_d2
2026-08-01,W0510,52.5185,10.6612,0.2,,18.8,20.0,0.248,20.0,0.141,3.69,icon_d2
2026-08-01,W0511,52.5185,10.6908,0.1,,18.7,20.0,0.248,20.0,0.141,3.7,icon_d2
2026-08-01,W0512,52.5185,10.7203,0.1,,18.7,19.8,0.177,20.2,0.053,3.72,icon_d2
2026-08-01,W0513,52.5185,10.7498,0.3,,19.0,19.8,0.177,20.2,0.053,3.75,icon_d2
2026-08-01,W0514,52.5185,10.7794,0.6,,18.8,19.8,0.177,20.2,0.053,3.72,icon_d2
2026-08-01,W0515,52.5185,10.8384,0.8,,18.9,21.0,0.16,20.9,0.147,3.73,icon_d2
2026-08-01,W0516,52.5185,10.868,0.8,,18.9,21.0,0.167,20.9,0.134,3.74,icon_d2
2026-08-01,W0517,52.5185,10.8975,0.6,,18.9,21.0,0.167,20.9,0.134,3.68,icon_d2
2026-08-01,W0518,52.5185,10.9271,0.6,,18.9,21.0,0.167,20.9,0.134,3.82,icon_d2
2026-08-01,W0519,52.5185,10.9566,0.7,,19.1,21.0,0.167,20.9,0.134,3.9,icon_d2
2026-08-01,W0520,52.5185,10.9861,0.5,,19.2,20.6,0.186,20.5,0.168,3.83,icon_d2
2026-08-01,W0521,52.5185,11.0157,0.2,,19.2,20.6,0.186,20.5,0.168,3.8,icon_d2
2026-08-01,W0522,52.5365,10.1,0.0,,18.2,19.5,0.166,19.9,0.116,3.64,icon_d2
2026-08-01,W0523,52.5365,10.1295,0.0,,18.3,19.5,0.166,19.9,0.116,3.64,icon_d2
2026-08-01,W0524,52.5365,10.2182,0.0,,18.5,19.8,0.155,20.2,0.091,3.6,icon_d2
2026-08-01,W0525,52.5365,10.2477,0.0,,18.4,19.8,0.155,20.2,0.091,3.54,icon_d2
2026-08-01,W0526,52.5365,10.2772,0.0,,18.6,19.8,0.155,20.2,0.091,3.84,icon_d2
2026-08-01,W0527,52.5365,10.3068,0.0,,18.6,19.8,0.155,20.2,0.091,3.84,icon_d2
2026-08-01,W0528,52.5365,10.4545,0.0,,18.7,19.2,0.198,19.6,0.14,3.58,icon_d2
2026-08-01,W0529,52.5365,10.484,0.0,,18.7,19.5,0.197,19.8,0.122,3.67,icon_d2
2026-08-01,W0530,52.5365,10.5135,0.0,,18.6,19.5,0.197,19.8,0.122,3.64,icon_d2
2026-08-01,W0531,52.5365,10.5431,0.0,,18.8,19.5,0.197,19.8,0.122,3.71,icon_d2
2026-08-01,W0532,52.5365,10.5726,0.2,,18.7,19.5,0.197,19.8,0.122,3.72,icon_d2
2026-08-01,W0533,52.5365,10.6021,0.2,,18.9,19.5,0.197,19.8,0.122,3.77,icon_d2
2026-08-01,W0534,52.5365,10.6317,0.2,,18.9,19.5,0.197,19.8,0.122,3.63,icon_d2
2026-08-01,W0535,52.5365,10.6612,0.2,,18.6,19.8,0.177,20.2,0.053,3.59,icon_d2
2026-08-01,W0536,52.5365,10.6908,0.2,,18.8,19.8,0.177,20.2,0.053,3.73,icon_d2
2026-08-01,W0537,52.5365,10.7203,0.2,,18.9,19.8,0.177,20.2,0.053,3.73,icon_d2
2026-08-01,W0538,52.5365,10.7498,0.2,,18.7,19.8,0.177,20.2,0.053,3.7,icon_d2
2026-08-01,W0539,52.5365,10.7794,0.1,,18.8,19.8,0.177,20.2,0.053,3.71,icon_d2
2026-08-01,W0540,52.5365,10.8089,0.4,,19.0,19.8,0.177,20.2,0.053,3.77,icon_d2
2026-08-01,W0541,52.5365,10.9271,0.6,,19.1,21.0,0.167,20.9,0.134,3.86,icon_d2
2026-08-01,W0542,52.5365,10.9566,0.7,,19.1,21.0,0.167,20.9,0.134,3.89,icon_d2
2026-08-01,W0543,52.5365,11.0747,0.2,,19.1,21.6,0.151,21.7,0.149,3.69,icon_d2
2026-08-01,W0544,52.5365,11.1043,0.1,,19.1,21.6,0.151,21.7,0.149,3.69,icon_d2
2026-08-01,W0545,52.5545,10.2182,0.0,,18.3,19.8,0.155,20.2,0.091,3.64,icon_d2
2026-08-01,W0546,52.5545,10.2477,0.0,,18.4,19.8,0.155,20.2,0.091,3.65,icon_d2
2026-08-01,W0547,52.5545,10.3363,0.0,,18.4,19.2,0.198,19.6,0.14,3.7,icon_d2
2026-08-01,W0548,52.5545,10.3954,0.0,,18.6,19.2,0.198,19.6,0.14,3.63,icon_d2
2026-08-01,W0549,52.5545,10.4249,0.0,,18.6,19.2,0.198,19.6,0.14,3.62,icon_d2
2026-08-01,W0550,52.5545,10.4545,0.0,,18.6,19.2,0.198,19.6,0.14,3.56,icon_d2
2026-08-01,W0551,52.5545,10.484,0.0,,18.5,19.5,0.197,19.8,0.122,3.55,icon_d2
2026-08-01,W0552,52.5545,10.5135,0.0,,18.6,19.5,0.197,19.8,0.122,3.6,icon_d2
2026-08-01,W0553,52.5545,10.5431,0.0,,18.7,19.5,0.197,19.8,0.122,3.6,icon_d2
2026-08-01,W0554,52.5545,10.5726,0.0,,18.8,19.5,0.197,19.8,0.122,3.65,icon_d2
2026-08-01,W0555,52.5545,10.6317,0.2,,18.8,19.5,0.197,19.8,0.122,3.61,icon_d2
2026-08-01,W0556,52.5545,10.6612,0.2,,18.7,19.8,0.177,20.2,0.053,3.59,icon_d2
2026-08-01,W0557,52.5545,10.6908,0.2,,18.8,19.8,0.177,20.2,0.053,3.64,icon_d2
2026-08-01,W0558,52.5545,10.7203,0.3,,18.8,19.8,0.177,20.2,0.053,3.77,icon_d2
2026-08-01,W0559,52.5545,10.7498,0.3,,18.7,19.8,0.177,20.2,0.053,3.76,icon_d2
2026-08-01,W0560,52.5545,10.7794,0.1,,18.8,19.8,0.177,20.2,0.053,3.69,icon_d2
2026-08-01,W0561,52.5545,10.8089,0.1,,19.0,19.8,0.177,20.2,0.053,3.7,icon_d2
2026-08-01,W0562,52.5545,10.8384,0.3,,18.9,21.0,0.167,20.9,0.134,3.76,icon_d2
2026-08-01,W0563,52.5545,10.868,0.4,,18.9,21.0,0.167,20.9,0.134,3.78,icon_d2
2026-08-01,W0564,52.5545,10.8975,0.7,,18.9,21.0,0.167,20.9,0.134,3.82,icon_d2
2026-08-01,W0565,52.5545,10.9271,0.7,,18.9,21.0,0.167,20.9,0.134,3.83,icon_d2
2026-08-01,W0566,52.5545,11.0747,0.3,,19.2,21.6,0.151,21.7,0.149,3.71,icon_d2
2026-08-01,W0567,52.5545,11.1338,0.1,,19.3,21.6,0.151,21.7,0.149,3.76,icon_d2
2026-08-01,W0568,52.5725,10.1591,0.0,,18.5,19.8,0.155,20.2,0.091,3.76,icon_d2
2026-08-01,W0569,52.5725,10.1886,0.0,,18.4,19.8,0.155,20.2,0.091,3.71,icon_d2
2026-08-01,W0570,52.5725,10.2182,0.0,,18.5,19.8,0.155,20.2,0.091,3.71,icon_d2
2026-08-01,W0571,52.5725,10.2772,0.0,,18.5,19.6,0.127,20.0,0.094,3.78,icon_d2
2026-08-01,W0572,52.5725,10.3068,0.0,,18.5,19.6,0.127,20.0,0.094,3.76,icon_d2
2026-08-01,W0573,52.5725,10.3363,0.0,,18.4,19.2,0.198,19.6,0.14,3.72,icon_d2
2026-08-01,W0574,52.5725,10.3658,0.0,,18.5,19.2,0.198,19.6,0.14,3.73,icon_d2
2026-08-01,W0575,52.5725,10.3954,0.0,,18.5,19.2,0.198,19.6,0.14,3.7,icon_d2
2026-08-01,W0576,52.5725,10.4249,0.0,,18.5,19.2,0.198,19.6,0.14,3.69,icon_d2
2026-08-01,W0577,52.5725,10.4545,0.0,,18.6,19.3,0.171,19.7,0.103,3.63,icon_d2
2026-08-01,W0578,52.5725,10.484,0.0,,18.4,19.5,0.197,19.8,0.122,3.63,icon_d2
2026-08-01,W0579,52.5725,10.5135,0.0,,18.7,19.5,0.197,19.8,0.122,3.68,icon_d2
2026-08-01,W0580,52.5725,10.5431,0.0,,18.7,19.5,0.197,19.8,0.122,3.73,icon_d2
2026-08-01,W0581,52.5725,10.5726,0.0,,18.6,19.5,0.197,19.8,0.122,3.75,icon_d2
2026-08-01,W0582,52.5725,10.6021,0.0,,18.6,19.5,0.197,19.8,0.122,3.75,icon_d2
2026-08-01,W0583,52.5725,10.6317,0.0,,18.7,19.4,0.201,19.8,0.126,3.67,icon_d2
2026-08-01,W0584,52.5725,10.6612,0.2,,18.8,19.8,0.177,20.2,0.053,3.69,icon_d2
2026-08-01,W0585,52.5725,10.6908,0.2,,18.7,19.8,0.177,20.2,0.053,3.77,icon_d2
2026-08-01,W0586,52.5725,10.7203,0.2,,18.6,19.8,0.177,20.2,0.053,3.76,icon_d2
2026-08-01,W0587,52.5725,10.7498,0.3,,18.8,19.8,0.177,20.2,0.053,3.77,icon_d2
2026-08-01,W0588,52.5725,10.7794,0.4,,18.7,19.5,0.21,20.0,0.132,3.69,icon_d2
2026-08-01,W0589,52.5725,10.8089,0.2,,18.9,19.5,0.21,20.0,0.132,3.63,icon_d2
2026-08-01,W0590,52.5725,10.8384,0.2,,18.9,21.0,0.167,20.9,0.134,3.77,icon_d2
2026-08-01,W0591,52.5725,10.868,0.2,,18.9,21.0,0.167,20.9,0.134,3.78,icon_d2
2026-08-01,W0592,52.5725,10.8975,0.5,,18.8,21.0,0.167,20.9,0.134,3.81,icon_d2
2026-08-01,W0593,52.5725,10.9271,0.5,,18.8,21.0,0.167,20.9,0.134,3.81,icon_d2
2026-08-01,W0594,52.5725,11.0747,0.5,,19.1,21.6,0.151,21.7,0.149,3.73,icon_d2
2026-08-01,W0595,52.5725,11.1338,0.4,,19.3,20.9,0.185,21.0,0.136,3.72,icon_d2
2026-08-01,W0596,52.5905,10.1591,0.0,,18.4,19.8,0.155,20.2,0.091,3.76,icon_d2
2026-08-01,W0597,52.5905,10.1886,0.0,,18.5,19.8,0.155,20.2,0.091,3.76,icon_d2
2026-08-01,W0598,52.5905,10.2182,0.0,,18.3,19.6,0.127,20.0,0.094,3.64,icon_d2
2026-08-01,W0599,52.5905,10.2477,0.0,,18.3,19.6,0.127,20.0,0.094,3.68,icon_d2
2026-08-01,W0600,52.5905,10.2772,0.0,,18.5,19.6,0.127,20.0,0.094,3.77,icon_d2
2026-08-01,W0601,52.5905,10.3068,0.0,,18.4,19.6,0.127,20.0,0.094,3.74,icon_d2
2026-08-01,W0602,52.5905,10.3363,0.0,,18.2,19.2,0.198,19.6,0.14,3.66,icon_d2
2026-08-01,W0603,52.5905,10.4545,0.0,,18.6,19.3,0.171,19.7,0.103,3.63,icon_d2
2026-08-01,W0604,52.5905,10.484,0.0,,18.4,19.3,0.171,19.7,0.103,3.61,icon_d2
2026-08-01,W0605,52.5905,10.5135,0.0,,18.8,19.5,0.197,19.8,0.122,3.68,icon_d2
2026-08-01,W0606,52.5905,10.5431,0.0,,18.5,19.5,0.197,19.8,0.122,3.65,icon_d2
2026-08-01,W0607,52.5905,10.5726,0.0,,18.6,19.4,0.201,19.8,0.126,3.84,icon_d2
2026-08-01,W0608,52.5905,10.6317,0.0,,18.5,19.4,0.201,19.8,0.126,3.77,icon_d2
2026-08-01,W0609,52.5905,10.6612,0.0,,18.8,19.8,0.177,20.2,0.053,3.75,icon_d2
2026-08-01,W0610,52.5905,10.6908,0.0,,18.6,19.8,0.177,20.2,0.053,3.74,icon_d2
2026-08-01,W0611,52.5905,10.7203,0.2,,18.6,19.5,0.21,20.0,0.132,3.76,icon_d2
2026-08-01,W0612,52.5905,10.7498,0.3,,18.7,19.5,0.21,20.0,0.132,3.75,icon_d2
2026-08-01,W0613,52.5905,10.7794,0.1,,18.6,19.5,0.21,20.0,0.132,3.57,icon_d2
2026-08-01,W0614,52.5905,10.8089,0.1,,18.5,19.5,0.21,20.0,0.132,3.56,icon_d2
2026-08-01,W0615,52.5905,10.8384,0.3,,18.7,21.0,0.167,20.9,0.134,3.64,icon_d2
2026-08-01,W0616,52.5905,10.868,0.1,,18.7,21.0,0.167,20.9,0.134,3.66,icon_d2
2026-08-01,W0617,52.5905,10.9566,0.4,,19.3,20.5,0.181,20.6,0.161,3.87,icon_d2
2026-08-01,W0618,52.5905,11.0157,0.5,,19.2,21.6,0.151,21.7,0.149,3.79,icon_d2
2026-08-01,W0619,52.5905,11.0452,0.6,,19.2,21.6,0.151,21.7,0.149,3.79,icon_d2
2026-08-01,W0620,52.5905,11.1338,0.2,,19.0,20.9,0.185,21.0,0.136,3.63,icon_d2
2026-08-01,W0621,52.6086,10.1295,0.0,,18.5,19.9,0.125,20.2,0.102,3.83,icon_d2
2026-08-01,W0622,52.6086,10.1591,0.0,,18.5,19.6,0.127,20.0,0.094,3.76,icon_d2
2026-08-01,W0623,52.6086,10.1886,0.0,,18.5,19.6,0.127,20.0,0.094,3.76,icon_d2
2026-08-01,W0624,52.6086,10.2182,0.0,,18.3,19.6,0.127,20.0,0.094,3.64,icon_d2
2026-08-01,W0625,52.6086,10.2477,0.0,,18.3,19.6,0.127,20.0,0.094,3.68,icon_d2
2026-08-01,W0626,52.6086,10.2772,0.0,,18.5,19.6,0.127,20.0,0.094,3.77,icon_d2
2026-08-01,W0627,52.6086,10.3068,0.0,,18.3,19.6,0.127,20.0,0.094,3.74,icon_d2
2026-08-01,W0628,52.6086,10.3658,0.0,,18.4,19.3,0.171,19.7,0.103,3.75,icon_d2
2026-08-01,W0629,52.6086,10.3954,0.0,,18.3,19.3,0.171,19.7,0.103,3.65,icon_d2
2026-08-01,W0630,52.6086,10.4249,0.0,,18.5,19.3,0.171,19.7,0.103,3.59,icon_d2
2026-08-01,W0631,52.6086,10.484,0.0,,18.5,19.3,0.171,19.7,0.103,3.61,icon_d2
2026-08-01,W0632,52.6086,10.5135,0.0,,18.8,19.4,0.201,19.8,0.126,3.68,icon_d2
2026-08-01,W0633,52.6086,10.5431,0.0,,18.4,19.4,0.201,19.8,0.126,3.64,icon_d2
2026-08-01,W0634,52.6086,10.6021,0.0,,18.7,19.4,0.201,19.8,0.126,3.88,icon_d2
2026-08-01,W0635,52.6086,10.6317,0.0,,18.6,19.4,0.201,19.8,0.126,3.78,icon_d2
2026-08-01,W0636,52.6086,10.6612,0.0,,18.8,19.4,0.201,19.8,0.126,3.74,icon_d2
2026-08-01,W0637,52.6086,10.6908,0.0,,18.7,19.5,0.21,20.0,0.132,3.75,icon_d2
2026-08-01,W0638,52.6086,10.7203,0.2,,18.8,19.5,0.21,20.0,0.132,3.77,icon_d2
2026-08-01,W0639,52.6086,10.7498,0.3,,18.6,19.5,0.21,20.0,0.132,3.74,icon_d2
2026-08-01,W0640,52.6086,10.7794,0.1,,18.5,19.5,0.21,20.0,0.132,3.57,icon_d2
2026-08-01,W0641,52.6086,10.8089,0.1,,18.5,19.5,0.21,20.0,0.132,3.56,icon_d2
2026-08-01,W0642,52.6086,10.8384,0.3,,18.6,20.5,0.181,20.6,0.161,3.63,icon_d2
2026-08-01,W0643,52.6086,10.868,0.1,,18.6,20.5,0.181,20.6,0.161,3.66,icon_d2
2026-08-01,W0644,52.6086,10.9566,0.4,,19.3,20.5,0.181,20.6,0.161,3.87,icon_d2
2026-08-01,W0645,52.6086,10.9861,0.6,,19.3,20.5,0.181,20.6,0.161,3.89,icon_d2
2026-08-01,W0646,52.6086,11.0157,0.5,,19.1,20.9,0.185,21.0,0.136,3.78,icon_d2
2026-08-01,W0647,52.6086,11.0452,0.6,,19.3,20.9,0.185,21.0,0.136,3.8,icon_d2
2026-08-01,W0648,52.6086,11.0747,0.6,,19.2,20.9,0.185,21.0,0.136,3.74,icon_d2
2026-08-01,W0649,52.6086,11.1043,0.6,,19.1,20.9,0.185,21.0,0.136,3.69,icon_d2
2026-08-01,W0650,52.6086,11.1338,0.2,,19.0,20.9,0.185,21.0,0.136,3.63,icon_d2
2026-08-01,W0651,52.6266,10.1,0.0,,18.4,19.9,0.125,20.2,0.102,3.82,icon_d2
2026-08-01,W0652,52.6266,10.1295,0.0,,18.3,19.9,0.125,20.2,0.102,3.8,icon_d2
2026-08-01,W0653,52.6266,10.1591,0.0,,18.2,19.6,0.127,20.0,0.094,3.86,icon_d2
2026-08-01,W0654,52.6266,10.1886,0.0,,18.3,19.6,0.127,20.0,0.094,3.69,icon_d2
2026-08-01,W0655,52.6266,10.2182,0.0,,18.3,19.6,0.127,20.0,0.094,3.64,icon_d2
2026-08-01,W0656,52.6266,10.2477,0.0,,18.3,19.6,0.127,20.0,0.094,3.67,icon_d2
2026-08-01,W0657,52.6266,10.2772,0.0,,18.3,19.6,0.127,20.0,0.094,3.69,icon_d2
2026-08-01,W0658,52.6266,10.3658,0.0,,18.2,19.3,0.171,19.7,0.103,3.66,icon_d2
2026-08-01,W0659,52.6266,10.3954,0.0,,18.3,19.3,0.171,19.7,0.103,3.67,icon_d2
2026-08-01,W0660,52.6266,10.4249,0.0,,18.3,19.3,0.171,19.7,0.103,3.58,icon_d2
2026-08-01,W0661,52.6266,10.4545,0.0,,18.3,19.3,0.171,19.7,0.103,3.52,icon_d2
2026-08-01,W0662,52.6266,10.484,0.0,,18.4,19.3,0.171,19.7,0.103,3.6,icon_d2
2026-08-01,W0663,52.6266,10.5135,0.0,,18.4,19.4,0.201,19.8,0.126,3.59,icon_d2
2026-08-01,W0664,52.6266,10.5726,0.0,,18.5,19.4,0.201,19.8,0.126,3.75,icon_d2
2026-08-01,W0665,52.6266,10.6021,0.0,,18.8,19.4,0.201,19.8,0.126,3.79,icon_d2
2026-08-01,W0666,52.6266,10.6317,0.0,,18.6,19.4,0.201,19.8,0.126,3.71,icon_d2
2026-08-01,W0667,52.6266,10.6612,0.0,,18.6,19.4,0.201,19.8,0.126,3.71,icon_d2
2026-08-01,W0668,52.6266,10.6908,0.0,,18.5,19.5,0.21,20.0,0.132,3.64,icon_d2
2026-08-01,W0669,52.6266,10.7203,0.0,,18.4,19.5,0.21,20.0,0.132,3.62,icon_d2
2026-08-01,W0670,52.6266,10.7498,0.1,,18.5,19.5,0.21,20.0,0.132,3.65,icon_d2
2026-08-01,W0671,52.6266,10.7794,0.1,,18.5,19.5,0.21,20.0,0.132,3.66,icon_d2
2026-08-01,W0672,52.6266,10.8089,0.1,,18.5,19.5,0.21,20.0,0.132,3.62,icon_d2
2026-08-01,W0673,52.6266,10.8384,0.2,,18.5,20.5,0.181,20.6,0.161,3.65,icon_d2
2026-08-01,W0674,52.6266,10.868,0.1,,18.7,20.5,0.181,20.6,0.161,3.74,icon_d2
2026-08-01,W0675,52.6266,10.9566,0.3,,18.9,20.5,0.181,20.6,0.161,3.74,icon_d2
2026-08-01,W0676,52.6266,10.9861,0.3,,18.9,20.5,0.181,20.6,0.161,3.74,icon_d2
2026-08-01,W0677,52.6266,11.0157,0.5,,18.9,20.9,0.185,21.0,0.136,3.7,icon_d2
2026-08-01,W0678,52.6266,11.0452,0.5,,18.9,20.9,0.185,21.0,0.136,3.66,icon_d2
2026-08-01,W0679,52.6266,11.1043,0.5,,18.9,20.9,0.185,21.0,0.136,3.66,icon_d2
2026-08-01,W0680,52.6266,11.1338,0.4,,19.1,20.9,0.185,21.0,0.136,3.7,icon_d2
2026-08-01,W0681,52.6446,10.1886,0.0,,18.2,19.6,0.127,20.0,0.094,3.8,icon_d2
2026-08-01,W0682,52.6446,10.2182,0.0,,18.2,19.6,0.127,20.0,0.094,3.69,icon_d2
2026-08-01,W0683,52.6446,10.2772,0.0,,18.3,19.6,0.127,20.0,0.094,3.7,icon_d2
2026-08-01,W0684,52.6446,10.3068,0.0,,18.3,19.1,0.12,19.3,0.106,3.69,icon_d2
2026-08-01,W0685,52.6446,10.3954,0.0,,18.2,19.3,0.171,19.7,0.103,3.6,icon_d2
2026-08-01,W0686,52.6446,10.4249,0.0,,18.2,19.3,0.171,19.7,0.103,3.59,icon_d2
2026-08-01,W0687,52.6446,10.5135,0.0,,18.4,19.4,0.201,19.8,0.126,3.71,icon_d2
2026-08-01,W0688,52.6446,10.5431,0.0,,18.5,19.4,0.201,19.8,0.126,3.76,icon_d2
2026-08-01,W0689,52.6446,10.5726,0.0,,18.6,19.4,0.201,19.8,0.126,3.72,icon_d2
2026-08-01,W0690,52.6446,10.6021,0.0,,18.6,19.4,0.201,19.8,0.126,3.72,icon_d2
2026-08-01,W0691,52.6446,10.6317,0.0,,18.7,19.3,0.16,19.6,0.074,3.72,icon_d2
2026-08-01,W0692,52.6446,10.6908,0.0,,18.4,19.5,0.21,20.0,0.132,3.64,icon_d2
2026-08-01,W0693,52.6446,10.7203,0.1,,18.4,19.5,0.21,20.0,0.132,3.6,icon_d2
2026-08-01,W0694,52.6446,10.7498,0.1,,18.2,19.5,0.21,20.0,0.132,3.59,icon_d2
2026-08-01,W0695,52.6446,10.7794,0.0,,18.3,19.5,0.21,20.0,0.132,3.64,icon_d2
2026-08-01,W0696,52.6446,10.8089,0.1,,18.5,19.6,0.165,19.9,0.09,3.66,icon_d2
2026-08-01,W0697,52.6446,10.8384,0.2,,18.6,20.5,0.181,20.6,0.161,3.72,icon_d2
2026-08-01,W0698,52.6446,10.868,0.2,,18.7,20.5,0.181,20.6,0.161,3.72,icon_d2
2026-08-01,W0699,52.6446,10.8975,0.1,,18.8,20.5,0.181,20.6,0.161,3.8,icon_d2
2026-08-01,W0700,52.6446,10.9271,0.1,,18.8,20.5,0.181,20.6,0.161,3.8,icon_d2
2026-08-01,W0701,52.6446,10.9566,0.2,,19.0,20.2,0.218,20.3,0.177,3.74,icon_d2
2026-08-01,W0702,52.6446,10.9861,0.3,,19.0,20.2,0.218,20.3,0.177,3.64,icon_d2
2026-08-01,W0703,52.6446,11.0157,0.3,,18.6,20.9,0.185,21.0,0.136,3.61,icon_d2
2026-08-01,W0704,52.6446,11.0452,0.5,,18.9,20.9,0.185,21.0,0.136,3.7,icon_d2
2026-08-01,W0705,52.6446,11.1043,0.6,,19.1,20.9,0.185,21.0,0.136,3.76,icon_d2
2026-08-01,W0706,52.6446,11.1338,0.5,,19.2,21.1,0.173,21.2,0.145,3.78,icon_d2
2026-08-01,W0707,52.6626,10.1,0.0,,18.0,19.2,0.141,19.5,0.127,3.63,icon_d2
2026-08-01,W0708,52.6626,10.1295,0.0,,18.1,19.2,0.141,19.5,0.127,3.65,icon_d2
2026-08-01,W0709,52.6626,10.1591,0.0,,18.1,19.2,0.141,19.5,0.127,3.61,icon_d2
2026-08-01,W0710,52.6626,10.1886,0.0,,18.1,19.6,0.127,20.0,0.094,3.62,icon_d2
2026-08-01,W0711,52.6626,10.2182,0.0,,18.1,19.6,0.127,20.0,0.094,3.75,icon_d2
2026-08-01,W0712,52.6626,10.2772,0.0,,18.1,19.1,0.12,19.3,0.106,3.72,icon_d2
2026-08-01,W0713,52.6626,10.3363,0.0,,18.1,19.1,0.12,19.3,0.106,3.64,icon_d2
2026-08-01,W0714,52.6626,10.3658,0.0,,18.1,19.3,0.171,19.7,0.103,3.64,icon_d2
2026-08-01,W0715,52.6626,10.3954,0.0,,18.1,19.2,0.156,19.7,0.119,3.56,icon_d2
2026-08-01,W0716,52.6626,10.4249,0.0,,18.0,19.2,0.156,19.7,0.119,3.55,icon_d2
2026-08-01,W0717,52.6626,10.4545,0.0,,18.2,19.2,0.156,19.7,0.119,3.62,icon_d2
2026-08-01,W0718,52.6626,10.5135,0.0,,18.2,19.4,0.201,19.8,0.126,3.63,icon_d2
2026-08-01,W0719,52.6626,10.5431,0.0,,18.4,19.4,0.201,19.8,0.126,3.74,icon_d2
2026-08-01,W0720,52.6626,10.5726,0.0,,18.4,19.3,0.16,19.6,0.074,3.64,icon_d2
2026-08-01,W0721,52.6626,10.6021,0.0,,18.5,19.3,0.16,19.6,0.074,3.65,icon_d2
2026-08-01,W0722,52.6626,10.6317,0.0,,18.6,19.3,0.16,19.6,0.074,3.62,icon_d2
2026-08-01,W0723,52.6626,10.6612,0.0,,18.5,19.3,0.16,19.6,0.074,3.64,icon_d2
2026-08-01,W0724,52.6626,10.6908,0.0,,18.4,19.5,0.21,20.0,0.132,3.62,icon_d2
2026-08-01,W0725,52.6626,10.7203,0.0,,18.2,19.5,0.21,20.0,0.132,3.52,icon_d2
2026-08-01,W0726,52.6626,10.7498,0.0,,18.2,19.6,0.165,19.9,0.09,3.57,icon_d2
2026-08-01,W0727,52.6626,10.7794,0.0,,18.3,19.6,0.165,19.9,0.09,3.57,icon_d2
2026-08-01,W0728,52.6626,10.8089,0.0,,18.4,19.6,0.165,19.9,0.09,3.6,icon_d2
2026-08-01,W0729,52.6626,10.8384,0.0,,18.4,19.6,0.165,19.9,0.09,3.64,icon_d2
2026-08-01,W0730,52.6626,10.868,0.1,,18.6,20.5,0.181,20.6,0.161,3.69,icon_d2
2026-08-01,W0731,52.6626,10.8975,0.2,,18.7,20.2,0.218,20.3,0.177,3.68,icon_d2
2026-08-01,W0732,52.6626,10.9271,0.2,,18.7,20.2,0.218,20.3,0.177,3.65,icon_d2
2026-08-01,W0733,52.6626,10.9566,0.3,,18.7,20.2,0.218,20.3,0.177,3.65,icon_d2
2026-08-01,W0734,52.6626,10.9861,0.2,,18.9,20.2,0.218,20.3,0.177,3.63,icon_d2
2026-08-01,W0735,52.6626,11.0157,0.3,,18.7,20.9,0.185,21.0,0.136,3.61,icon_d2
2026-08-01,W0736,52.6626,11.0452,0.3,,18.7,20.9,0.185,21.0,0.136,3.66,icon_d2
2026-08-01,W0737,52.6626,11.0747,0.4,,19.1,21.1,0.173,21.2,0.145,3.83,icon_d2
2026-08-01,W0738,52.6626,11.1338,0.5,,19.1,21.1,0.173,21.2,0.145,3.73,icon_d2
2026-08-01,W0739,52.6806,10.1,0.0,,17.9,19.2,0.141,19.5,0.127,3.63,icon_d2
2026-08-01,W0740,52.6806,10.1295,0.0,,17.8,19.2,0.141,19.5,0.127,3.63,icon_d2
2026-08-01,W0741,52.6806,10.1591,0.0,,18.0,19.2,0.141,19.5,0.127,3.55,icon_d2
2026-08-01,W0742,52.6806,10.1886,0.0,,18.1,19.1,0.12,19.3,0.106,3.56,icon_d2
2026-08-01,W0743,52.6806,10.2182,0.0,,18.0,19.1,0.12,19.3,0.106,3.69,icon_d2
2026-08-01,W0744,52.6806,10.2477,0.0,,18.1,19.1,0.12,19.3,0.106,3.73,icon_d2
2026-08-01,W0745,52.6806,10.2772,0.0,,18.1,19.1,0.12,19.3,0.106,3.67,icon_d2
2026-08-01,W0746,52.6806,10.3068,0.0,,18.1,19.1,0.12,19.3,0.106,3.66,icon_d2
2026-08-01,W0747,52.6806,10.3658,0.0,,18.1,19.2,0.156,19.7,0.119,3.63,icon_d2
2026-08-01,W0748,52.6806,10.3954,0.0,,18.1,19.2,0.156,19.7,0.119,3.55,icon_d2
2026-08-01,W0749,52.6806,10.4249,0.0,,18.1,19.2,0.156,19.7,0.119,3.56,icon_d2
2026-08-01,W0750,52.6806,10.4545,0.0,,18.1,19.2,0.156,19.7,0.119,3.47,icon_d2
2026-08-01,W0751,52.6806,10.484,0.0,,18.1,19.2,0.156,19.7,0.119,3.47,icon_d2
2026-08-01,W0752,52.6806,10.5135,0.0,,18.1,19.2,0.156,19.7,0.119,3.52,icon_d2
2026-08-01,W0753,52.6806,10.5726,0.0,,18.3,19.3,0.16,19.6,0.074,3.69,icon_d2
2026-08-01,W0754,52.6806,10.6021,0.0,,18.4,19.3,0.16,19.6,0.074,3.68,icon_d2
2026-08-01,W0755,52.6806,10.6317,0.0,,18.3,19.3,0.16,19.6,0.074,3.53,icon_d2
2026-08-01,W0756,52.6806,10.6612,0.0,,18.3,19.3,0.16,19.6,0.074,3.53,icon_d2
2026-08-01,W0757,52.6806,10.6908,0.0,,18.4,19.6,0.165,19.9,0.09,3.51,icon_d2
2026-08-01,W0758,52.6806,10.7203,0.0,,18.4,19.6,0.165,19.9,0.09,3.53,icon_d2
2026-08-01,W0759,52.6806,10.7498,0.0,,18.3,19.6,0.165,19.9,0.09,3.63,icon_d2
2026-08-01,W0760,52.6806,10.7794,0.0,,18.3,19.6,0.165,19.9,0.09,3.61,icon_d2
2026-08-01,W0761,52.6806,10.8089,0.0,,18.4,19.6,0.165,19.9,0.09,3.63,icon_d2
2026-08-01,W0762,52.6806,10.8975,0.0,,18.6,20.2,0.218,20.3,0.177,3.67,icon_d2
2026-08-01,W0763,52.6806,10.9271,0.1,,18.8,20.2,0.218,20.3,0.177,3.67,icon_d2
2026-08-01,W0764,52.6806,10.9566,0.2,,18.7,20.2,0.218,20.3,0.177,3.58,icon_d2
2026-08-01,W0765,52.6806,10.9861,0.3,,18.7,20.2,0.218,20.3,0.177,3.58,icon_d2
2026-08-01,W0766,52.6806,11.0452,0.3,,19.2,21.1,0.173,21.2,0.145,3.78,icon_d2
2026-08-01,W0767,52.6986,10.1,0.0,,17.9,19.2,0.141,19.5,0.127,3.63,icon_d2
2026-08-01,W0768,52.6986,10.1295,0.0,,17.9,19.2,0.141,19.5,0.127,3.62,icon_d2
2026-08-01,W0769,52.6986,10.1591,0.0,,17.9,19.2,0.141,19.5,0.127,3.64,icon_d2
2026-08-01,W0770,52.6986,10.1886,0.0,,18.1,19.1,0.12,19.3,0.106,3.65,icon_d2
2026-08-01,W0771,52.6986,10.2182,0.0,,18.1,19.1,0.12,19.3,0.106,3.64,icon_d2
2026-08-01,W0772,52.6986,10.2477,0.0,,18.0,19.1,0.12,19.3,0.106,3.6,icon_d2
2026-08-01,W0773,52.6986,10.2772,0.0,,17.9,19.1,0.12,19.3,0.106,3.53,icon_d2
2026-08-01,W0774,52.6986,10.3068,0.0,,18.1,19.1,0.12,19.3,0.106,3.54,icon_d2
2026-08-01,W0775,52.6986,10.3658,0.0,,18.0,19.2,0.156,19.7,0.119,3.48,icon_d2
2026-08-01,W0776,52.6986,10.3954,0.0,,18.1,19.2,0.156,19.7,0.119,3.49,icon_d2
2026-08-01,W0777,52.6986,10.4249,0.0,,18.1,19.2,0.156,19.7,0.119,3.49,icon_d2
2026-08-01,W0778,52.6986,10.4545,0.0,,18.1,19.2,0.156,19.7,0.119,3.5,icon_d2
2026-08-01,W0779,52.6986,10.484,0.0,,18.0,19.2,0.156,19.7,0.119,3.49,icon_d2
2026-08-01,W0780,52.6986,10.5135,0.0,,18.0,19.2,0.156,19.7,0.119,3.5,icon_d2
2026-08-01,W0781,52.6986,10.5431,0.0,,18.1,19.3,0.16,19.6,0.074,3.64,icon_d2
2026-08-01,W0782,52.6986,10.5726,0.0,,18.0,19.3,0.16,19.6,0.074,3.65,icon_d2
2026-08-01,W0783,52.6986,10.6021,0.0,,18.1,19.3,0.16,19.6,0.074,3.66,icon_d2
2026-08-01,W0784,52.6986,10.6317,0.0,,18.3,19.3,0.16,19.6,0.074,3.55,icon_d2
2026-08-01,W0785,52.6986,10.6612,0.0,,18.3,19.3,0.16,19.6,0.074,3.55,icon_d2
2026-08-01,W0786,52.6986,10.7203,0.0,,18.4,19.6,0.165,19.9,0.09,3.66,icon_d2
2026-08-01,W0787,52.6986,10.8384,0.0,,18.5,19.6,0.165,19.9,0.09,3.67,icon_d2
2026-08-01,W0788,52.6986,10.868,0.0,,18.4,20.2,0.218,20.3,0.177,3.53,icon_d2
2026-08-01,W0789,52.6986,10.8975,0.0,,18.7,20.2,0.218,20.3,0.177,3.6,icon_d2
2026-08-01,W0790,52.6986,10.9271,0.0,,18.6,20.2,0.218,20.3,0.177,3.6,icon_d2
2026-08-01,W0791,52.6986,10.9566,0.1,,18.5,20.2,0.218,20.3,0.177,3.61,icon_d2
2026-08-01,W0792,52.6986,10.9861,0.1,,18.8,20.2,0.218,20.3,0.177,3.63,icon_d2
2026-08-01,W0793,52.6986,11.0452,0.2,,19.0,21.1,0.173,21.2,0.145,3.84,icon_d2
2026-08-01,W0794,52.6986,11.0747,0.3,,19.0,21.1,0.173,21.2,0.145,3.84,icon_d2
2026-08-01,W0795,52.6986,11.1043,0.3,,19.0,21.1,0.173,21.2,0.145,3.84,icon_d2
2026-08-01,W0796,52.6986,11.1338,0.4,,19.0,21.1,0.173,21.2,0.145,3.76,icon_d2
2026-08-01,W0797,52.7167,10.1,0.0,,17.9,19.2,0.141,19.5,0.127,3.61,icon_d2
2026-08-01,W0798,52.7167,10.1295,0.0,,17.7,19.2,0.141,19.5,0.127,3.61,icon_d2
2026-08-01,W0799,52.7167,10.1591,0.0,,17.9,19.1,0.143,19.3,0.134,3.7,icon_d2
2026-08-01,W0800,52.7167,10.1886,0.0,,17.9,19.1,0.12,19.3,0.106,3.7,icon_d2
2026-08-01,W0801,52.7167,10.2182,0.0,,18.0,19.1,0.12,19.3,0.106,3.63,icon_d2
2026-08-01,W0802,52.7167,10.2477,0.0,,18.0,19.1,0.12,19.3,0.106,3.63,icon_d2
2026-08-01,W0803,52.7167,10.2772,0.0,,18.0,19.1,0.12,19.3,0.106,3.62,icon_d2
2026-08-01,W0804,52.7167,10.3068,0.0,,18.1,19.0,0.131,19.2,0.115,3.56,icon_d2
2026-08-01,W0805,52.7167,10.3363,0.0,,18.1,19.0,0.131,19.2,0.115,3.47,icon_d2
2026-08-01,W0806,52.7167,10.3658,0.0,,18.1,19.2,0.156,19.7,0.119,3.49,icon_d2
2026-08-01,W0807,52.7167,10.3954,0.0,,18.0,19.2,0.156,19.7,0.119,3.48,icon_d2
2026-08-01,W0808,52.7167,10.4249,0.0,,18.0,19.2,0.156,19.7,0.119,3.45,icon_d2
2026-08-01,W0809,52.7167,10.4545,0.0,,17.9,19.2,0.156,19.7,0.119,3.44,icon_d2
2026-08-01,W0810,52.7167,10.484,0.0,,17.9,19.0,0.145,19.5,0.102,3.43,icon_d2
2026-08-01,W0811,52.7167,10.5135,0.0,,18.0,19.0,0.145,19.5,0.102,3.6,icon_d2
2026-08-01,W0812,52.7167,10.5431,0.0,,18.0,19.3,0.16,19.6,0.074,3.6,icon_d2
2026-08-01,W0813,52.7167,10.5726,0.0,,17.9,19.3,0.16,19.6,0.074,3.64,icon_d2
2026-08-01,W0814,52.7167,10.6021,0.0,,17.9,19.3,0.16,19.6,0.074,3.53,icon_d2
2026-08-01,W0815,52.7167,10.6612,0.0,,18.1,19.7,0.129,19.9,0.042,3.55,icon_d2
2026-08-01,W0816,52.7167,10.6908,0.0,,18.4,19.6,0.165,19.9,0.09,3.67,icon_d2
2026-08-01,W0817,52.7167,10.8089,0.0,,18.3,19.7,0.157,20.1,0.072,3.63,icon_d2
2026-08-01,W0818,52.7167,10.8384,0.0,,18.5,19.7,0.157,20.1,0.072,3.55,icon_d2
2026-08-01,W0819,52.7167,10.868,0.0,,18.4,20.2,0.218,20.3,0.177,3.55,icon_d2
2026-08-01,W0820,52.7167,10.8975,0.0,,18.7,20.2,0.218,20.3,0.177,3.53,icon_d2
2026-08-01,W0821,52.7167,10.9271,0.0,,18.8,20.2,0.218,20.3,0.177,3.58,icon_d2
2026-08-01,W0822,52.7167,11.0747,0.2,,19.4,21.1,0.173,21.2,0.145,3.93,icon_d2
2026-08-01,W0823,52.7167,11.1338,0.3,,19.1,21.1,0.173,21.2,0.145,3.8,icon_d2
2026-08-01,W0824,52.7347,10.1,0.0,,17.8,19.1,0.143,19.3,0.134,3.6,icon_d2
2026-08-01,W0825,52.7347,10.1295,0.0,,17.8,19.1,0.143,19.3,0.134,3.63,icon_d2
2026-08-01,W0826,52.7347,10.1591,0.0,,17.8,19.1,0.143,19.3,0.134,3.69,icon_d2
2026-08-01,W0827,52.7347,10.1886,0.0,,18.0,19.1,0.143,19.3,0.134,3.73,icon_d2
2026-08-01,W0828,52.7347,10.2182,0.0,,17.9,19.1,0.12,19.3,0.106,3.72,icon_d2
2026-08-01,W0829,52.7347,10.2477,0.0,,18.0,19.0,0.131,19.2,0.115,3.69,icon_d2
2026-08-01,W0830,52.7347,10.3068,0.0,,18.0,19.0,0.131,19.2,0.115,3.56,icon_d2
2026-08-01,W0831,52.7347,10.3363,0.0,,18.2,19.0,0.131,19.2,0.115,3.47,icon_d2
2026-08-01,W0832,52.7347,10.3658,0.0,,18.2,19.2,0.156,19.7,0.119,3.47,icon_d2
2026-08-01,W0833,52.7347,10.3954,0.0,,17.9,19.2,0.156,19.7,0.119,3.44,icon_d2
2026-08-01,W0834,52.7347,10.4249,0.0,,17.8,19.0,0.145,19.5,0.102,3.41,icon_d2
2026-08-01,W0835,52.7347,10.4545,0.0,,17.9,19.0,0.145,19.5,0.102,3.37,icon_d2
2026-08-01,W0836,52.7347,10.484,0.0,,17.8,19.0,0.145,19.5,0.102,3.36,icon_d2
2026-08-01,W0837,52.7347,10.5135,0.0,,18.1,19.0,0.145,19.5,0.102,3.5,icon_d2
2026-08-01,W0838,52.7347,10.5431,0.0,,18.1,19.3,0.16,19.6,0.074,3.57,icon_d2
2026-08-01,W0839,52.7347,10.5726,0.0,,18.0,19.7,0.129,19.9,0.042,3.54,icon_d2
2026-08-01,W0840,52.7347,10.6021,0.0,,18.1,19.7,0.129,19.9,0.042,3.5,icon_d2
2026-08-01,W0841,52.7347,10.6612,0.0,,18.3,19.7,0.129,19.9,0.042,3.63,icon_d2
2026-08-01,W0842,52.7347,10.8089,0.0,,18.5,19.7,0.157,20.1,0.072,3.63,icon_d2
2026-08-01,W0843,52.7347,10.8384,0.1,,18.3,19.7,0.157,20.1,0.072,3.58,icon_d2
2026-08-01,W0844,52.7347,10.868,0.0,,18.3,20.2,0.218,20.3,0.177,3.5,icon_d2
2026-08-01,W0845,52.7347,10.8975,0.0,,18.8,20.2,0.218,20.3,0.177,3.56,icon_d2
2026-08-01,W0846,52.7347,10.9271,0.0,,18.7,20.4,0.201,20.5,0.129,3.63,icon_d2
2026-08-01,W0847,52.7347,10.9566,0.0,,18.9,20.4,0.201,20.5,0.129,3.66,icon_d2
2026-08-01,W0848,52.7347,10.9861,0.0,,18.7,20.4,0.201,20.5,0.129,3.67,icon_d2
2026-08-01,W0849,52.7347,11.0157,0.0,,19.0,20.4,0.201,20.5,0.129,3.76,icon_d2
2026-08-01,W0850,52.7347,11.0452,0.0,,19.0,21.1,0.173,21.2,0.145,3.76,icon_d2
2026-08-01,W0851,52.7347,11.0747,0.1,,19.4,21.1,0.173,21.2,0.145,3.94,icon_d2
2026-08-01,W0852,52.7347,11.1043,0.1,,19.3,21.6,0.147,21.6,0.114,3.94,icon_d2
2026-08-01,W0853,52.7347,11.1338,0.2,,19.2,21.6,0.147,21.6,0.114,3.89,icon_d2
2026-08-01,W0854,52.7527,10.1,0.0,,17.8,19.1,0.143,19.3,0.134,3.61,icon_d2
2026-08-01,W0855,52.7527,10.1295,0.0,,17.7,19.1,0.143,19.3,0.134,3.6,icon_d2
2026-08-01,W0856,52.7527,10.1591,0.0,,17.7,19.1,0.143,19.3,0.134,3.59,icon_d2
2026-08-01,W0857,52.7527,10.1886,0.0,,17.8,19.1,0.143,19.3,0.134,3.6,icon_d2
2026-08-01,W0858,52.7527,10.2182,0.0,,17.9,19.0,0.131,19.2,0.115,3.65,icon_d2
2026-08-01,W0859,52.7527,10.2477,0.0,,18.0,19.0,0.131,19.2,0.115,3.68,icon_d2
2026-08-01,W0860,52.7527,10.2772,0.0,,17.9,19.0,0.131,19.2,0.115,3.56,icon_d2
2026-08-01,W0861,52.7527,10.3068,0.0,,17.9,19.0,0.131,19.2,0.115,3.56,icon_d2
2026-08-01,W0862,52.7527,10.3363,0.0,,17.9,19.0,0.131,19.2,0.115,3.48,icon_d2
2026-08-01,W0863,52.7527,10.3658,0.0,,17.9,19.0,0.145,19.5,0.102,3.45,icon_d2
2026-08-01,W0864,52.7527,10.3954,0.0,,17.7,19.0,0.145,19.5,0.102,3.46,icon_d2
2026-08-01,W0865,52.7527,10.4249,0.0,,17.7,19.0,0.145,19.5,0.102,3.42,icon_d2
2026-08-01,W0866,52.7527,10.4545,0.0,,17.9,19.0,0.145,19.5,0.102,3.37,icon_d2
2026-08-01,W0867,52.7527,10.484,0.0,,17.8,19.0,0.145,19.5,0.102,3.36,icon_d2
2026-08-01,W0868,52.7527,10.5135,0.0,,18.1,19.0,0.145,19.5,0.102,3.47,icon_d2
2026-08-01,W0869,52.7527,10.5431,0.0,,18.0,19.7,0.129,19.9,0.042,3.5,icon_d2
2026-08-01,W0870,52.7527,10.5726,0.0,,18.0,19.7,0.129,19.9,0.042,3.48,icon_d2
2026-08-01,W0871,52.7527,10.6021,0.0,,18.1,19.7,0.129,19.9,0.042,3.48,icon_d2
2026-08-01,W0872,52.7527,10.7203,0.0,,18.3,19.7,0.157,20.1,0.072,3.56,icon_d2
2026-08-01,W0873,52.7527,10.7498,0.0,,18.3,19.7,0.157,20.1,0.072,3.56,icon_d2
2026-08-01,W0874,52.7527,10.7794,0.0,,18.5,19.7,0.157,20.1,0.072,3.64,icon_d2
2026-08-01,W0875,52.7527,10.8089,0.0,,18.3,19.7,0.157,20.1,0.072,3.63,icon_d2
2026-08-01,W0876,52.7527,10.8384,0.0,,18.7,19.7,0.157,20.1,0.072,3.72,icon_d2
2026-08-01,W0877,52.7527,10.868,0.0,,18.7,19.7,0.157,20.1,0.072,3.64,icon_d2
2026-08-01,W0878,52.7527,10.8975,0.0,,19.1,20.4,0.201,20.5,0.129,3.77,icon_d2
2026-08-01,W0879,52.7527,10.9271,0.0,,19.1,20.4,0.201,20.5,0.129,3.77,icon_d2
2026-08-01,W0880,52.7527,10.9566,0.0,,18.9,20.4,0.201,20.5,0.129,3.68,icon_d2
2026-08-01,W0881,52.7527,10.9861,0.0,,18.8,20.4,0.201,20.5,0.129,3.66,icon_d2
2026-08-01,W0882,52.7527,11.0157,0.0,,18.5,20.4,0.201,20.5,0.129,3.67,icon_d2
2026-08-01,W0883,52.7527,11.0452,0.0,,19.0,21.6,0.147,21.6,0.114,3.81,icon_d2
2026-08-01,W0884,52.7527,11.0747,0.0,,19.2,21.6,0.147,21.6,0.114,3.87,icon_d2
2026-08-01,W0885,52.7527,11.1338,0.1,,19.1,21.6,0.147,21.6,0.114,3.89,icon_d2
2026-08-01,W0886,52.7707,10.1,0.0,,17.8,19.1,0.143,19.3,0.134,3.57,icon_d2
2026-08-01,W0887,52.7707,10.1295,0.0,,17.7,19.1,0.143,19.3,0.134,3.57,icon_d2
2026-08-01,W0888,52.7707,10.1591,0.0,,17.5,19.1,0.143,19.3,0.134,3.54,icon_d2
2026-08-01,W0889,52.7707,10.1886,0.0,,17.7,19.1,0.143,19.3,0.134,3.55,icon_d2
2026-08-01,W0890,52.7707,10.2182,0.0,,17.7,19.0,0.131,19.2,0.115,3.66,icon_d2
2026-08-01,W0891,52.7707,10.2477,0.0,,17.9,19.0,0.131,19.2,0.115,3.67,icon_d2
2026-08-01,W0892,52.7707,10.2772,0.0,,17.9,19.0,0.131,19.2,0.115,3.58,icon_d2
2026-08-01,W0893,52.7707,10.3068,0.0,,17.8,19.0,0.131,19.2,0.115,3.57,icon_d2
2026-08-01,W0894,52.7707,10.3363,0.0,,17.8,19.0,0.131,19.2,0.115,3.55,icon_d2
2026-08-01,W0895,52.7707,10.3658,0.0,,17.8,19.0,0.145,19.5,0.102,3.55,icon_d2
2026-08-01,W0896,52.7707,10.3954,0.0,,17.6,19.0,0.145,19.5,0.102,3.45,icon_d2
2026-08-01,W0897,52.7707,10.4249,0.0,,17.6,19.0,0.145,19.5,0.102,3.45,icon_d2
2026-08-01,W0898,52.7707,10.4545,0.0,,17.7,19.0,0.145,19.5,0.102,3.41,icon_d2
2026-08-01,W0899,52.7707,10.484,0.0,,17.6,19.0,0.145,19.5,0.102,3.36,icon_d2
2026-08-01,W0900,52.7707,10.5135,0.0,,17.9,19.0,0.145,19.5,0.102,3.42,icon_d2
2026-08-01,W0901,52.7707,10.5431,0.0,,17.7,19.7,0.129,19.9,0.042,3.44,icon_d2
2026-08-01,W0902,52.7707,10.5726,0.0,,18.0,19.7,0.129,19.9,0.042,3.47,icon_d2
2026-08-01,W0903,52.7707,10.6021,0.0,,18.1,19.7,0.129,19.9,0.042,3.5,icon_d2
2026-08-01,W0904,52.7707,10.6317,0.0,,18.2,19.7,0.129,19.9,0.042,3.52,icon_d2
2026-08-01,W0905,52.7707,10.6612,0.0,,18.1,19.7,0.129,19.9,0.042,3.52,icon_d2
2026-08-01,W0906,52.7707,10.6908,0.0,,18.3,19.7,0.129,19.9,0.042,3.6,icon_d2
2026-08-01,W0907,52.7707,10.7203,0.0,,18.2,19.7,0.157,20.1,0.072,3.51,icon_d2
2026-08-01,W0908,52.7707,10.7498,0.0,,18.3,19.7,0.157,20.1,0.072,3.52,icon_d2
2026-08-01,W0909,52.7707,10.7794,0.0,,18.4,19.7,0.157,20.1,0.072,3.51,icon_d2
2026-08-01,W0910,52.7707,10.8089,0.0,,18.7,19.7,0.157,20.1,0.072,3.68,icon_d2
2026-08-01,W0911,52.7707,10.8384,0.0,,18.7,19.7,0.157,20.1,0.072,3.68,icon_d2
2026-08-01,W0912,52.7707,10.868,0.0,,18.6,19.7,0.157,20.1,0.072,3.64,icon_d2
2026-08-01,W0913,52.7707,10.8975,0.0,,18.6,20.4,0.201,20.5,0.129,3.63,icon_d2
2026-08-01,W0914,52.7707,10.9271,0.0,,18.9,20.4,0.201,20.5,0.129,3.7,icon_d2
2026-08-01,W0915,52.7707,10.9566,0.0,,18.8,20.4,0.201,20.5,0.129,3.68,icon_d2
2026-08-01,W0916,52.7707,10.9861,0.0,,18.6,20.4,0.201,20.5,0.129,3.7,icon_d2
2026-08-01,W0917,52.7707,11.0157,0.0,,18.8,20.4,0.201,20.5,0.129,3.75,icon_d2
2026-08-01,W0918,52.7707,11.0452,0.0,,18.8,21.6,0.147,21.6,0.114,3.76,icon_d2
2026-08-01,W0919,52.7887,10.1,0.0,,17.7,19.1,0.143,19.3,0.134,3.57,icon_d2
2026-08-01,W0920,52.7887,10.1295,0.0,,17.7,19.1,0.143,19.3,0.134,3.57,icon_d2
2026-08-01,W0921,52.7887,10.1591,0.0,,17.5,19.4,0.112,19.7,0.095,3.54,icon_d2
2026-08-01,W0922,52.7887,10.1886,0.0,,17.6,19.4,0.112,19.7,0.095,3.54,icon_d2
2026-08-01,W0923,52.7887,10.2182,0.0,,17.6,19.0,0.131,19.2,0.115,3.65,icon_d2
2026-08-01,W0924,52.7887,10.2477,0.0,,17.8,19.0,0.131,19.2,0.115,3.66,icon_d2
2026-08-01,W0925,52.7887,10.2772,0.0,,17.8,19.0,0.131,19.2,0.115,3.58,icon_d2
2026-08-01,W0926,52.7887,10.3068,0.0,,17.8,19.0,0.131,19.2,0.115,3.57,icon_d2
2026-08-01,W0927,52.7887,10.3363,0.0,,17.6,19.4,0.137,19.7,0.106,3.54,icon_d2
2026-08-01,W0928,52.7887,10.3658,0.0,,17.8,19.4,0.137,19.7,0.106,3.55,icon_d2
2026-08-01,W0929,52.7887,10.3954,0.0,,17.6,19.0,0.145,19.5,0.102,3.45,icon_d2
2026-08-01,W0930,52.7887,10.4249,0.0,,17.6,19.0,0.145,19.5,0.102,3.45,icon_d2
2026-08-01,W0931,52.7887,10.4545,0.0,,17.6,19.0,0.145,19.5,0.102,3.4,icon_d2
2026-08-01,W0932,52.7887,10.484,0.0,,17.5,18.7,0.203,19.3,0.166,3.35,icon_d2
2026-08-01,W0933,52.7887,10.5135,0.0,,17.9,18.7,0.203,19.3,0.166,3.42,icon_d2
2026-08-01,W0934,52.7887,10.5431,0.0,,17.9,19.7,0.129,19.9,0.042,3.45,icon_d2
2026-08-01,W0935,52.7887,10.5726,0.0,,17.9,19.7,0.129,19.9,0.042,3.46,icon_d2
2026-08-01,W0936,52.7887,10.6021,0.0,,18.2,19.7,0.129,19.9,0.042,3.51,icon_d2
2026-08-01,W0937,52.7887,10.6612,0.0,,18.2,19.6,0.133,20.2,0.036,3.53,icon_d2
2026-08-01,W0938,52.7887,10.6908,0.0,,18.3,19.6,0.133,20.2,0.036,3.6,icon_d2
2026-08-01,W0939,52.7887,10.7203,0.0,,18.3,19.7,0.157,20.1,0.072,3.52,icon_d2
2026-08-01,W0940,52.7887,10.7498,0.0,,18.3,19.7,0.157,20.1,0.072,3.52,icon_d2
2026-08-01,W0941,52.7887,10.7794,0.0,,18.4,19.7,0.157,20.1,0.072,3.51,icon_d2
2026-08-01,W0942,52.7887,10.8089,0.0,,18.5,19.7,0.157,20.1,0.072,3.66,icon_d2
2026-08-01,W0943,52.7887,10.8384,0.0,,18.8,20.1,0.135,20.8,0.058,3.69,icon_d2
2026-08-01,W0944,52.7887,10.868,0.0,,18.7,20.1,0.135,20.8,0.058,3.65,icon_d2
2026-08-01,W0945,52.7887,10.8975,0.0,,18.8,20.4,0.201,20.5,0.129,3.65,icon_d2
2026-08-01,W0946,52.7887,10.9271,0.0,,18.8,20.4,0.201,20.5,0.129,3.69,icon_d2
2026-08-01,W0947,52.7887,10.9566,0.0,,18.6,20.4,0.201,20.5,0.129,3.67,icon_d2
2026-08-01,W0948,52.7887,11.0157,0.0,,18.9,21.0,0.195,21.3,0.13,3.76,icon_d2
2026-08-01,W0949,52.7887,11.0452,0.0,,19.0,21.0,0.195,21.3,0.13,3.77,icon_d2
2026-08-01,W0950,52.7887,11.0747,0.0,,19.1,21.6,0.147,21.6,0.114,3.86,icon_d2
2026-08-01,W0951,52.7887,11.1043,0.0,,19.0,21.6,0.147,21.6,0.114,3.81,icon_d2
2026-08-01,W0952,52.7887,11.1338,0.0,,19.3,21.6,0.147,21.6,0.114,3.79,icon_d2
2026-08-01,W0953,52.8068,10.1,0.0,,17.8,19.4,0.112,19.7,0.095,3.54,icon_d2
2026-08-01,W0954,52.8068,10.1295,0.0,,17.6,19.4,0.112,19.7,0.095,3.53,icon_d2
2026-08-01,W0955,52.8068,10.1591,0.0,,17.4,19.4,0.112,19.7,0.095,3.52,icon_d2
2026-08-01,W0956,52.8068,10.1886,0.0,,17.4,19.4,0.112,19.7,0.095,3.53,icon_d2
2026-08-01,W0957,52.8068,10.2182,0.0,,17.7,19.0,0.131,19.2,0.115,3.66,icon_d2
2026-08-01,W0958,52.8068,10.2477,0.0,,17.6,19.4,0.137,19.7,0.106,3.65,icon_d2
2026-08-01,W0959,52.8068,10.2772,0.0,,17.8,19.4,0.137,19.7,0.106,3.67,icon_d2
2026-08-01,W0960,52.8068,10.3068,0.0,,17.6,19.4,0.137,19.7,0.106,3.57,icon_d2
2026-08-01,W0961,52.8068,10.3363,0.0,,17.5,19.4,0.137,19.7,0.106,3.65,icon_d2
2026-08-01,W0962,52.8068,10.3658,0.0,,17.5,19.4,0.137,19.7,0.106,3.62,icon_d2
2026-08-01,W0963,52.8068,10.3954,0.0,,17.6,19.0,0.145,19.5,0.102,3.52,icon_d2
2026-08-01,W0964,52.8068,10.4249,0.0,,17.5,18.7,0.203,19.3,0.166,3.42,icon_d2
2026-08-01,W0965,52.8068,10.4545,0.0,,17.5,18.7,0.203,19.3,0.166,3.35,icon_d2
2026-08-01,W0966,52.8068,10.484,0.0,,17.6,18.7,0.203,19.3,0.166,3.33,icon_d2
2026-08-01,W0967,52.8068,10.5135,0.0,,17.9,18.7,0.203,19.3,0.166,3.43,icon_d2
2026-08-01,W0968,52.8068,10.5431,0.0,,18.0,18.7,0.203,19.3,0.166,3.45,icon_d2
2026-08-01,W0969,52.8068,10.5726,0.0,,18.0,19.7,0.129,19.9,0.042,3.46,icon_d2
2026-08-01,W0970,52.8068,10.6021,0.0,,17.9,19.6,0.133,20.2,0.036,3.45,icon_d2
2026-08-01,W0971,52.8068,10.6317,0.0,,18.1,19.6,0.133,20.2,0.036,3.56,icon_d2
2026-08-01,W0972,52.8068,10.6612,0.0,,18.1,19.6,0.133,20.2,0.036,3.55,icon_d2
2026-08-01,W0973,52.8068,10.6908,0.0,,18.4,19.6,0.133,20.2,0.036,3.53,icon_d2
2026-08-01,W0974,52.8068,10.7203,0.0,,18.3,19.7,0.157,20.1,0.072,3.53,icon_d2
2026-08-01,W0975,52.8068,10.7498,0.0,,18.2,19.7,0.157,20.1,0.072,3.45,icon_d2
2026-08-01,W0976,52.8068,10.7794,0.0,,18.5,20.1,0.135,20.8,0.058,3.5,icon_d2
2026-08-01,W0977,52.8068,10.8089,0.0,,18.2,20.1,0.135,20.8,0.058,3.51,icon_d2
2026-08-01,W0978,52.8068,10.868,0.0,,18.6,20.1,0.135,20.8,0.058,3.79,icon_d2
2026-08-01,W0979,52.8068,10.8975,0.0,,18.7,20.4,0.201,20.5,0.129,3.8,icon_d2
2026-08-01,W0980,52.8068,10.9566,0.0,,18.8,21.0,0.195,21.3,0.13,3.74,icon_d2
2026-08-01,W0981,52.8068,11.0452,0.0,,19.0,21.0,0.195,21.3,0.13,3.81,icon_d2
2026-08-01,W0982,52.8068,11.0747,0.0,,19.0,21.6,0.147,21.6,0.114,3.8,icon_d2
2026-08-01,W0983,52.8068,11.1043,0.0,,19.0,22.1,0.136,22.4,0.131,3.76,icon_d2
2026-08-01,W0984,52.8068,11.1338,0.0,,19.1,22.1,0.136,22.4,0.131,3.78,icon_d2
2026-08-01,W0985,52.8248,10.1,0.0,,17.6,19.4,0.112,19.7,0.095,3.47,icon_d2
2026-08-01,W0986,52.8248,10.1295,0.0,,17.5,19.4,0.112,19.7,0.095,3.45,icon_d2
2026-08-01,W0987,52.8248,10.1591,0.0,,17.4,19.4,0.112,19.7,0.095,3.48,icon_d2
2026-08-01,W0988,52.8248,10.1886,0.0,,17.4,19.4,0.112,19.7,0.095,3.49,icon_d2
2026-08-01,W0989,52.8248,10.2182,0.0,,17.7,19.4,0.137,19.7,0.106,3.53,icon_d2
2026-08-01,W0990,52.8248,10.2477,0.0,,17.6,19.4,0.137,19.7,0.106,3.63,icon_d2
2026-08-01,W0991,52.8248,10.2772,0.0,,17.3,19.4,0.137,19.7,0.106,3.51,icon_d2
2026-08-01,W0992,52.8248,10.3068,0.0,,17.4,19.4,0.137,19.7,0.106,3.52,icon_d2
2026-08-01,W0993,52.8248,10.3363,0.0,,17.5,19.4,0.137,19.7,0.106,3.65,icon_d2
2026-08-01,W0994,52.8248,10.3658,0.0,,17.4,19.4,0.137,19.7,0.106,3.65,icon_d2
2026-08-01,W0995,52.8248,10.3954,0.0,,17.4,18.7,0.203,19.3,0.166,3.46,icon_d2
2026-08-01,W0996,52.8248,10.4249,0.0,,17.4,18.7,0.203,19.3,0.166,3.37,icon_d2
2026-08-01,W0997,52.8248,10.4545,0.0,,17.5,18.7,0.203,19.3,0.166,3.32,icon_d2
2026-08-01,W0998,52.8248,10.484,0.0,,17.4,18.7,0.203,19.3,0.166,3.31,icon_d2
2026-08-01,W0999,52.8248,10.5135,0.0,,17.6,18.7,0.203,19.3,0.166,3.36,icon_d2
2026-08-01,W1000,52.8248,10.5431,0.0,,17.9,18.7,0.203,19.3,0.166,3.44,icon_d2
2026-08-01,W1001,52.8248,10.5726,0.0,,17.8,19.6,0.133,20.2,0.036,3.47,icon_d2
2026-08-01,W1002,52.8248,10.6021,0.0,,18.0,19.6,0.133,20.2,0.036,3.5,icon_d2
2026-08-01,W1003,52.8248,10.6317,0.0,,18.2,19.6,0.133,20.2,0.036,3.56,icon_d2
2026-08-01,W1004,52.8248,10.7203,0.0,,18.2,19.6,0.133,20.2,0.036,3.59,icon_d2
2026-08-01,W1005,52.8248,10.7498,0.0,,18.3,20.1,0.135,20.8,0.058,3.58,icon_d2
2026-08-01,W1006,52.8248,10.7794,0.0,,18.6,20.1,0.135,20.8,0.058,3.61,icon_d2
2026-08-01,W1007,52.8248,10.8089,0.0,,18.6,20.1,0.135,20.8,0.058,3.61,icon_d2
2026-08-01,W1008,52.8248,10.868,0.0,,18.7,20.1,0.135,20.8,0.058,3.8,icon_d2
2026-08-01,W1009,52.8248,10.8975,0.0,,18.7,21.0,0.195,21.3,0.13,3.83,icon_d2
2026-08-01,W1010,52.8248,10.9271,0.0,,18.8,21.0,0.195,21.3,0.13,3.79,icon_d2
2026-08-01,W1011,52.8248,10.9566,0.0,,18.8,21.0,0.195,21.3,0.13,3.76,icon_d2
2026-08-01,W1012,52.8248,10.9861,0.0,,18.9,21.0,0.195,21.3,0.13,3.77,icon_d2
2026-08-01,W1013,52.8248,11.0452,0.0,,18.8,21.0,0.195,21.3,0.13,3.7,icon_d2
2026-08-01,W1014,52.8248,11.1043,0.0,,19.1,22.1,0.136,22.4,0.131,3.79,icon_d2
2026-08-01,W1015,52.8248,11.1338,0.0,,19.3,22.1,0.136,22.4,0.131,3.74,icon_d2
2026-08-01,W1016,52.8428,10.1,0.0,,17.5,19.4,0.112,19.7,0.095,3.47,icon_d2
2026-08-01,W1017,52.8428,10.1295,0.0,,17.4,19.4,0.112,19.7,0.095,3.46,icon_d2
2026-08-01,W1018,52.8428,10.1591,0.0,,17.4,19.4,0.112,19.7,0.095,3.45,icon_d2
2026-08-01,W1019,52.8428,10.1886,0.0,,17.4,19.4,0.112,19.7,0.095,3.48,icon_d2
2026-08-01,W1020,52.8428,10.2182,0.0,,17.4,19.4,0.137,19.7,0.106,3.51,icon_d2
2026-08-01,W1021,52.8428,10.2477,0.0,,17.3,19.4,0.137,19.7,0.106,3.5,icon_d2
2026-08-01,W1022,52.8428,10.2772,0.0,,17.5,19.4,0.137,19.7,0.106,3.48,icon_d2
2026-08-01,W1023,52.8428,10.3068,0.0,,17.6,19.4,0.137,19.7,0.106,3.49,icon_d2
2026-08-01,W1024,52.8428,10.3363,0.0,,17.6,19.4,0.137,19.7,0.106,3.5,icon_d2
2026-08-01,W1025,52.8428,10.3658,0.0,,17.4,19.4,0.137,19.7,0.106,3.37,icon_d2
2026-08-01,W1026,52.8428,10.3954,0.0,,17.4,18.7,0.203,19.3,0.166,3.37,icon_d2
2026-08-01,W1027,52.8428,10.4249,0.0,,17.5,18.7,0.203,19.3,0.166,3.37,icon_d2
2026-08-01,W1028,52.8428,10.4545,0.0,,17.5,18.7,0.203,19.3,0.166,3.45,icon_d2
2026-08-01,W1029,52.8428,10.484,0.0,,17.6,18.7,0.203,19.3,0.166,3.4,icon_d2
2026-08-01,W1030,52.8428,10.5135,0.0,,17.6,18.7,0.203,19.3,0.166,3.37,icon_d2
2026-08-01,W1031,52.8428,10.5431,0.0,,17.8,18.7,0.203,19.3,0.166,3.45,icon_d2
2026-08-01,W1032,52.8428,10.5726,0.0,,18.0,19.6,0.133,20.2,0.036,3.49,icon_d2
2026-08-01,W1033,52.8428,10.6021,0.0,,18.0,19.6,0.133,20.2,0.036,3.49,icon_d2
2026-08-01,W1034,52.8428,10.6317,0.0,,18.1,19.6,0.133,20.2,0.036,3.54,icon_d2
2026-08-01,W1035,52.8428,10.6612,0.0,,18.0,19.6,0.133,20.2,0.036,3.45,icon_d2
2026-08-01,W1036,52.8428,10.7203,0.0,,18.0,19.6,0.133,20.2,0.036,3.58,icon_d2
2026-08-01,W1037,52.8428,10.7498,0.0,,18.0,20.1,0.135,20.8,0.058,3.57,icon_d2
2026-08-01,W1038,52.8428,10.7794,0.0,,18.3,20.1,0.135,20.8,0.058,3.59,icon_d2
2026-08-01,W1039,52.8428,10.8089,0.0,,18.1,20.1,0.135,20.8,0.058,3.57,icon_d2
2026-08-01,W1040,52.8428,10.8384,0.0,,18.6,20.1,0.135,20.8,0.058,3.74,icon_d2
2026-08-01,W1041,52.8428,10.868,0.0,,18.8,20.1,0.135,20.8,0.058,3.8,icon_d2
2026-08-01,W1042,52.8428,10.8975,0.0,,18.8,21.0,0.195,21.3,0.13,3.81,icon_d2
2026-08-01,W1043,52.8428,10.9271,0.0,,18.8,21.0,0.195,21.3,0.13,3.81,icon_d2
2026-08-01,W1044,52.8428,10.9566,0.0,,18.9,21.0,0.195,21.3,0.13,3.79,icon_d2
2026-08-01,W1045,52.8428,10.9861,0.0,,19.0,21.0,0.195,21.3,0.13,3.77,icon_d2
2026-08-01,W1046,52.8428,11.0747,0.1,,19.3,22.1,0.136,22.4,0.131,3.78,icon_d2
